product_id,product_name,category,sub_category,brand,base_price,cost_price,product_rating,return_eligible,seller_id
50001,Fast&Up Medical Mini 9,Health,Medical Devices,FAST&UP,223.76,101.08,4.07,Yes,7111
50002,MRF Badminton Flex 4,Sports,Badminton,MRF,8460.19,6038.29,4.81,Yes,7867
50003,TITAN Men Elite 6,Fashion,Men Clothing,TITAN,49117.27,24827.04,2.55,Yes,8588
50004,HUL Staples Smart 8,Grocery,Staples,HUL,254075.46,169524.58,3.03,Yes,8106
50006,Dabur Fruits Plus 4,Grocery,Fruits Vegetables,DABUR,18023.6,11093.77,2.85,Yes,8488
50007,Cosco Yoga Air 6,Sports,Yoga,COSCO,3059.9,2028.22,4.58,Yes,8266
50008,Shell Tools Edge 4,Automotive,Tools,SHELL,12838.47,6015.0,4.16,Yes,8874
50009,Mattel Remote Plus 3,Toys,Remote Control,MATTEL,525.13,360.33,3.04,No,7638
50010,Dabur Supplements Neo 4,Health,Supplements,DABUR,6487856.02,4187009.18,3.02,Yes,7610
50011,Michelin Lubricants Premium 1,Automotive,Lubricants,MICHELIN,266304.59,213043.67200000002,2.88,Yes,8492
50012,Nestle Fruits Plus 9,Grocery,Fruits Vegetables,NESTLE,43607.86,28387.22,3.29,No,8863
50013,Maybelline Skincare Neo 7,Beauty,Skincare,MAYBELLINE,172064.55,104486.35,4.09,Yes,8312
50014,Cosco Fitness Elite 2,Sports,Fitness Equipment,COSCO,18589.98,11566.72,4.01,Yes,8820
50015,Vega Car Plus 4,Automotive,Car Accessories,VEGA,46299.9,21579.5,4.05,Yes,7923
50016,Cipla Ayurveda Neo 9,Health,Ayurveda,CIPLA,10266.62,4549.23,4.62,Yes,8477
50017,Milton Furniture Edge 5,Home Kitchen,Furniture,MILTON,157474.47,90557.19,3.1,Yes,8507
50018,Muscleblaze Vitamins Mini 7,Health,Vitamins,MUSCLEBLAZE,2030.19,1436.66,3.31,Yes,7794
50019,S.Chand Children Air 5,Books,Children Books,S.CHAND,92327.07,59358.6,2.67,Yes,8542
50020,Castrol Car Edge 9,Automotive,Car Accessories,CASTROL,1846.18,1033.64,2.65,Yes,8601
50021,Cosco Badminton Mini 7,Sports,Badminton,COSCO,4026.54,1727.56,4.11,Yes,8692
50022,Orient Decor X 1,Home Kitchen,Decor,ORIENT,7697.4,5252.51,2.64,No,7558
50023,Nike Sports Shoes Pro,Beauty,Skincare,NIVEA,70789.16,32739.37,3.28,No,8897
50024,HarperCollins Non X 5,Books,Non Fiction,HARPERCOLLINS,32666.03,21978.61,4.56,Yes,8364
50025,Orient Bedding Ultra 5,Home Kitchen,Bedding,ORIENT,13445.8,6090.62,4.03,Yes,7088
50026,Gillette Fragrances Smart 5,Beauty,Fragrances,GILLETTE,2415.58,1601.34,3.3,No,8870
50027,Havells Lighting Elite 1,Home Kitchen,Lighting,HAVELLS,1071.62,753.7,4.9,Yes,7143
50028,LG Headphones Edge 8,Electronics,Headphones,LG,921.85,563.78,4.56,Yes,7447
50029,Decathlon Cycling Plus 8,Sports,Cycling,DECATHLON,1060.16,487.3,4.47,Yes,8300
50030,Ok Play Soft Neo 6,Toys,Soft Toys,OK PLAY,137286.75,89053.86,4.51,Yes,8518
50031,Vivo Cameras Pro 4,Electronics,Cameras,VIVO,4846.4,3418.68,3.76,Yes,8638
50032,Usha Storage Air 8,Home Kitchen,Storage,USHA,43565.45,24309.11,3.77,Yes,8973
50034,Biotique Makeup Mini 9,Beauty,Makeup,BIOTIQUE,15689.04,7743.61,2.66,No,7285
50035,Lego Board Lite 2,Toys,Board Games,LEGO,9426.18,3894.38,4.42,Yes,7427
50036,Michelin Lubricants Max 6,Automotive,Lubricants,MICHELIN,3135.6,1855.63,2.56,Yes,8994
50037,Usha Cookware Neo 7,Home Kitchen,Cookware,USHA,194.39,125.28,3.51,Yes,7209
50038,Vivo Smart Elite 1,Electronics,Smart Tvs,VIVO,3196.21,1731.75,3.22,Yes,8369
50039,Bosch Tools Flex 7,Automotive,Tools,BOSCH,2739.05,2191.2400000000002,4.29,Yes,8980
50040,Pigeon Bedding Smart 4,Home Kitchen,Bedding,PIGEON,605.83,276.77,3.38,Yes,7630
50041,webby Educational Edge 7,Toys,Educational,WEBBY,71301.91,40826.09,4.23,Yes,8915
50042,Bosch Tyres Premium 5,Automotive,Tyres,BOSCH,10144.47,4718.58,2.71,No,8622
50043,Scholastic Non Max 1,Books,Non Fiction,SCHOLASTIC,2099.51,1425.84,2.71,Yes,7688
50044,Lego Remote Plus 7,Toys,Remote Control,LEGO,248995.72,140930.11,3.93,Yes,7932
50045,Vivo Mobiles Neo 7,Electronics,Mobiles,VIVO,2816.23,1640.68,2.55,Yes,7697
50046,Borosil Lighting Pro 1,Home Kitchen,Lighting,BOROSIL,241.52,157.26,4.29,Yes,7918
50047,Nikon Headphones X 9,Electronics,Headphones,NIKON,247021.89,152363.33,3.22,Yes,7828
50048,Maybelline Makeup Air 2,Beauty,Makeup,MAYBELLINE,137034.93,77081.5,4.58,No,8258
50049,HarperCollins Self Smart 7,Books,Self Help,HARPERCOLLINS,240.02,137.48,4.89,No,8347
50050,Bajaj Storage Air 1,Home Kitchen,Storage,BAJAJ,429.61,209.77,3.37,Yes,7460
50051,MRF Swimming Mini 8,Sports,Swimming,MRF,4264.83,2186.36,2.78,Yes,8805
50052,Nestle Personal Lite 5,Grocery,Personal Care,NESTLE,29107.29,12459.71,3.75,Yes,7423
50053,Parle Beverages Max 5,Grocery,Beverages,PARLE,3164.25,1720.85,4.12,Yes,8819
50054,Cipla Protein Pro 3,Health,Unknown,CIPLA,78069.84,47795.75,3.4,No,8623
50055,Dabur Dairy Elite 5,Grocery,Dairy,DABUR,45056.54,23289.97,4.37,Yes,7753
50056,Tata Fruits Lite 7,Grocery,Fruits Vegetables,TATA,6686.52,4727.88,4.3,Yes,8053
50057,Steelbird Tools Elite 5,Automotive,Tools,STEELBIRD,102012.18,70043.07,3.6,Yes,8354
50058,Xiaomi Tablets Neo 8,Electronics,Tablets,XIAOMI,43915.16,17917.21,4.64,No,8239
50059,Xiaomi Tablets Active 3,Electronics,Tablets,XIAOMI,49145.75,20340.0,3.99,Yes,8351
50060,P&G Snacks Neo 8,Grocery,Snacks,P&G,14446.49,7729.36,3.06,Yes,7563
50062,H&M Footwear Active 9,Fashion,Footwear,H&M,16489.1,6763.7,4.06,Yes,8472
50063,Cipla Vitamins Ultra 8,Health,Vitamins,CIPLA,37219.98,19050.69,4.15,Yes,8031
50064,Woodland Watches Active 4,Fashion,Watches,WOODLAND,324.48,200.28,3.77,Yes,8644
50065,Funskool Soft X 4,Toys,Soft Toys,FUNSKOOL,53946.76,35481.63,3.33,Yes,8584
50066,Louis Philippe Bags Smart 7,Fashion,Bags,LOUIS PHILIPPE,15968.58,7469.6,3.93,No,8210
50067,Parle Fruits Ultra 3,Grocery,Fruits Vegetables,PARLE,49989.19,26179.79,2.64,Yes,8336
50068,OnePlus Laptops X 1,Electronics,Laptops,ONEPLUS,18957.69,7696.47,3.81,Yes,7790
50069,Asus Smartwatches X 9,Electronics,Smartwatches,ASUS,506.5,290.74,2.97,Yes,7367
50070,Van Heusen Bags Neo 7,Fashion,Bags,VAN HEUSEN,4118.5,2274.72,3.91,No,8650
50071,Acer Cameras Lite 2,Electronics,Cameras,ACER,3263.49,1666.93,3.35,No,8614
50072,3M Tyres X 1,Automotive,Tyres,3M,36796.22,24530.55,4.74,Yes,8663
50073,Funskool Remote Flex 7,Toys,Remote Control,FUNSKOOL,13859.5,9509.72,3.0,Yes,8964
50074,Cipla Supplements Ultra 4,Health,Supplements,CIPLA,584.0,361.76,4.66,Yes,7258
50075,Oxford Academic Neo 4,Books,Academic,OXFORD,255.23,115.61,3.88,No,7045
50076,Healthkart Vitamins Mini 8,Health,Vitamins,HEALTHKART,4383.83,2967.9,2.51,No,8875
50077,Amul Personal Air 7,Grocery,Personal Care,AMUL,46022.1,20539.82,2.54,No,8387
50078,Fast&Up Vitamins Flex 4,Health,Vitamins,FAST&UP,13705.87,6637.51,4.91,No,8707
50079,Muscleblaze First Edge 9,Health,First Aid,MUSCLEBLAZE,2816.31,1211.61,3.24,Yes,7710
50080,Sony Tablets Edge 6,Electronics,Tablets,SONY,225499.79,141552.15,2.62,Yes,7200
50081,SG Swimming Edge 5,Sports,Swimming,SG,390.91,281.3,2.99,Yes,7529
50082,Nestle Staples Ultra 7,Grocery,Staples,NESTLE,169.45,121.08,4.44,Yes,8276
50083,Nivia Cycling Edge 5,Sports,Cycling,NIVIA,67396.98,47177.88599999999,4.33,Yes,7308
50084,Steelbird Tyres Ultra 6,Automotive,Tyres,STEELBIRD,772.19,544.72,3.14,Yes,8378
50085,S.Chand Children Air 8,Books,Children Books,S.CHAND,3288.2,2323.01,2.61,Yes,8068
50086,Samsung Galaxy M35 5G,Sports,Fitness Equipment,SPEEDO,2818.25,1492.23,4.94,Yes,8182
50087,Funskool Puzzles Mini 3,Toys,Puzzles,FUNSKOOL,52566.51,22798.31,3.02,No,7212
50088,Decathlon Cricket Mini 3,Sports,Cricket,DECATHLON,169021.48,100444.81,3.1,Yes,8673
50089,Samsung Gaming Active 4,Electronics,Gaming,SAMSUNG,3631.32,1567.11,3.12,Yes,8499
50090,Abbott Vitamins Premium 3,Health,Vitamins,ABBOTT,3945.47,1597.97,2.88,Yes,7652
50091,Fastrack Sunglasses Neo 7,Fashion,Sunglasses,FASTRACK,158157.76,91981.25,3.9,Yes,7964
50092,Dove Fragrances Edge 4,Beauty,Fragrances,DOVE,2164.86,1150.08,2.52,Yes,7705
50093,Nike Sports Shoes Pro,Sports,Cricket,REEBOK,10245.41,7187.58,3.96,Yes,7303
50094,Orient Decor Mini 8,Home Kitchen,Decor,ORIENT,221952.85,108957.89,3.1,Yes,7192
50095,Puma Women Mini 5,Fashion,Women Clothing,PUMA,28073.13,16687.35,2.84,Yes,8677
50096,Lego Soft Plus 3,Toys,Soft Toys,LEGO,2174.49,1375.52,3.42,Yes,7529
50097,Boat Smart Pro 3,Electronics,Smart Tvs,BOAT,3571.37,2548.22,3.95,No,8918
50098,Dove Fragrances Premium 9,Beauty,Fragrances,DOVE,757.22,445.58,3.4,Yes,7984
50099,Cipla Vitamins Ultra 4,Health,Vitamins,CIPLA,716.74,301.64,4.44,Yes,7218
50100,Shell Tools Flex 7,Automotive,Tools,SHELL,51016.59,32335.32,3.02,Yes,7490
50101,Himalaya Supplements Ultra 2,Health,Supplements,HIMALAYA,4340.15,1922.96,3.5,No,8909
50102,Van Heusen Bags Pro 1,Fashion,Bags,VAN HEUSEN,1515.57,826.71,2.78,No,8871
50103,Abbott Protein Mini 8,Health,Protein,ABBOTT,311.78,201.27,4.68,No,7620
50104,Abbott Vitamins Air 3,Health,Vitamins,ABBOTT,2551.1,1277.46,4.2,Yes,7842
50105,Apple Accessories Edge 7,Electronics,Accessories,APPLE,52838.62,36827.5,2.52,Yes,8379
50106,Cipla Medical Lite 3,Health,Medical Devices,CIPLA,2198.79,1371.55,3.1,Yes,8842
50107,Muscleblaze Vitamins Air 3,Health,Vitamins,MUSCLEBLAZE,53325.54,27396.97,2.93,Yes,8295
50108,Mattel Board Lite 4,Toys,Board Games,MATTEL,2390.33,1094.11,4.99,No,8518
50109,Reebok Swimming Ultra 5,Sports,Swimming,REEBOK,196.38,106.15,3.36,Yes,8402
50110,Hasbro Soft Air 2,Toys,Soft Toys,HASBRO,1398.8,701.81,3.95,No,7152
50111,Borosil Furniture Lite 6,Home Kitchen,Furniture,BOROSIL,449.38,200.76,3.85,Yes,7606
50112,Castrol Lubricants Mini 4,Automotive,Lubricants,CASTROL,3465.61,2111.56,3.35,Yes,7540
50113,Shell Lubricants Elite 6,Automotive,Lubricants,SHELL,7072.46,4915.38,3.46,Yes,8616
50114,Webby Puzzles Ultra 8,Toys,Puzzles,WEBBY,2490.42,1293.81,3.53,Yes,8917
50115,Himalaya First Lite 8,Health,First Aid,HIMALAYA,28008.48,17601.14,4.66,Yes,8546
50116,Steelbird Tyres Air 9,Automotive,Tyres,STEELBIRD,18832.71,12862.53,3.27,Yes,8255
50117,Prestige Storage Air 1,Home Kitchen,Storage,PRESTIGE,3616.39,2601.55,4.08,Yes,7486
50118,Forest Essentials Fragrances Air 9,Beauty,Fragrances,FOREST ESSENTIALS,814.44,330.78,4.44,Yes,8104
50119,Himalaya Vitamins Neo 2,Health,Vitamins,HIMALAYA,8541.96,5192.05,3.44,No,7347
50120,P&G Staples Active 2,Grocery,Staples,P&G,2898.64,1904.8,4.35,No,7959
50121,Nike Bags X 8,Fashion,Bags,NIKE,46411.43,23945.09,3.91,No,8797
50122,Decathlon Badminton Neo 1,Sports,Badminton,DECATHLON,11912.37,6840.06,3.97,Yes,7156
50123,3M Lubricants Smart 1,Automotive,Lubricants,3M,16831.51,11591.77,4.9,Yes,8956
50124,Arihant Self Max 7,Books,Self Help,ARIHANT,2413.22,1648.07,3.96,Yes,7618
50125,Funskool Remote Neo 3,Toys,Remote Control,FUNSKOOL,4044.09,1963.29,3.83,Yes,7420
50126,Prestige Bedding Active 9,Home Kitchen,Bedding,PRESTIGE,60099.7,36495.97,4.63,Yes,7714
50127,Boat Gaming Flex 4,Electronics,Gaming,BOAT,34300.92,17212.39,3.75,Yes,8743
50128,Forest Essentials Fragrances Ultra 9,Beauty,Fragrances,FOREST ESSENTIALS,754.04,450.73,2.67,Yes,8823
50129,LOreal Fragrances Neo 7,Beauty,Fragrances,LOREAL,15271.14,7645.75,2.52,Yes,7115
50130,Penguin Academic Mini 1,Books,Academic,PENGUIN,1940.14,1069.95,2.8,No,8135
50131,Nivia Cycling Active 7,Sports,Cycling,NIVIA,330.97,204.39,4.23,Yes,7550
50132,Bosch Tyres Elite 2,Automotive,Tyres,BOSCH,6351.44,3813.29,5.0,Yes,7153
50133,ITC Cleaning Premium 6,Grocery,Cleaning,ITC,1870.71,906.35,3.07,No,7398
50134,Cosco Badminton Ultra 7,Sports,Badminton,COSCO,24296.27,11672.28,3.15,Yes,7742
50135,Sony Tablets Pro 5,Electronics,Tablets,SONY,3505.54,2508.76,2.9,No,8174
50136,WEBBY Soft Elite 5,Toys,Soft Toys,WEBBY,283.27,159.25,3.76,Yes,7620
50137,Ok Play Remote Air 1,Toys,Remote Control,OK PLAY,30562.38,20973.57,3.19,Yes,8101
50138,Maybelline Skincare Max 9,Beauty,Skincare,MAYBELLINE,746.76,399.57,2.7,Yes,8252
50139,OnePlus Smartwatches Pro 3,Electronics,Smartwatches,ONEPLUS,1738.03,863.31,2.87,Yes,8791
50140,Dabur Ayurveda Flex 8,Health,Ayurveda,DABUR,699.67,448.15,4.61,No,8199
50141,Nestle Dairy Edge 4,Grocery,Dairy,NESTLE,2260.12,1583.02,4.59,Yes,7624
50143,Michelin Tyres Air 6,Automotive,Tyres,MICHELIN,647.16,437.49,4.62,No,7320
50144,Bosch Tools Air 5,Automotive,Tools,BOSCH,17570.37,8936.34,2.69,Yes,8986
50145,Lakme Haircare Lite 2,Beauty,Haircare,LAKME,70441.37,35882.54,2.92,Yes,7016
50146,Michelin Tools Flex 3,Automotive,Tools,MICHELIN,1283.68,913.42,3.31,Yes,8874
50147,SG Fitness Max 1,Sports,Fitness Equipment,SG,21439.53,11695.35,4.2,No,7097
50148,JBL Headphones Neo 1,Electronics,Headphones,JBL,9004.54,6410.38,2.79,Yes,7043
50149,HarperCollins Fiction Elite 3,Books,Fiction,HARPERCOLLINS,3038.59,1442.54,4.67,Yes,8299
50150,Michelin Tyres Elite 8,Automotive,Tyres,MICHELIN,914.14,630.27,3.44,No,7442
50151,LOreal Fragrances X 6,Beauty,Fragrances,LOREAL,915.83,570.93,3.78,Yes,8271
50152,Webby Action Pro 1,Toys,Action Figures,WEBBY,415.89,204.63,4.31,Yes,7498
50153,Nike Footwear Smart 8,Fashion,Footwear,NIKE,709.75,329.03,3.1,Yes,8669
50154,Ok Play Remote X 4,Toys,Remote Control,OK PLAY,3333.82,2329.15,2.52,No,7748
50155,Tanishq Bags Lite 7,Fashion,Bags,TANISHQ,63490.74,29462.8,3.65,Yes,8085
50156,OPPO Accessories Mini 9,Electronics,Accessories,OPPO,4711.9,2143.53,2.72,Yes,7946
50157,Samsung Smartwatches X 2,Electronics,Smartwatches,SAMSUNG,701.94,338.91,4.15,No,8981
50158,H&M Men Plus 7,Fashion,Unknown,H&M,37227.46,21260.04,3.73,Yes,7028
50159,Fisher Price Educational Air 3,Toys,Educational,FISHER PRICE,435.84,249.62,2.99,Yes,8080
50160,Boat Rockerz 550,Grocery,Cleaning,TATA,774.43,486.73,3.82,Yes,7651
50161,Boat Headphones Smart 6,Electronics,Headphones,BOAT,265464.38,166433.63,4.06,Yes,8856
50162,CASTROL Tyres Edge 6,Automotive,Tyres,CASTROL,6260.16,2693.4,3.67,Yes,8735
50163,Webby Puzzles Lite 5,Toys,Puzzles,WEBBY,4250.45,2541.89,4.53,No,8169
50164,Lakme Makeup Premium 4,Beauty,Makeup,LAKME,8804.08,5500.0,3.23,Yes,8716
50165,Pearson Non Neo 8,Books,Non Fiction,PEARSON,902.28,464.31,2.99,Yes,8088
50166,HarperCollins Non Smart 6,Books,Non Fiction,HARPERCOLLINS,871.29,434.95,2.62,Yes,8790
50167,Muscleblaze Vitamins Neo 4,Health,Vitamins,MUSCLEBLAZE,18543.06,12286.88,4.74,Yes,8736
50169,MILTON Lighting Active 7,Home Kitchen,Lighting,MILTON,1456.21,834.91,3.91,Yes,7537
50170,Vega Lubricants Ultra 3,Automotive,Lubricants,VEGA,403.22,253.6,4.58,Yes,8710
50171,Arihant Non Ultra 2,Books,Non Fiction,ARIHANT,1572.05,759.92,4.07,Yes,8069
50172,Dabur Vitamins X 4,Health,Vitamins,DABUR,4472.56,3151.29,4.65,Yes,7236
50173,Dove Mens Mini 5,Beauty,Mens Grooming,DOVE,2821.13,1409.12,2.76,No,8088
50174,Philips Bedding Premium 5,Home Kitchen,Bedding,PHILIPS,6404.95,4303.09,4.52,No,8640
50175,Cosco Running Mini 7,Sports,Running,COSCO,9038.48,4300.85,4.8,No,8164
50176,SG Fitness Premium 7,Sports,Fitness Equipment,SG,17918.22,12140.12,4.86,Yes,7143
50177,Pearson Children Air 3,Books,Children Books,PEARSON,4334.6,2493.49,2.81,No,8498
50178,Usha Decor Ultra 8,Home Kitchen,Decor,USHA,85145.87,60104.22,4.77,Yes,8241
50179,bata Women Air 7,Fashion,Women Clothing,BATA,3107.68,1927.92,4.17,No,7975
50180,Philips Lighting Mini 9,Home Kitchen,Lighting,PHILIPS,4498.98,2938.32,2.92,No,8536
50181,Prestige Cookware Flex 1,Home Kitchen,Cookware,PRESTIGE,9248.26,6244.18,4.75,Yes,8928
50182,LG Smart Ultra 1,Electronics,Smart Tvs,LG,455.28,208.2,2.86,Yes,7493
50183,Nike Sports Shoes Pro,Grocery,Fruits Vegetables,PARLE,275191.78,177289.59,4.62,No,7808
50184,Michelin Tyres Smart 4,Automotive,Tyres,MICHELIN,1571.06,834.26,3.57,Yes,7016
50185,Speedo Badminton Elite 7,Sports,Badminton,SPEEDO,193363.46,102083.02,4.24,No,7801
50186,Fastrack Footwear Edge 6,Fashion,Footwear,FASTRACK,3516.64,1807.01,4.59,Yes,8901
50187,Vega Car Smart 5,Automotive,Car Accessories,VEGA,111.78,61.99,3.36,Yes,7496
50188,Van Heusen Men Elite 2,Fashion,Men Clothing,VAN HEUSEN,2705.98,1716.43,3.21,Yes,8201
50189,Prestige Bedding Lite 7,Home Kitchen,Bedding,PRESTIGE,311.35,164.52,4.81,Yes,7605
50190,Scholastic Self Edge 8,Books,Self Help,SCHOLASTIC,4763.31,3515.61,3.67,Yes,7700
50191,Boat Mobiles Lite 9,Electronics,Mobiles,BOAT,4087.18,2446.33,3.34,No,7267
50192,Butterfly Storage Smart 8,Home Kitchen,Storage,BUTTERFLY,207.5,101.54,4.92,Yes,7375
50193,Arihant Biographies Active 6,Books,Biographies,ARIHANT,272.68,191.48,4.39,No,8911
50194,Nike Sports Shoes Pro,Automotive,Tools,CASTROL,15359.0,6998.87,4.51,Yes,8096
50195,Cipla Supplements Edge 1,Health,Supplements,CIPLA,10107.66,6771.52,4.67,No,7010
50196,Biotique Haircare Mini 6,Beauty,Haircare,BIOTIQUE,41296.26,27578.88,3.86,Yes,8195
50197,Funskool Board Active 3,Toys,Board Games,FUNSKOOL,697.98,480.85,4.24,Yes,8788
50198,Funskool Board Edge 8,Toys,Board Games,FUNSKOOL,9043.36,4212.91,2.67,Yes,7062
50199,Dabur Personal Max 6,Grocery,Personal Care,DABUR,16761.23,9404.31,4.98,Yes,7147
50200,Butterfly Lighting Plus 6,Home Kitchen,Lighting,BUTTERFLY,16244.1,7757.32,3.79,Yes,8015
50201,UCB Kids Mini 1,Fashion,Kids Wear,UCB,17221.54,7973.52,3.6,Yes,7234
50202,Hasbro Action Elite 3,Toys,Action Figures,HASBRO,55984.54,30587.38,3.09,Yes,8459
50203,MRF Running Neo 6,Sports,Running,MRF,1819.47,1194.54,4.97,Yes,7447
50204,Sony Mobiles Plus 1,Electronics,Mobiles,SONY,52524.83,33486.68,3.03,Yes,8284
50205,H&M Kids X 8,Fashion,Kids Wear,H&M,3782.06,1879.01,4.14,No,8781
50206,HarperCollins Non Edge 5,Books,Non Fiction,HARPERCOLLINS,4117.85,2383.59,4.1,Yes,8008
50207,Maybelline Haircare Air 4,Beauty,Haircare,MAYBELLINE,13469.27,7405.92,3.74,Yes,7534
50208,Orient Decor Neo 7,Home Kitchen,Decor,ORIENT,129.31,65.7,3.49,No,8250
50209,Parle Fruits Active 8,Grocery,Fruits Vegetables,PARLE,4766.54,3163.69,4.75,Yes,8115
50210,Hasbro Board Ultra 3,Toys,Board Games,HASBRO,182.14,74.89,4.65,Yes,7245
50211,Reebok Cricket Pro 9,Sports,Cricket,REEBOK,257813.45,122956.46,4.8,No,8078
50212,fast&up Ayurveda X 2,Health,Ayurveda,FAST&UP,79722.21,54888.01,4.35,No,8971
50213,Fast&Up Protein Plus 8,Health,Protein,FAST&UP,64253.83,27314.75,3.93,No,7715
50214,Hasbro Soft Neo 3,Toys,Soft Toys,HASBRO,268833.9,137766.22,4.02,Yes,7146
50215,Steelbird Tools Air 3,Automotive,Tools,STEELBIRD,147345.4,87477.54,3.35,Yes,7628
50216,Nikon Cameras Neo 8,Electronics,Cameras,NIKON,227.38,154.14,3.45,Yes,7908
50217,Titan Men Ultra 5,Fashion,Men Clothing,TITAN,523.52,273.37,3.85,Yes,7054
50218,Lego Action Plus 4,Toys,Action Figures,LEGO,18246.51,9776.09,4.03,Yes,7592
50219,Boat Rockerz 550,Fashion,Jewellery,UCB,5945.89,3326.99,2.98,Yes,7344
50220,Parle Beverages Max 1,Grocery,Beverages,PARLE,347.32,188.82,3.75,Yes,8110
50221,SG Cycling Smart 5,Sports,Cycling,SG,43615.55,19758.24,3.26,No,8220
50222,Peter England Bags Plus 4,Fashion,Bags,PETER ENGLAND,267.05,141.11,4.04,Yes,8370
50223,Hasbro Soft Lite 9,Toys,Soft Toys,HASBRO,68485.48,37815.46,3.27,Yes,8720
50224,Decathlon Swimming Mini 2,Sports,Swimming,DECATHLON,259510.74,130882.65,2.62,No,8158
50225,Xiaomi Smartwatches Neo 2,Electronics,Smartwatches,XIAOMI,21678.02,11089.85,4.02,Yes,7481
50226,Britannia Cleaning X 4,Grocery,Cleaning,BRITANNIA,4203.97,1961.0,4.57,Yes,7705
50227,Ok Play Puzzles Ultra 1,Toys,Puzzles,OK PLAY,241347.63,153249.48,4.6,No,8940
50228,Borosil Bedding Air 5,Home Kitchen,Bedding,BOROSIL,7585.89,3471.53,3.07,Yes,7164
50229,Van Heusen Sunglasses Premium 4,Fashion,Sunglasses,VAN HEUSEN,505.26,205.67,3.83,Yes,7565
50230,Vega Tyres Premium 1,Automotive,Tyres,VEGA,104150.03,50870.24,3.66,Yes,7474
50231,OnePlus Smartwatches Premium 1,Electronics,Smartwatches,ONEPLUS,1706.17,1106.91,4.29,Yes,7297
50232,Amul Personal Air 8,Grocery,Personal Care,AMUL,3411.9,1982.98,3.95,Yes,8711
50233,Scholastic Non Active 3,Books,Non Fiction,SCHOLASTIC,4195.8,2314.28,2.55,Yes,8304
50234,Noise Laptops Plus 7,Electronics,Laptops,NOISE,1899.43,1206.35,3.69,Yes,8761
50235,Muscleblaze Vitamins Flex 8,Health,Vitamins,MUSCLEBLAZE,295.82,159.42,5.0,No,8522
50236,Milton Decor Mini 1,Home Kitchen,Decor,MILTON,3454.39,2418.073,3.24,Yes,8470
50237,Pantene Fragrances Elite 8,Beauty,Fragrances,PANTENE,8683.51,5877.83,3.83,Yes,7962
50238,Britannia Personal Air 3,Grocery,Personal Care,BRITANNIA,252123.44,142072.25,4.09,No,8143
50239,Penguin Academic Plus 1,Books,Academic,PENGUIN,213.48,97.58,2.66,No,7026
50240,S.Chand Self Ultra 6,Books,Self Help,S.CHAND,27157.7,17081.58,4.02,Yes,7775
50241,Zara Bags Max 1,Fashion,Bags,ZARA,8939.62,3642.31,3.78,Yes,7245
50242,Muscleblaze Protein Max 3,Health,Protein,MUSCLEBLAZE,50521.23,37890.9225,3.67,No,7582
50243,Cipla Medical Plus 4,Health,Medical Devices,CIPLA,12737.86,9167.68,3.59,Yes,7941
50244,MRF Fitness Ultra 9,Sports,Fitness Equipment,MRF,148.17,90.89,4.78,Yes,8393
50245,Abbott Medical Plus 3,Health,Medical Devices,ABBOTT,252.67,154.98,3.14,Yes,7023
50246,Speedo Cricket Edge 7,Sports,Cricket,SPEEDO,4477.27,2688.37,2.65,Yes,8913
50247,Van Heusen Footwear Ultra 2,Fashion,Footwear,VAN HEUSEN,1382.4,768.07,3.61,Yes,8899
50249,Himalaya Protein Mini 6,Health,Protein,HIMALAYA,13626.7,9437.32,2.65,Yes,7179
50250,Oxford Self Smart 8,Books,Self Help,OXFORD,44509.87,21971.81,4.94,No,8616
50251,HarperCollins Non Max 7,Books,Non Fiction,HARPERCOLLINS,182.21,87.93,3.38,Yes,7870
50252,3M Tools Smart 1,Automotive,Tools,3M,3478.28,1440.03,4.8,Yes,8640
50253,P&G Fruits Air 7,Grocery,Fruits Vegetables,P&G,869.94,605.24,4.79,Yes,8607
50254,Fast&Up Protein Mini 2,Health,Protein,FAST&UP,5573.2,3940.89,3.97,Yes,7299
50255,Tata Staples Pro 7,Grocery,Staples,TATA,3148.31,1288.66,2.68,Yes,7240
50256,Nestle Cleaning Air 1,Grocery,Cleaning,NESTLE,8525.06,4899.55,2.83,No,8739
50257,H&M Women Flex 4,Fashion,Women Clothing,H&M,1663.88,705.97,2.63,Yes,8841
50258,Fast&Up Ayurveda Neo 4,Health,Ayurveda,FAST&UP,4877.94,2098.29,3.39,Yes,8759
50259,Apple Mobiles Elite 1,Electronics,Mobiles,APPLE,72357.39,35496.13,4.19,Yes,7745
50260,UCB Footwear Plus 8,Fashion,Footwear,UCB,23667.92,16027.38,4.83,Yes,7732
50261,Nivea Mens X 3,Beauty,Mens Grooming,NIVEA,859.87,437.57,4.77,Yes,8017
50262,Van Heusen Jewellery Lite 8,Fashion,Jewellery,VAN HEUSEN,122386.41,52469.65,3.28,Yes,8795
50263,Steelbird Bike Smart 3,Automotive,Bike Accessories,STEELBIRD,306.13,176.65,2.54,Yes,7315
50264,Puma Footwear Air 6,Fashion,Footwear,PUMA,784.7,488.17,3.9,Yes,8028
50265,Lego Puzzles Premium 5,Toys,Puzzles,LEGO,283.43,124.0,4.67,Yes,8785
50266,Louis Philippe Sunglasses Neo 3,Fashion,Sunglasses,LOUIS PHILIPPE,1392.74,583.02,2.51,Yes,8076
50267,Adidas Watches Max 3,Fashion,Watches,ADIDAS,209273.94,146066.88,4.7,Yes,7330
50268,Hasbro Board Plus 4,Toys,Board Games,HASBRO,430.42,295.4,4.53,Yes,8341
50269,Muscleblaze First Air 5,Health,First Aid,MUSCLEBLAZE,1330.17,773.13,3.85,No,7059
50270,Titan Women Elite 6,Fashion,Women Clothing,TITAN,73252.86,33909.8,4.45,No,7031
50271,Cipla Vitamins Air 9,Health,Vitamins,CIPLA,8914.32,6685.74,3.14,Yes,8235
50272,Nivia Badminton X 7,Sports,Badminton,NIVIA,722.91,432.16,3.79,Yes,8231
50273,Himalaya Protein X 9,Health,Protein,HIMALAYA,8226.9,5277.13,3.12,Yes,7058
50274,Abbott Vitamins Air 3,Health,Vitamins,ABBOTT,350.02,238.32,3.34,No,8183
50275,Prestige Appliances Neo 2,Home Kitchen,Appliances,PRESTIGE,168.97,87.78,4.55,Yes,8699
50276,Funskool Remote Max 5,Toys,Remote Control,FUNSKOOL,3752.66,2661.45,3.29,Yes,7022
50277,Forest Essentials Skincare Lite 7,Beauty,Skincare,FOREST ESSENTIALS,3990.93,2424.03,2.68,Yes,7570
50278,Scholastic Academic Mini 5,Books,Academic,SCHOLASTIC,18079.66,11485.91,4.74,No,7652
50279,Woodland Footwear Neo 8,Fashion,Footwear,WOODLAND,14481.51,8366.75,4.73,No,8134
50280,Cipla Ayurveda Neo 6,Health,Ayurveda,CIPLA,3155.73,1769.84,2.77,Yes,8923
50281,Zara Sunglasses Ultra 9,Fashion,Sunglasses,ZARA,57772.3,24572.63,4.34,Yes,7301
50282,Prestige Appliances Active 5,Home Kitchen,Appliances,PRESTIGE,1313.25,839.14,4.45,Yes,7221
50283,Under Armour Running Max 7,Sports,Running,UNDER ARMOUR,681.97,465.29,2.88,Yes,7389
50284,Vivo Headphones Flex 1,Electronics,Headphones,VIVO,197410.02,107060.19,4.38,Yes,7453
50285,Himalaya Vitamins Air 7,Health,Unknown,HIMALAYA,4410.5,1847.89,3.15,No,7461
50286,Cosco Cricket Edge 5,Sports,Cricket,COSCO,925.96,549.4,3.82,Yes,8542
50287,Steelbird Tools Active 4,Automotive,Unknown,STEELBIRD,4966.85,2640.6,3.25,Yes,8708
50288,LG Cameras Premium 5,Electronics,Cameras,LG,10013.79,6095.13,3.86,Yes,7545
50289,Dabur Fruits Premium 3,Grocery,Fruits Vegetables,DABUR,14096.81,6014.28,4.8,Yes,8760
50290,Patanjali Dairy Mini 8,Grocery,Dairy,PATANJALI,62801.91,37060.29,3.82,No,7356
50291,Nike Sports Shoes Pro,Electronics,Smartwatches,ONEPLUS,15551.35,7756.96,5.0,Yes,7949
50292,Havells Garden Mini 8,Home Kitchen,Garden,HAVELLS,13191.24,5305.62,4.84,Yes,7387
50293,LOreal Mens X 9,Beauty,Mens Grooming,LOREAL,59235.98,38784.48,3.81,Yes,7604
50294,Acer Laptops Active 4,Electronics,Laptops,ACER,1934.86,1168.46,4.46,No,8578
50295,Nikon Cameras Neo 2,Electronics,Cameras,NIKON,18881.19,10559.49,3.73,Yes,7339
50296,Muscleblaze First Plus 7,Health,First Aid,MUSCLEBLAZE,48343.3,28361.78,3.66,No,8141
50297,Noise Gaming X 4,Electronics,Gaming,NOISE,51811.35,23331.24,4.1,Yes,8754
50298,Oxford Non Ultra 5,Books,Non Fiction,OXFORD,15625.79,9044.71,3.55,Yes,7853
50299,Nivea Makeup Ultra 1,Beauty,Makeup,NIVEA,7219.99,4455.28,4.33,No,8229
50300,Fast&Up Medical Edge 5,Health,Medical Devices,FAST&UP,18021.87,10567.85,4.18,Yes,8358
50301,Patanjali Staples Lite 6,Grocery,Staples,PATANJALI,10424.71,7446.11,4.58,Yes,8058
50302,Acer Mobiles Flex 5,Electronics,Mobiles,ACER,4675.72,2113.35,4.47,Yes,7755
50303,Vega Car Neo 8,Automotive,Car Accessories,VEGA,600.93,417.87,2.75,Yes,8515
50304,Samsung Galaxy M35 5G,Health,First Aid,FAST&UP,227554.19,139270.84,3.3,Yes,8321
50305,3M Bike Max 5,Automotive,Bike Accessories,3M,75225.03,34762.09,3.74,Yes,8590
50306,Himalaya Ayurveda X 9,Health,Ayurveda,HIMALAYA,2287.32,1175.74,2.93,Yes,7225
50307,Fastrack Women Elite 6,Fashion,Women Clothing,FASTRACK,18631.51,12940.78,4.71,Yes,7108
50308,Borosil Bedding X 2,Home Kitchen,Bedding,BOROSIL,416.77,193.11,3.29,Yes,8812
50309,Mattel Puzzles Premium 8,Toys,Puzzles,MATTEL,1893.2,1264.73,4.89,Yes,8563
50310,Nivia Swimming Flex 1,Sports,Swimming,NIVIA,11647.78,7295.45,4.42,Yes,7516
50311,Speedo Cricket X 2,Sports,Cricket,SPEEDO,173767.85,93939.61,4.81,Yes,8918
50312,Usha Lighting Ultra 2,Home Kitchen,Lighting,USHA,4752.98,1965.15,3.79,No,8900
50313,Samsung Galaxy M35 5G,Home Kitchen,Appliances,PIGEON,692.23,330.15,4.93,Yes,8495
50314,Maybelline Skincare Flex 5,Beauty,Skincare,MAYBELLINE,16279.06,7958.87,4.53,Yes,8429
50315,3M Bike Premium 7,Automotive,Bike Accessories,3M,76315.32,44739.11,3.4,Yes,7418
50316,Louis Philippe Bags Ultra 1,Fashion,Bags,LOUIS PHILIPPE,4600.81,2009.8,4.06,No,8495
50317,Hasbro Action Neo 7,Toys,Action Figures,HASBRO,917.79,513.76,4.55,Yes,7554
50318,Dabur Ayurveda Lite 7,Health,Ayurveda,DABUR,86335.14,46266.14,4.99,Yes,8456
50319,Dabur Vitamins Plus 9,Health,Vitamins,DABUR,3094.87,1831.24,4.02,No,7819
50320,Logitech Cameras Premium 4,Electronics,Cameras,LOGITECH,284.15,126.83,3.86,Yes,7097
50321,Realme Smart Lite 3,Electronics,Smart Tvs,REALME,3984.68,1787.61,4.82,Yes,8660
50322,Reebok Yoga Neo 8,Sports,Yoga,REEBOK,64884.36,37837.06,3.86,Yes,8109
50323,Dabur Supplements Pro 1,Health,Supplements,DABUR,43183.8,25843.88,3.43,Yes,8025
50324,Mattel Remote Lite 9,Toys,Remote Control,MATTEL,249272.02,140049.24,2.79,Yes,7786
50325,scholastic Non Neo 4,Books,Non Fiction,SCHOLASTIC,24219.96,11674.06,3.92,Yes,8429
50326,Nike Jewellery Smart 3,Fashion,Jewellery,NIKE,310.37,184.63,4.77,No,8492
50327,Nikon Headphones Elite 3,Electronics,Headphones,NIKON,572.02,302.37,4.63,Yes,8964
50328,Mattel Educational X 8,Toys,Educational,MATTEL,4802.71,3235.65,3.29,No,8281
50329,Britannia Snacks Elite 9,Grocery,Snacks,BRITANNIA,16911.09,9767.27,3.55,Yes,7350
50330,Muscleblaze Supplements Mini 3,Health,Supplements,MUSCLEBLAZE,573.64,251.3,3.11,Yes,8463
50331,Vega Car Max 8,Automotive,Car Accessories,VEGA,40966.8,22100.64,4.51,No,7739
50332,Pantene Makeup Active 6,Beauty,Makeup,PANTENE,23323.64,13449.8,4.8,Yes,7093
50333,Shell Bike Edge 7,Automotive,Bike Accessories,SHELL,221.3,147.96,2.8,Yes,7457
50334,Usha Bedding Mini 4,Home Kitchen,Bedding,USHA,49707.71,21737.88,2.94,Yes,7882
50335,Pigeon Decor Ultra 2,Home Kitchen,Decor,PIGEON,163.73,78.15,3.07,Yes,7675
50336,Vivo Laptops Active 7,Electronics,Laptops,VIVO,4130.16,2032.01,2.9,Yes,8393
50337,Boat Rockerz 550,Automotive,Unknown,BOSCH,944.6,428.31,4.19,Yes,7649
50338,Pearson Non Smart 3,Books,Non Fiction,PEARSON,71386.86,46631.4,3.38,Yes,8941
50339,ITC Cleaning Mini 2,Grocery,Cleaning,ITC,1187.86,546.24,3.17,Yes,7986
50340,UCB Jewellery X 2,Fashion,Jewellery,UCB,15604.73,8893.63,2.97,Yes,8434
50341,Penguin Non Flex 8,Books,Non Fiction,PENGUIN,898.31,456.83,3.79,Yes,8889
50342,Fisher Price Soft Lite 7,Toys,Soft Toys,FISHER PRICE,359.46,144.46,4.0,Yes,8072
50343,Usha Furniture Smart 4,Home Kitchen,Furniture,USHA,791.62,446.26,4.4,Yes,8171
50344,Titan Watches Edge 2,Fashion,Watches,TITAN,352.62,209.75,2.77,Yes,8217
50345,Amul Snacks Ultra 5,Grocery,Snacks,AMUL,17910.63,9328.11,3.17,Yes,7761
50346,Pearson Academic Plus 2,Books,Academic,PEARSON,403.29,184.57,3.89,Yes,8919
50347,Borosil Appliances Max 2,Home Kitchen,Appliances,BOROSIL,7318.93,3489.42,2.82,No,8506
50348,HarperCollins Self Plus 9,Books,Self Help,HARPERCOLLINS,4573.89,2280.19,2.62,Yes,7752
50349,PARLE Personal Flex 9,Grocery,Personal Care,PARLE,622.43,425.09,3.84,No,8365
50351,Himalaya Protein Pro 7,Health,Protein,HIMALAYA,2739.31,1147.45,5.0,Yes,7861
50352,Bajaj Furniture Pro 7,Home Kitchen,Furniture,BAJAJ,1164.92,530.69,2.63,Yes,8824
50353,Under Armour Badminton Pro 4,Sports,Badminton,UNDER ARMOUR,121329.55,84069.24,3.61,No,8398
50354,Penguin Academic Plus 6,Books,Academic,PENGUIN,269.52,137.41,4.26,No,7544
50355,Shell Bike Flex 8,Automotive,Bike Accessories,SHELL,3229.68,1478.87,4.97,Yes,8441
50356,Prestige Storage Mini 2,Home Kitchen,Storage,PRESTIGE,25306.28,12217.38,4.3,Yes,7631
50357,Abbott Ayurveda Elite 8,Health,Ayurveda,ABBOTT,250.6,132.38,4.41,Yes,8117
50358,Decathlon Fitness Neo 2,Sports,Fitness Equipment,DECATHLON,244.75,164.73,3.88,Yes,8283
50359,Castrol Bike Flex 2,Automotive,Bike Accessories,CASTROL,21469.36,11347.77,2.72,Yes,7829
50360,Bosch Tyres Max 9,Automotive,Tyres,BOSCH,273267.9,169704.71,3.87,Yes,8112
50361,Cipla Ayurveda Ultra 5,Health,Ayurveda,CIPLA,33349.61,13521.0,4.94,No,8160
50362,Dove Haircare Edge 6,Beauty,Haircare,DOVE,3097.31,1733.66,3.82,No,7615
50363,Bosch Bike Flex 5,Automotive,Bike Accessories,BOSCH,4985.48,3376.89,3.36,No,7110
50364,zara Sunglasses Pro 2,Fashion,Sunglasses,ZARA,138374.48,58207.03,2.63,Yes,7649
50365,HUL Cleaning Elite 9,Grocery,Cleaning,HUL,105996.65,65861.29,3.72,Yes,8936
50366,ITC Staples Edge 6,Grocery,Staples,ITC,2192.68,1107.8,4.71,No,8929
50367,Yonex Yoga X 9,Sports,Yoga,YONEX,35245.67,24184.06,4.8,No,7777
50368,S.Chand Fiction Edge 4,Books,Fiction,S.CHAND,64832.63,35770.19,3.75,No,7318
50370,Speedo Fitness Plus 5,Sports,Fitness Equipment,SPEEDO,59505.36,39332.02,4.99,Yes,8297
50371,Pearson Fiction Lite 9,Books,Fiction,PEARSON,12571.92,8759.87,3.81,Yes,8822
50372,Castrol Bike Edge 9,Automotive,Bike Accessories,CASTROL,2570.03,1502.39,4.67,Yes,8970
50373,HarperCollins Fiction Elite 2,Books,Fiction,HARPERCOLLINS,208.53,142.81,4.82,Yes,8682
50374,Pantene Mens Plus 3,Beauty,Mens Grooming,PANTENE,14153.49,9231.02,4.3,Yes,7266
50375,H&M Kids Ultra 2,Fashion,Kids Wear,H&M,113310.95,58407.53,3.48,Yes,7841
50376,Boat Rockerz 550,Health,Protein,HEALTHKART,5573.2,4179.9,3.15,Yes,8882
50377,Steelbird Bike Edge 6,Automotive,Bike Accessories,STEELBIRD,2174.62,975.6,3.45,Yes,8310
50378,Tata Fruits Lite 4,Grocery,Fruits Vegetables,TATA,1860.12,989.12,2.54,Yes,8939
50379,SG Yoga Lite 6,Sports,Yoga,SG,1560.68,770.53,4.81,No,8897
50380,Webby Puzzles Ultra 5,Toys,Puzzles,WEBBY,699.68,333.51,3.95,Yes,8959
50381,Patanjali Snacks Flex 9,Grocery,Snacks,PATANJALI,75471.78,31933.28,3.38,Yes,7488
50382,Castrol Lubricants Edge 4,Automotive,Lubricants,CASTROL,149179.53,100492.1,3.73,Yes,8084
50383,Hasbro Soft Lite 9,Toys,Soft Toys,HASBRO,49008.84,27568.0,4.72,No,7268
50384,Levis Watches Pro 1,Fashion,Watches,LEVIS,2491.6,1184.36,3.24,Yes,8527
50385,LG Accessories Plus 5,Electronics,Accessories,LG,222323.15,91374.32,3.32,Yes,8262
50386,Scholastic Children Flex 9,Books,Children Books,SCHOLASTIC,11203.2,4822.83,2.6,Yes,7187
50387,Nike Sports Shoes Pro,Health,Supplements,DABUR,423.66,274.07,3.88,No,8915
50388,Noise Accessories Plus 5,Electronics,Accessories,NOISE,12097.61,5311.62,4.0,Yes,8407
50389,Fisher Price Board Pro 8,Toys,Board Games,FISHER PRICE,160115.99,83439.78,4.92,No,8772
50390,3M Lubricants Max 5,Automotive,Lubricants,3M,949.81,522.66,5.0,Yes,7072
50391,Funskool Remote Max 9,Toys,Remote Control,FUNSKOOL,3871.1,2617.98,3.74,Yes,7316
50392,Britannia Cleaning Premium 3,Grocery,Cleaning,BRITANNIA,551.83,314.99,3.07,Yes,8395
50393,Fisher Price Educational Ultra 9,Toys,Educational,FISHER PRICE,8819.71,3709.06,2.76,No,8782
50394,Cosco Badminton Smart 5,Sports,Badminton,COSCO,3594.58,2331.25,3.73,Yes,8623
50395,Asus Smartwatches Pro 8,Electronics,Smartwatches,ASUS,273535.3,157228.43,3.8,Yes,7010
50396,Speedo Yoga Smart 7,Sports,Yoga,SPEEDO,67485.33,29110.17,3.05,Yes,7560
50397,Gillette Mens Edge 4,Beauty,Mens Grooming,GILLETTE,575.03,344.11,4.17,Yes,8188
50398,Fastrack Watches Mini 4,Fashion,Watches,FASTRACK,255.2,172.32,3.62,Yes,7821
50399,Cipla Supplements Air 7,Health,Supplements,CIPLA,519.53,317.5,4.74,No,7667
50400,Butterfly Furniture Mini 4,Home Kitchen,Furniture,BUTTERFLY,3605.71,1459.4,3.55,Yes,7711
50401,Pantene Fragrances Air 2,Beauty,Fragrances,PANTENE,408.76,193.93,3.63,Yes,7536
50402,Puma Jewellery Plus 3,Fashion,Jewellery,PUMA,945.2,659.23,2.59,No,7982
50403,Forest Essentials Fragrances Flex 1,Beauty,Fragrances,FOREST ESSENTIALS,32617.44,16002.95,4.53,Yes,8020
50404,Nike Jewellery X 4,Fashion,Jewellery,NIKE,3564.94,2429.37,4.3,Yes,8375
50405,P&G Snacks Flex 8,Grocery,Snacks,P&G,2264.16,964.44,3.05,Yes,8973
50406,Philips Garden Elite 4,Home Kitchen,Garden,PHILIPS,133972.65,88414.46,3.66,Yes,8340
50407,HarperCollins Academic Premium 4,Books,Academic,HARPERCOLLINS,74263.45,30781.17,4.22,Yes,8867
50408,LOreal Haircare Flex 9,Beauty,Haircare,LOREAL,175.5,102.35,4.48,No,8872
50409,Pearson Biographies Smart 3,Books,Biographies,PEARSON,72198.72,36640.12,3.0,No,7049
50410,Peter England Jewellery Mini 4,Fashion,Jewellery,PETER ENGLAND,295729.13,165596.09,3.51,Yes,7500
50411,Himalaya Medical Ultra 8,Health,Medical Devices,HIMALAYA,8098.06,5561.76,3.42,No,8417
50412,Reebok Running Elite 8,Sports,Running,REEBOK,208164.48,122209.28,3.34,Yes,7524
50413,Vega Lubricants Plus 3,Automotive,Lubricants,VEGA,17075.03,11383.07,4.78,Yes,7366
50414,Patanjali Personal Air 1,Grocery,Personal Care,PATANJALI,45232.96,25794.27,4.05,No,8650
50415,Arihant Non Air 2,Books,Non Fiction,ARIHANT,56549.39,32728.67,3.56,Yes,8050
50416,Castrol Tools Pro 3,Automotive,Tools,CASTROL,3207.22,1968.46,3.2,Yes,8790
50417,Abbott Medical X 2,Health,Medical Devices,ABBOTT,794.37,450.77,2.61,Yes,7570
50418,Steelbird Bike Flex 1,Automotive,Bike Accessories,STEELBIRD,302.49,154.44,2.67,Yes,8702
50419,Castrol Tyres Premium 2,Automotive,Tyres,CASTROL,16941.68,10130.2,3.31,Yes,7191
50420,Bajaj Lighting Pro 2,Home Kitchen,Lighting,BAJAJ,20961.7,9161.24,4.89,Yes,8898
50421,Muscleblaze Ayurveda Elite 7,Health,Ayurveda,MUSCLEBLAZE,1109.22,462.57,4.48,Yes,8740
50422,Vega Tyres Max 4,Automotive,Tyres,VEGA,49805.69,28581.53,4.17,Yes,7361
50423,Nikon Headphones Premium 5,Electronics,Headphones,NIKON,607.7,408.06,3.6,Yes,7442
50424,Bajaj Appliances Plus 3,Home Kitchen,Appliances,BAJAJ,248521.65,175810.81,2.92,Yes,8783
50425,Nivia Running Pro 3,Sports,Running,NIVIA,119.06,53.48,4.48,No,7984
50426,Fastrack Women Mini 1,Fashion,Women Clothing,FASTRACK,975.31,395.66,3.99,Yes,7370
50427,Prestige Appliances Neo 2,Home Kitchen,Appliances,PRESTIGE,7989.2,4039.63,3.45,No,8359
50428,OPPO Headphones Mini 7,Electronics,Headphones,OPPO,20514.18,8756.17,3.29,Yes,8060
50429,Yonex Badminton Neo 8,Sports,Badminton,YONEX,6834.77,3510.83,4.65,Yes,8603
50430,Lenovo Gaming Elite 4,Electronics,Gaming,LENOVO,13802.61,6804.96,3.21,Yes,8043
50431,MRF Running X 4,Sports,Running,MRF,281735.17,128791.27,3.75,No,7577
50432,Borosil Bedding Ultra 7,Home Kitchen,Bedding,BOROSIL,250.26,109.72,4.48,Yes,8478
50433,Dabur Ayurveda X 9,Health,Ayurveda,DABUR,3922.59,1891.53,3.03,Yes,7955
50434,Philips Storage Active 9,Home Kitchen,Storage,PHILIPS,2698.84,1681.3,2.94,No,8287
50435,Tata Beverages Elite 4,Grocery,Beverages,TATA,69247.67,32286.29,4.92,Yes,8582
50436,Bata Watches Flex 7,Fashion,Watches,BATA,61389.97,42561.52,2.56,Yes,8373
50437,Dove Mens Premium 1,Beauty,Mens Grooming,DOVE,35936.11,22018.08,3.32,No,8811
50438,Cipla Supplements Neo 3,Health,Supplements,CIPLA,9955.72,5111.48,4.15,Yes,8063
50439,Logitech Smartwatches Mini 8,Electronics,Smartwatches,LOGITECH,37956.6,21860.51,4.08,Yes,7970
50440,HarperCollins Non Elite 5,Books,Non Fiction,HARPERCOLLINS,865.81,616.97,3.23,No,8758
50441,UCB Bags Pro 7,Fashion,Bags,UCB,3314.58,2183.38,4.14,Yes,8386
50442,fast&up Protein Plus 2,Health,Protein,FAST&UP,2249.13,1056.29,4.53,Yes,8677
50443,Shell Tyres Smart 2,Automotive,Tyres,SHELL,3887.14,2569.27,3.72,Yes,7156
50444,LOreal Mens Neo 7,Beauty,Mens Grooming,LOREAL,14954.16,9333.87,3.64,No,7393
50445,Nike Sports Shoes Pro,Books,Self Help,PEARSON,828.48,380.46,3.58,Yes,7385
50446,Titan Women Plus 2,Fashion,Women Clothing,TITAN,14844.47,9662.61,3.5,Yes,7710
50447,Arihant Academic X 4,Books,Academic,ARIHANT,232.21,154.98,4.54,Yes,8852
50448,OPPO Cameras Plus 4,Electronics,Cameras,OPPO,4876.31,2490.66,4.43,No,7018
50449,Bosch Bike Lite 4,Automotive,Bike Accessories,BOSCH,14834.16,10595.93,3.45,Yes,7698
50450,Muscleblaze Ayurveda Active 4,Health,Ayurveda,MUSCLEBLAZE,225.71,123.83,3.67,Yes,7643
50451,Fisher Price Educational Premium 7,Toys,Educational,FISHER PRICE,7357.69,4050.66,3.94,Yes,8684
50452,Lego Soft Mini 9,Toys,Soft Toys,LEGO,1647.31,1029.18,4.82,Yes,7411
50453,Ok Play Educational X 9,Toys,Educational,OK PLAY,9953.08,6474.12,4.54,No,8189
50454,Realme Tablets Flex 3,Electronics,Tablets,REALME,1560.1,1102.59,4.94,Yes,7333
50455,Samsung Cameras X 8,Electronics,Cameras,SAMSUNG,326.99,165.74,4.28,Yes,7080
50456,Fisher Price Action Pro 3,Toys,Action Figures,FISHER PRICE,26961.2,13531.48,4.48,Yes,8142
50457,Decathlon Badminton Flex 4,Sports,Badminton,DECATHLON,5046.41,2273.16,2.71,Yes,8768
50458,Butterfly Bedding Elite 6,Home Kitchen,Bedding,BUTTERFLY,507.86,232.38,3.74,Yes,8207
50459,SG Running Mini 7,Sports,Running,SG,57962.77,24368.02,4.75,Yes,7819
50460,Zara Bags Premium 3,Fashion,Bags,ZARA,144901.9,89374.31,4.59,Yes,7138
50461,Sony Smart Elite 8,Electronics,Smart Tvs,SONY,834.24,518.79,3.92,Yes,7090
50462,Amul Fruits Air 4,Grocery,Unknown,AMUL,13221.55,9385.94,3.2,Yes,8410
50463,Van Heusen Women Lite 9,Fashion,Women Clothing,VAN HEUSEN,9919.3,6669.76,3.76,Yes,8534
50464,Tanishq Kids Elite 3,Fashion,Kids Wear,TANISHQ,2465.08,1045.93,2.58,Yes,8553
50465,ITC Dairy Lite 8,Grocery,Dairy,ITC,165035.96,114249.21,4.42,Yes,7280
50466,Arihant Non X 9,Books,Non Fiction,ARIHANT,536.26,258.98,3.19,Yes,7836
50467,Sony Accessories Elite 2,Electronics,Accessories,SONY,18128.54,7600.07,4.8,Yes,7193
50468,healthkart Ayurveda Mini 1,Health,Ayurveda,HEALTHKART,4190.43,2604.97,2.55,Yes,7218
50469,Oxford Academic Smart 2,Books,Academic,OXFORD,2377.38,1155.17,3.14,Yes,8485
50470,Patanjali Cleaning Ultra 6,Grocery,Cleaning,PATANJALI,27769.49,19418.25,4.72,No,8469
50471,VAN HEUSEN Watches Active 1,Fashion,Watches,VAN HEUSEN,98506.87,47867.17,3.85,No,7358
50472,Dove Mens Plus 1,Beauty,Mens Grooming,DOVE,23409.06,13096.72,3.85,Yes,7545
50473,Himalaya Medical Neo 1,Health,Medical Devices,HIMALAYA,768.93,479.24,3.72,No,7498
50474,Fisher Price Puzzles Ultra 5,Toys,Puzzles,FISHER PRICE,432.13,266.87,4.46,No,7250
50475,Nivia Fitness X 4,Sports,Fitness Equipment,NIVIA,19531.57,9272.58,4.08,Yes,7225
50476,S.Chand Non Air 2,Books,Non Fiction,S.CHAND,35841.22,17972.79,3.76,Yes,7256
50477,Prestige Cookware Plus 1,Home Kitchen,Cookware,PRESTIGE,847.03,609.36,2.8,Yes,7416
50478,Scholastic Fiction Edge 1,Books,Fiction,SCHOLASTIC,231.06,95.31,3.43,Yes,8560
50479,Ok Play Remote Pro 1,Toys,Remote Control,OK PLAY,1750.21,1163.51,4.95,No,8683
50480,Dabur Medical Mini 7,Health,Medical Devices,DABUR,168.9,103.77,2.6,No,8153
50481,Arihant Fiction Premium 6,Books,Fiction,ARIHANT,193.08,78.78,4.85,No,7358
50482,Dabur Fruits X 2,Grocery,Fruits Vegetables,DABUR,372.15,192.45,2.62,Yes,8612
50483,S.Chand Fiction Plus 8,Books,Fiction,S.CHAND,982.8,422.52,3.82,Yes,8238
50484,muscleblaze Supplements Lite 9,Health,Supplements,MUSCLEBLAZE,2353.68,1168.7,2.96,Yes,8538
50485,OPPO Tablets X 8,Electronics,Tablets,OPPO,77046.29,39525.29,4.2,No,7180
50486,Speedo Running Edge 6,Sports,Running,SPEEDO,50891.58,28927.4,3.31,Yes,7707
50487,Louis Philippe Jewellery Edge 7,Fashion,Jewellery,LOUIS PHILIPPE,287.19,129.76,3.75,Yes,7758
50488,Bajaj Appliances Smart 5,Home Kitchen,Appliances,BAJAJ,71149.39,45682.2,2.71,Yes,7116
50489,Usha Furniture Pro 6,Home Kitchen,Furniture,USHA,1324.16,951.55,3.19,Yes,8052
50490,Castrol Bike Elite 9,Automotive,Bike Accessories,CASTROL,298978.93,190825.3,4.42,Yes,8597
50491,Samsung Tablets Pro 3,Electronics,Tablets,SAMSUNG,953.81,605.54,3.58,Yes,8299
50492,Van Heusen Footwear Flex 1,Fashion,Footwear,VAN HEUSEN,15392.85,8978.62,4.6,Yes,8162
50493,Funskool Educational Premium 4,Toys,Educational,FUNSKOOL,14473.22,6789.3,2.9,Yes,7364
50494,Orient Lighting Pro 9,Home Kitchen,Lighting,ORIENT,16220.71,6802.84,4.84,Yes,8386
50495,Michelin Car Ultra 4,Automotive,Car Accessories,MICHELIN,62689.29,38641.4,2.68,Yes,8993
50496,Milton Storage Smart 5,Home Kitchen,Storage,MILTON,500.97,211.12,3.92,Yes,7252
50497,Shell Tyres Elite 9,Automotive,Tyres,SHELL,2670.83,1253.53,2.82,Yes,7703
50498,Steelbird Tools Ultra 9,Automotive,Tools,STEELBIRD,3287.85,1627.76,3.93,Yes,7784
50499,Lakme Makeup Active 8,Beauty,Makeup,LAKME,3950.73,2252.76,3.52,No,7162
50500,Puma Watches Neo 4,Fashion,Watches,PUMA,39467.15,24545.6,2.97,Yes,7020
50501,Speedo Badminton X 8,Sports,Badminton,SPEEDO,84283.4,47551.63,2.98,No,7104
50502,Muscleblaze Medical Plus 9,Health,Medical Devices,MUSCLEBLAZE,7813.03,4857.33,3.68,Yes,8886
50503,Philips Furniture Edge 7,Home Kitchen,Furniture,PHILIPS,99203.91,71059.98,3.79,No,8232
50504,Dabur Baby Plus 7,Grocery,Baby Products,DABUR,671.86,296.63,3.87,No,8827
50505,Penguin Biographies Ultra 3,Books,Biographies,PENGUIN,4344.92,1900.58,4.85,No,7947
50506,Havells Furniture Flex 9,Home Kitchen,Furniture,HAVELLS,297.82,173.27,4.53,No,8898
50507,Philips Bedding Max 4,Home Kitchen,Bedding,PHILIPS,1526.59,725.85,2.95,No,7094
50508,Nivia Cricket Active 2,Sports,Cricket,NIVIA,457.09,273.82,2.89,Yes,7645
50509,HP Smartwatches Max 2,Electronics,Smartwatches,HP,452.13,294.96,3.34,Yes,8858
50510,Lakme Skincare Active 8,Beauty,Skincare,LAKME,41959.91,18244.42,4.38,Yes,7834
50511,Ok Play Puzzles Air 8,Toys,Puzzles,OK PLAY,16359.12,8644.98,4.79,Yes,7725
50512,Prestige Garden Air 5,Home Kitchen,Garden,PRESTIGE,131.34,82.87,4.0,No,8968
50513,Orient Furniture Flex 1,Home Kitchen,Furniture,ORIENT,309.85,126.09,3.3,Yes,7740
50514,HUL Dairy Ultra 1,Grocery,Dairy,HUL,1541.7,1101.32,2.93,No,7003
50515,3M Tyres Neo 5,Automotive,Tyres,3M,36245.44,21211.5,3.48,No,8845
50516,Dabur Protein Pro 4,Health,Protein,DABUR,62182.18,37707.7,5.0,No,7166
50517,tata Cleaning Max 9,Grocery,Cleaning,TATA,239.56,151.17,4.58,Yes,7991
50518,Orient Garden Active 7,Home Kitchen,Garden,ORIENT,1484.44,827.97,4.5,Yes,7743
50519,Bata Footwear Active 5,Fashion,Footwear,BATA,571.95,394.63,2.85,Yes,7415
50521,Tata Cleaning Neo 2,Grocery,Unknown,TATA,841.73,442.47,2.98,Yes,7559
50522,Castrol Tools Edge 1,Automotive,Tools,CASTROL,19004.34,9531.11,3.36,Yes,8925
50523,Lego Remote Elite 5,Toys,Remote Control,LEGO,42712.06,21991.65,4.94,Yes,8914
50524,Peter England Kids Ultra 5,Fashion,Kids Wear,PETER ENGLAND,3822.28,2508.36,2.74,No,7829
50525,Himalaya First Air 9,Health,First Aid,HIMALAYA,4212.6,2920.61,3.47,No,7744
50526,HarperCollins Non X 4,Books,Non Fiction,HARPERCOLLINS,12591.6,5351.63,5.0,No,7854
50527,3M Tyres Premium 1,Automotive,Tyres,3M,2518.39,1744.87,4.05,No,7481
50528,Parle Staples Ultra 5,Grocery,Staples,PARLE,118476.36,80557.41,3.12,Yes,8342
50529,P&G Dairy Edge 9,Grocery,Dairy,P&G,2171.9,998.77,4.68,Yes,7112
50530,Asus Accessories Pro 1,Electronics,Accessories,ASUS,120627.98,57378.13,3.28,Yes,8152
50531,Xiaomi Tablets Elite 4,Electronics,Tablets,XIAOMI,599.43,393.91,3.62,Yes,7804
50532,Xiaomi Mobiles Premium 1,Electronics,Mobiles,XIAOMI,9771.86,4482.04,4.14,Yes,8089
50533,Cipla First Max 8,Health,First Aid,CIPLA,749.23,371.15,4.82,Yes,7311
50534,Funskool Puzzles Air 1,Toys,Puzzles,FUNSKOOL,278745.75,160384.46,3.81,Yes,7193
50535,H&M Watches Max 4,Fashion,Watches,H&M,4928.89,3111.74,4.08,Yes,7613
50536,Yonex Cricket Flex 1,Sports,Cricket,YONEX,591.33,260.96,3.05,Yes,7553
50537,S.Chand Fiction Active 8,Books,Fiction,S.CHAND,54028.31,30455.83,3.83,Yes,7960
50538,Yonex Swimming Premium 7,Sports,Swimming,YONEX,37510.63,26084.62,3.24,No,8718
50539,ITC Cleaning Elite 1,Grocery,Cleaning,ITC,3619.64,1904.89,3.68,Yes,7206
50540,Apple Mobiles Premium 9,Electronics,Mobiles,APPLE,40467.87,24975.22,4.34,Yes,8977
50541,Nike Sports Shoes Pro,Automotive,Tyres,3M,185.29,126.76,4.88,Yes,8053
50542,Fast&Up Ayurveda Lite 4,Health,Ayurveda,FAST&UP,646.29,312.49,3.12,Yes,7327
50543,Michelin Car Pro 7,Automotive,Car Accessories,MICHELIN,425.38,219.95,4.16,Yes,7734
50544,Nivia Fitness Smart 2,Sports,Fitness Equipment,NIVIA,17670.2,10317.8,2.69,No,8822
50545,Arihant Children Ultra 6,Books,Children Books,ARIHANT,28589.27,19184.06,4.23,Yes,7634
50546,Borosil Lighting Plus 2,Home Kitchen,Lighting,BOROSIL,488.19,285.56,2.73,No,7969
50547,Steelbird Bike Mini 1,Automotive,Bike Accessories,STEELBIRD,289609.25,203538.12,3.06,Yes,7909
50548,Patanjali Baby Flex 7,Grocery,Baby Products,PATANJALI,49924.39,25370.94,4.57,Yes,8913
50549,Sony Headphones Max 5,Electronics,Headphones,SONY,127679.68,91000.48,3.06,Yes,8856
50550,S.Chand Fiction Premium 5,Books,Fiction,S.CHAND,14495.57,8916.0,3.42,Yes,7835
50551,reebok Cycling Smart 9,Sports,Cycling,REEBOK,579.84,321.4,3.86,Yes,8045
50552,LOreal Makeup Premium 4,Beauty,Makeup,LOREAL,4645.1,699.18,4.74,Yes,7702
50553,Patanjali Fruits Max 2,Grocery,Fruits Vegetables,PATANJALI,69131.84,47391.12,3.74,Yes,8308
50554,Lakme Skincare Lite 5,Beauty,Skincare,LAKME,2469.72,1772.04,3.73,No,7696
50555,HarperCollins Fiction Lite 3,Books,Fiction,HARPERCOLLINS,13811.95,5838.6,4.3,No,8300
50557,Canon Smartwatches Lite 1,Electronics,Smartwatches,CANON,287.45,127.33,3.52,No,7811
50558,Philips Decor Elite 7,Home Kitchen,Decor,PHILIPS,9036.95,4679.44,2.66,No,7861
50559,P&G Snacks Active 6,Grocery,Snacks,P&G,655.11,314.96,2.55,Yes,8213
50560,3M Bike Ultra 7,Automotive,Bike Accessories,3M,4449.61,2387.42,2.63,Yes,8562
50561,Pearson Children Pro 2,Books,Children Books,PEARSON,165.59,102.78,3.64,Yes,8799
50562,SG Cycling Plus 1,Sports,Cycling,SG,927.46,568.89,2.57,Yes,8020
50563,Dell Mobiles Ultra 1,Electronics,Mobiles,DELL,61561.9,40519.1,3.17,No,8251
50564,Steelbird Tyres Lite 3,Automotive,Tyres,STEELBIRD,8316.87,4979.27,2.89,No,8111
50565,Himalaya Ayurveda Smart 3,Health,Ayurveda,HIMALAYA,7094.15,3228.38,3.43,Yes,8631
50566,Steelbird Car Smart 3,Automotive,Car Accessories,STEELBIRD,31658.35,15684.15,3.95,Yes,7335
50567,Biotique Haircare Premium 9,Beauty,Haircare,BIOTIQUE,18229.0,12165.73,2.51,Yes,8432
50568,Decathlon Cricket Active 4,Sports,Cricket,DECATHLON,258963.76,106783.0,2.67,Yes,7154
50569,Nike Men Lite 4,Fashion,Men Clothing,NIKE,13698.2,7545.18,4.55,No,8062
50570,Scholastic Self Max 3,Books,Self Help,SCHOLASTIC,833.82,513.89,4.96,Yes,7189
50572,Orient Appliances Premium 8,Home Kitchen,Appliances,ORIENT,732.32,306.68,4.07,No,7968
50573,Himalaya Supplements Active 1,Health,Supplements,HIMALAYA,5843.56,3009.16,3.92,Yes,7068
50574,Havells Cookware Ultra 1,Home Kitchen,Cookware,HAVELLS,1961.1,924.95,4.46,Yes,8058
50575,Pearson Fiction Neo 8,Books,Fiction,PEARSON,18975.09,9186.21,3.09,Yes,8733
50576,tata Personal Pro 7,Grocery,Personal Care,TATA,11973.04,7732.47,2.8,No,8358
50577,Maybelline Skincare Max 8,Beauty,Skincare,MAYBELLINE,272483.8,122435.18,3.57,Yes,8527
50578,S.Chand Academic Smart 9,Books,Academic,S.CHAND,2483.89,1722.93,4.0,Yes,8714
50579,HarperCollins Non Edge 3,Books,Non Fiction,HARPERCOLLINS,3872.79,1707.3,4.4,No,7650
50580,Apple Accessories Elite 1,Electronics,Accessories,APPLE,3209.31,2888.379,3.74,Yes,7151
50581,Lakme Haircare Air 6,Beauty,Haircare,LAKME,14019.41,9565.19,4.95,Yes,7284
50582,Fisher Price Educational Edge 5,Toys,Educational,FISHER PRICE,45429.57,31211.81,2.74,Yes,8104
50583,Fisher Price Puzzles Edge 8,Toys,Puzzles,FISHER PRICE,10274.44,5390.59,4.58,Yes,8869
50584,Webby Board Mini 6,Toys,Board Games,WEBBY,137.27,57.32,2.79,Yes,7638
50585,Lego Educational Neo 4,Toys,Educational,LEGO,10059.85,6538.9025,3.89,Yes,7930
50586,Michelin Tools Smart 4,Automotive,Tools,MICHELIN,191.56,117.51,3.77,No,8676
50587,ITC Dairy Flex 4,Grocery,Dairy,ITC,17617.01,10368.75,4.89,Yes,7867
50588,H&M Watches Lite 3,Fashion,Watches,H&M,989.11,652.39,2.77,Yes,7105
50589,Himalaya First Premium 2,Health,First Aid,HIMALAYA,463.25,312.58,2.67,Yes,7119
50590,Bata Jewellery Flex 3,Fashion,Jewellery,BATA,9476.96,5212.0,4.71,Yes,7677
50591,Dove Haircare Elite 7,Beauty,Haircare,DOVE,1146.07,561.25,4.22,Yes,8477
50592,ITC Personal Edge 5,Grocery,Personal Care,ITC,526.17,357.45,2.64,No,8408
50593,Forest Essentials Fragrances Neo 4,Beauty,Fragrances,FOREST ESSENTIALS,525.61,237.3,4.32,Yes,8425
50594,Patanjali Snacks Pro 5,Grocery,Snacks,PATANJALI,7538.13,3363.85,3.72,Yes,8886
50595,Hasbro Action Flex 5,Toys,Unknown,HASBRO,14785.61,8866.14,4.15,Yes,7210
50596,Dabur Dairy Ultra 5,Grocery,Dairy,DABUR,183920.6,98363.61,3.3,No,8884
50597,Forest Essentials Skincare Mini 1,Beauty,Skincare,FOREST ESSENTIALS,754.53,426.31,3.58,Yes,7224
50598,Titan Watches Pro 8,Fashion,Watches,TITAN,182918.81,86165.65,3.32,Yes,8248
50599,Britannia Baby Ultra 3,Grocery,Baby Products,BRITANNIA,99069.61,39781.55,3.01,Yes,8929
50600,Castrol Bike Neo 5,Automotive,Bike Accessories,CASTROL,390.47,240.53,4.71,Yes,7594
50601,Milton Garden Active 8,Home Kitchen,Garden,MILTON,322.13,171.29,3.04,Yes,8384
50602,JBL Gaming Elite 7,Electronics,Gaming,JBL,8474.12,5663.92,2.63,Yes,8884
50603,LG Smartwatches Premium 6,Electronics,Smartwatches,LG,708.01,325.4,4.1,Yes,7936
50604,Noise Smartwatches Pro 5,Electronics,Smartwatches,NOISE,1002.99,716.24,4.34,Yes,7173
50605,Funskool Action Lite 1,Toys,Action Figures,FUNSKOOL,561.71,381.3,4.02,No,8179
50606,Nivea Mens Active 7,Beauty,Mens Grooming,NIVEA,1269.86,817.81,3.01,Yes,7505
50607,OPPO Headphones X 1,Electronics,Headphones,OPPO,3769.82,1875.8,4.34,Yes,8918
50608,HUL Staples Plus 8,Grocery,Staples,HUL,7881.57,4780.76,4.96,No,8482
50609,Abbott Vitamins Premium 3,Health,Vitamins,ABBOTT,728.47,409.35,4.26,Yes,7313
50610,Himalaya Supplements Elite 1,Health,Supplements,HIMALAYA,371.92,264.92,3.12,Yes,8926
50611,Usha Appliances Active 7,Home Kitchen,Appliances,USHA,2318.23,1637.49,2.71,Yes,8077
50612,Lego Soft Lite 9,Toys,Soft Toys,LEGO,240.84,122.93,4.58,Yes,8731
50613,Steelbird Lubricants Max 4,Automotive,Lubricants,STEELBIRD,559.99,315.55,4.56,Yes,7510
50614,Hasbro Puzzles Elite 7,Toys,Puzzles,HASBRO,982.72,497.9,4.49,Yes,7361
50615,Pearson Academic Air 5,Books,Academic,PEARSON,68251.05,46200.1,4.96,Yes,7684
50616,Michelin Car Ultra 4,Automotive,Car Accessories,MICHELIN,160284.48,106017.11,2.65,Yes,7291
50617,Funskool Board Elite 8,Toys,Board Games,FUNSKOOL,1264.9,667.07,4.29,No,8652
50618,Speedo Cycling Edge 3,Sports,Cycling,SPEEDO,3153.57,1852.31,4.89,Yes,8006
50619,Steelbird Car Neo 7,Automotive,Car Accessories,STEELBIRD,574.68,287.46,2.65,No,8626
50620,Abbott Supplements Ultra 7,Health,Supplements,ABBOTT,141790.85,92440.68,2.88,Yes,7264
50621,Tata Staples X 2,Grocery,Staples,TATA,55770.54,38792.37,4.85,Yes,8531
50622,Abbott Vitamins Ultra 9,Health,Vitamins,ABBOTT,3407.15,2063.32,3.75,Yes,7311
50623,Muscleblaze First Lite 3,Health,First Aid,MUSCLEBLAZE,15964.53,8346.82,2.68,Yes,8256
50624,LG Gaming Pro 3,Electronics,Gaming,LG,4481.34,2477.67,4.7,Yes,8410
50625,Shell Tyres Mini 5,Automotive,Tyres,SHELL,78456.01,34923.8,4.49,Yes,7325
50626,OnePlus Laptops Ultra 2,Electronics,Laptops,ONEPLUS,671.2,604.08,3.78,No,7497
50627,Decathlon Yoga Lite 1,Sports,Yoga,DECATHLON,12294.45,5984.88,3.23,No,7814
50628,Logitech Smartwatches Elite 5,Electronics,Smartwatches,LOGITECH,1073.54,626.25,3.81,Yes,8794
50629,Woodland Kids Edge 2,Fashion,Kids Wear,WOODLAND,3227.87,2134.11,4.05,Yes,7319
50630,Britannia Snacks Max 1,Grocery,Snacks,BRITANNIA,193.45,92.58,2.55,Yes,8958
50631,Forest Essentials Makeup Mini 6,Beauty,Makeup,FOREST ESSENTIALS,53414.72,36852.21,4.16,Yes,8455
50632,Orient Decor Edge 4,Home Kitchen,Decor,ORIENT,7216.27,3932.85,4.15,Yes,7944
50633,Funskool Soft Pro 1,Toys,Soft Toys,FUNSKOOL,311.14,175.24,2.72,No,8102
50634,S.Chand Biographies Max 5,Books,Biographies,S.CHAND,1064.23,652.96,3.56,Yes,8764
50635,Lego Soft Premium 8,Toys,Soft Toys,LEGO,17553.53,8691.05,4.79,Yes,7382
50636,Orient Cookware Pro 6,Home Kitchen,Cookware,ORIENT,696.21,392.42,4.95,Yes,7744
50637,Maybelline Makeup Active 4,Beauty,Makeup,MAYBELLINE,505.36,318.27,4.08,Yes,8204
50638,Nikon Cameras Flex 3,Electronics,Cameras,NIKON,78740.55,49244.77,2.74,Yes,8293
50639,Mattel Action Neo 2,Toys,Action Figures,MATTEL,30529.92,19138.91,3.92,No,7466
50640,Samsung Galaxy M35 5G,Health,Supplements,FAST&UP,4730.72,2151.02,4.99,Yes,7121
50641,SG Cycling Air 1,Sports,Cycling,SG,732.91,513.0369999999999,3.0,Yes,7006
50642,Yonex Fitness Flex 7,Sports,Fitness Equipment,YONEX,3220.59,1496.13,3.72,Yes,7928
50643,Vega Tyres Pro 3,Automotive,Tyres,VEGA,943.28,584.09,3.21,Yes,7355
50644,Usha Bedding X 3,Home Kitchen,Bedding,USHA,18755.66,12449.0,4.6,Yes,7455
50645,Himalaya First Plus 3,Health,First Aid,HIMALAYA,5383.83,3742.1,3.53,No,8000
50646,Funskool Puzzles Max 4,Toys,Puzzles,FUNSKOOL,50486.08,20473.8,2.66,No,7584
50647,Scholastic Self Plus 1,Books,Self Help,SCHOLASTIC,12514.54,7070.28,4.34,Yes,8806
50648,Mattel Board Air 1,Toys,Board Games,MATTEL,17138.01,9609.3,4.37,Yes,8870
50649,Van Heusen Jewellery Max 9,Fashion,Jewellery,VAN HEUSEN,207431.01,102535.92,3.55,Yes,8759
50650,Castrol Car Flex 6,Automotive,Car Accessories,CASTROL,50355.46,21336.88,3.97,Yes,8235
50651,Ok Play Educational Pro 5,Toys,Educational,OK PLAY,52586.11,36208.66,2.98,Yes,7606
50652,Orient Cookware Air 7,Home Kitchen,Cookware,ORIENT,15869.77,11354.06,3.11,No,8334
50653,Prestige Decor Max 2,Home Kitchen,Decor,PRESTIGE,820.48,377.84,3.12,No,7430
50654,Borosil Garden X 1,Home Kitchen,Garden,BOROSIL,386.15,276.62,4.39,Yes,7120
50655,Bajaj Appliances Elite 2,Home Kitchen,Appliances,BAJAJ,221270.18,123449.62,4.0,No,7542
50656,Nike Men Air 1,Fashion,Men Clothing,NIKE,17410.46,7602.57,4.57,Yes,7802
50657,Prestige Storage Lite 4,Home Kitchen,Storage,PRESTIGE,3681.36,2635.77,2.76,Yes,8154
50658,Xiaomi Tablets Premium 4,Electronics,Tablets,XIAOMI,46338.59,24802.67,4.73,Yes,8057
50659,OnePlus Gaming Elite 5,Electronics,Unknown,ONEPLUS,2760.82,1151.87,4.88,Yes,8430
50660,3M Bike Active 4,Automotive,Bike Accessories,3M,10094.79,5121.91,3.71,No,7623
50661,Amul Cleaning Ultra 9,Grocery,Cleaning,AMUL,846.53,341.99,4.11,No,8371
50662,Shell Tyres Flex 9,Automotive,Tyres,SHELL,4482.55,2464.44,4.21,Yes,8574
50663,Samsung Headphones Edge 6,Electronics,Headphones,SAMSUNG,6846.19,3832.87,4.14,Yes,8066
50664,HUL Snacks Flex 7,Grocery,Snacks,HUL,6103.8,2644.82,3.05,Yes,7033
50665,Lakme Haircare Neo 6,Beauty,Haircare,LAKME,214.25,130.16,2.96,Yes,8749
50666,Van Heusen Watches Active 8,Fashion,Unknown,VAN HEUSEN,10663.18,4901.48,4.87,Yes,7318
50667,Arihant Biographies Edge 1,Books,Biographies,ARIHANT,290.76,204.37,3.75,Yes,7929
50668,Dabur Ayurveda Max 5,Health,Ayurveda,DABUR,3492.79,539.71,3.92,Yes,8451
50669,Pantene Haircare X 9,Beauty,Haircare,PANTENE,261.52,129.42,3.99,Yes,7143
50670,MRF Fitness Elite 2,Sports,Fitness Equipment,MRF,19161.39,11198.0,4.45,Yes,8139
50671,Louis Philippe Watches Air 5,Fashion,Watches,LOUIS PHILIPPE,19946.92,11796.74,2.94,Yes,8046
50672,Himalaya Supplements Air 2,Health,Supplements,HIMALAYA,222663.55,109359.55,3.64,Yes,8852
50673,SG Cycling Ultra 1,Sports,Cycling,SG,22285.95,9722.38,3.28,Yes,7623
50674,UCB Kids Pro 9,Fashion,Kids Wear,UCB,600.91,367.06,3.57,Yes,8433
50675,Maybelline Mens Lite 1,Beauty,Mens Grooming,MAYBELLINE,116.9,55.95,3.9,Yes,7638
50676,Castrol Lubricants Plus 4,Automotive,Lubricants,CASTROL,67049.55,47279.9,2.75,Yes,8128
50677,Amul Staples Ultra 9,Grocery,Staples,AMUL,4741.31,2487.97,3.01,Yes,8837
50678,Tanishq Jewellery Air 4,Fashion,Jewellery,TANISHQ,16596.03,11601.27,3.6,Yes,7983
50679,Lenovo Laptops Air 1,Electronics,Laptops,LENOVO,359.6,221.95,3.04,Yes,8923
50680,Vivo Cameras Plus 1,Electronics,Unknown,VIVO,280.38,142.88,4.66,Yes,8808
50681,Penguin Fiction Premium 9,Books,Fiction,PENGUIN,16654.88,11825.23,2.54,Yes,8069
50682,Boat Accessories Flex 3,Electronics,Accessories,BOAT,39579.6,22709.9,4.43,Yes,8334
50683,Yonex Cricket Pro 6,Sports,Cricket,YONEX,1986.68,1343.93,3.6,Yes,8726
50684,Tata Staples Plus 6,Grocery,Staples,TATA,598.17,339.8,4.41,Yes,7790
50685,Steelbird Tyres Flex 6,Automotive,Tyres,STEELBIRD,671.37,417.55,3.05,Yes,8131
50686,Lego Board Neo 3,Toys,Board Games,LEGO,3570.08,2320.552,3.78,Yes,7688
50687,Cosco Yoga Active 4,Sports,Yoga,COSCO,2734.19,1537.24,4.12,Yes,8550
50688,Fisher Price Board Max 8,Toys,Board Games,FISHER PRICE,320.51,149.4,2.56,Yes,7448
50689,Bata Footwear Lite 1,Fashion,Footwear,BATA,36143.59,20948.83,3.37,Yes,7182
50690,Puma Men Max 8,Fashion,Men Clothing,PUMA,32322.69,19254.7,4.59,Yes,7883
50691,Healthkart Medical Neo 2,Health,Medical Devices,HEALTHKART,992.94,655.73,4.65,Yes,7930
50692,Nivia Fitness Max 3,Sports,Fitness Equipment,NIVIA,285.34,161.06,4.7,Yes,7873
50693,Apple Headphones Active 3,Electronics,Headphones,APPLE,138512.64,88991.23,3.08,Yes,7085
50694,Arihant Self Premium 4,Books,Self Help,ARIHANT,753.53,459.82,2.72,Yes,8422
50695,Hasbro Remote Mini 7,Toys,Remote Control,HASBRO,46842.55,28350.7,3.51,Yes,7115
50696,Healthkart Vitamins Premium 9,Health,Vitamins,HEALTHKART,575.77,270.49,4.74,Yes,8957
50697,Dabur First Pro 8,Health,First Aid,DABUR,2928.63,1261.27,4.73,Yes,7772
50698,Yonex Badminton Lite 2,Sports,Badminton,YONEX,4199.67,2939.769,3.23,Yes,8730
50699,H&M Jewellery Neo 2,Fashion,Jewellery,H&M,646.47,260.39,2.78,Yes,8271
50700,Cosco Cycling Edge 8,Sports,Cycling,COSCO,4744.9,2883.1,2.78,No,8488
50701,abbott Vitamins Max 9,Health,Vitamins,ABBOTT,18078.61,12321.03,3.37,No,7270
50702,Tanishq Jewellery Elite 6,Fashion,Jewellery,TANISHQ,1458.04,908.79,4.91,Yes,7050
50703,Havells Decor Air 9,Home Kitchen,Decor,HAVELLS,863.36,507.36,3.18,No,8782
50704,Under Armour Swimming Lite 4,Sports,Swimming,UNDER ARMOUR,3899.8,1895.41,3.34,Yes,7028
50705,Dell Smart Elite 1,Electronics,Smart Tvs,DELL,5775.94,2343.92,4.12,Yes,8966
50706,Dabur Beverages Smart 2,Grocery,Beverages,DABUR,1998.99,1699.1415,3.48,Yes,7209
50707,Nestle Dairy Air 4,Grocery,Dairy,NESTLE,919.37,546.98,4.45,Yes,7540
50708,Lego Soft Max 6,Toys,Soft Toys,LEGO,277753.06,155246.84,3.17,No,8967
50709,MRF Cricket Max 1,Sports,Cricket,MRF,17838.06,8490.96,2.92,Yes,7411
50710,Havells Cookware Edge 5,Home Kitchen,Cookware,HAVELLS,3034.42,1633.28,3.13,No,8687
50711,Speedo Cricket Plus 7,Sports,Cricket,SPEEDO,39662.34,18823.6,4.36,Yes,8290
50712,Ok Play Puzzles Elite 5,Toys,Puzzles,OK PLAY,3194.46,1756.52,3.93,No,7272
50713,P&G Cleaning Neo 5,Grocery,Unknown,P&G,3647.1,2050.85,3.78,Yes,7409
50714,Havells Decor Neo 3,Home Kitchen,Decor,HAVELLS,2167.04,1246.63,2.52,Yes,8034
50715,Hasbro Soft Elite 5,Toys,Soft Toys,HASBRO,187179.14,97621.59,4.2,Yes,8111
50716,MRF Yoga Flex 5,Sports,Yoga,MRF,67178.09,33896.76,3.49,Yes,7578
50717,Lego Action Max 1,Toys,Action Figures,LEGO,16767.62,6710.0,2.59,Yes,8367
50718,Dabur First X 1,Health,First Aid,DABUR,753.84,329.18,4.41,No,7042
50719,Prestige Furniture Mini 3,Home Kitchen,Furniture,PRESTIGE,253583.21,122934.95,2.93,Yes,7047
50720,Penguin Self Flex 8,Books,Self Help,PENGUIN,972.94,552.94,2.64,Yes,7624
50721,Steelbird Lubricants Pro 4,Automotive,Lubricants,STEELBIRD,2348.99,1337.23,4.78,Yes,7214
50722,Scholastic Academic Lite 4,Books,Academic,SCHOLASTIC,837.23,361.2,2.52,Yes,8266
50723,Borosil Furniture Plus 3,Home Kitchen,Furniture,BOROSIL,50813.63,27004.82,3.49,Yes,8121
50724,HP Smart Air 4,Electronics,Smart Tvs,HP,4049.2,2732.02,3.77,Yes,7730
50725,Bosch Tools Plus 2,Automotive,Tools,BOSCH,102230.93,42763.83,4.39,Yes,8700
50726,Nikon Cameras Flex 7,Electronics,Cameras,NIKON,164.23,77.22,2.72,Yes,8890
50727,Prestige Storage Mini 6,Home Kitchen,Storage,PRESTIGE,685.06,340.68,4.72,Yes,7861
50729,Vega Lubricants Pro 9,Automotive,Lubricants,VEGA,2496.18,1410.38,4.55,Yes,7876
50730,Woodland Sunglasses Lite 6,Fashion,Sunglasses,WOODLAND,279134.34,145314.36,3.86,Yes,8869
50731,Castrol Tools Smart 2,Automotive,Tools,CASTROL,959.7,542.72,2.9,Yes,7232
50732,Fast&Up Protein Plus 1,Health,Protein,FAST&UP,1799.28,1176.28,2.9,Yes,8149
50733,Butterfly Storage Air 3,Home Kitchen,Storage,BUTTERFLY,65547.53,26401.46,3.39,No,8718
50734,webby Board Elite 5,Toys,Board Games,WEBBY,131.18,91.73,3.38,No,7645
50735,Lego Action Ultra 3,Toys,Action Figures,LEGO,9304.23,4805.41,3.33,Yes,7643
50736,Cipla Supplements X 7,Health,Supplements,CIPLA,511.06,215.13,3.5,Yes,7855
50737,Bosch Tyres Mini 1,Automotive,Tyres,BOSCH,9358.13,5271.01,2.56,Yes,7082
50738,Mattel Soft Elite 7,Toys,Soft Toys,MATTEL,4631.57,2971.27,4.6,Yes,7530
50739,Amul Dairy Mini 9,Grocery,Dairy,AMUL,50323.39,31950.45,4.02,Yes,7543
50740,Woodland Watches Neo 5,Fashion,Watches,WOODLAND,103256.37,55324.18,3.79,No,8022
50741,Maybelline Mens Active 4,Beauty,Mens Grooming,MAYBELLINE,6313.02,2799.37,3.44,Yes,8336
50742,Fast&Up Protein Active 1,Health,Protein,FAST&UP,3257.27,1929.96,2.95,Yes,8574
50743,Ok Play Puzzles Elite 9,Toys,Puzzles,OK PLAY,15589.86,6780.95,3.29,Yes,8360
50744,HUL Beverages Max 2,Grocery,Beverages,HUL,3461.71,2038.43,3.9,Yes,8866
50745,Boat Rockerz 550,Health,Unknown,CIPLA,10600.39,7508.26,4.4,Yes,8905
50746,Forest Essentials Haircare Mini 6,Beauty,Haircare,FOREST ESSENTIALS,585.59,284.06,3.81,No,8445
50747,Parle Baby Air 3,Grocery,Baby Products,PARLE,4055.21,2654.03,3.47,No,7111
50748,MRF Yoga Flex 8,Sports,Yoga,MRF,3579300.85,2088310.19,2.6,No,7518
50749,Castrol Tools X 4,Automotive,Tools,CASTROL,4119.78,1720.13,4.02,Yes,8825
50750,dabur Supplements X 4,Health,Supplements,DABUR,127.85,55.67,4.02,Yes,8261
50751,Butterfly Lighting Neo 3,Home Kitchen,Lighting,BUTTERFLY,371.67,165.18,3.37,Yes,7533
50752,Nivia Badminton Mini 8,Sports,Badminton,NIVIA,1463.34,763.47,2.88,Yes,8058
50753,Puma Jewellery Pro 5,Fashion,Jewellery,PUMA,76118.85,41376.01,4.28,Yes,8171
50754,Speedo Swimming Flex 7,Sports,Swimming,SPEEDO,19691.37,14167.12,3.38,No,8574
50755,Nestle Baby Flex 6,Grocery,Baby Products,NESTLE,52632.8,26071.69,3.86,Yes,7707
50756,Xiaomi Cameras Pro 4,Electronics,Cameras,XIAOMI,13802.41,8879.05,3.81,Yes,7666
50758,Pantene Mens Max 2,Beauty,Mens Grooming,PANTENE,810.97,342.45,3.74,Yes,8068
50759,Speedo Cricket Neo 5,Sports,Cricket,SPEEDO,9879.59,7106.31,4.57,Yes,8258
50760,Mattel Educational Pro 3,Toys,Educational,MATTEL,4307.48,2261.76,3.98,Yes,7893
50761,HarperCollins Non X 7,Books,Unknown,HARPERCOLLINS,17231.38,11137.07,3.47,Yes,8532
50762,Samsung Headphones Air 7,Electronics,Headphones,SAMSUNG,4406.74,1876.96,4.51,No,8890
50763,Michelin Bike Lite 5,Automotive,Bike Accessories,MICHELIN,57872.93,33708.24,3.86,Yes,7629
50764,Shell Tools Flex 5,Automotive,Tools,SHELL,26218.59,17829.97,2.94,Yes,8064
50765,Penguin Academic Mini 2,Books,Academic,PENGUIN,257.54,184.81,4.11,No,8932
50766,Van Heusen Kids Flex 5,Fashion,Kids Wear,VAN HEUSEN,11367.26,5586.04,2.86,No,8013
50767,Oxford Self Mini 2,Books,Self Help,OXFORD,3992.16,2165.35,2.9,Yes,7727
50768,Castrol Tools Elite 6,Automotive,Tools,CASTROL,220010.65,118046.14,2.59,No,8950
50769,Dabur Protein Pro 2,Health,Protein,DABUR,7517.44,3642.57,4.57,Yes,7773
50770,Samsung Galaxy M35 5G,Fashion,Women Clothing,ADIDAS,1500.68,628.34,4.49,Yes,8767
50771,Acer Tablets Plus 1,Electronics,Tablets,ACER,55486.77,27251.57,3.4,Yes,8789
50772,Realme Tablets Mini 5,Electronics,Tablets,REALME,386.66,219.61,2.59,Yes,8085
50773,Webby Remote Neo 6,Toys,Remote Control,WEBBY,4626.86,2994.92,4.05,No,7501
50774,Xiaomi Tablets Smart 3,Electronics,Tablets,XIAOMI,2447.81,1461.11,4.02,Yes,7279
50775,Bajaj Decor Mini 9,Home Kitchen,Decor,BAJAJ,70130.98,37894.58,3.64,No,7980
50776,S.Chand Biographies Pro 4,Books,Biographies,S.CHAND,897.71,628.82,4.25,Yes,7800
50777,Prestige Storage Smart 7,Home Kitchen,Storage,PRESTIGE,5585.38,2502.24,2.75,Yes,8422
50778,Bata Footwear Active 4,Fashion,Footwear,BATA,13644.01,6873.61,3.96,Yes,7978
50779,UCB Men Air 2,Fashion,Men Clothing,UCB,13359.03,6591.29,3.68,Yes,8621
50780,UCB Footwear Flex 2,Fashion,Footwear,UCB,901.03,469.44,3.34,No,7876
50781,Yonex Cricket Active 4,Sports,Cricket,YONEX,2276.77,1441.9,4.8,Yes,8723
50782,Under Armour Cycling Active 1,Sports,Cycling,UNDER ARMOUR,421.81,288.34,2.96,Yes,8187
50783,Maybelline Haircare Premium 7,Beauty,Haircare,MAYBELLINE,656.04,415.4,3.14,No,8726
50784,Amul Staples X 2,Grocery,Staples,AMUL,137.45,70.06,4.88,Yes,7725
50785,Forest Essentials Fragrances Plus 9,Beauty,Fragrances,FOREST ESSENTIALS,2850.3,1202.51,3.54,No,7525
50786,Butterfly Cookware Edge 6,Home Kitchen,Cookware,BUTTERFLY,954.58,480.0,4.43,Yes,8351
50787,Decathlon Swimming Smart 5,Sports,Swimming,DECATHLON,723.64,344.39,4.11,No,7853
50788,Adidas Watches Active 7,Fashion,Watches,ADIDAS,112112.9,79982.18,4.45,No,7897
50789,Pearson Academic Max 1,Books,Academic,PEARSON,157799.62,93074.76,3.34,Yes,7004
50790,Nestle Cleaning Neo 6,Grocery,Cleaning,NESTLE,1732.19,1131.96,4.13,Yes,7055
50791,Bosch Tyres Smart 1,Automotive,Tyres,BOSCH,2355.62,980.19,3.7,Yes,8328
50792,Mattel Soft Pro 6,Toys,Soft Toys,MATTEL,154597.33,73326.35,3.93,No,8696
50793,Muscleblaze First Plus 6,Health,First Aid,MUSCLEBLAZE,5011.12,3247.93,4.24,No,7797
50794,Usha Storage Mini 8,Home Kitchen,Storage,USHA,15586.38,11174.17,3.56,Yes,7553
50795,JBL Gaming X 5,Electronics,Gaming,JBL,16171.75,8266.09,3.96,Yes,7966
50796,Philips Bedding Pro 3,Home Kitchen,Bedding,PHILIPS,1966.91,914.31,3.86,Yes,8014
50797,Bata Footwear Plus 2,Fashion,Footwear,BATA,107594.67,56534.99,4.08,Yes,7077
50798,Vega Lubricants Smart 5,Automotive,Lubricants,VEGA,949.73,609.47,3.65,No,7266
50799,Britannia Staples Premium 6,Grocery,Staples,BRITANNIA,18043.61,7695.9,4.14,No,8356
50800,Michelin Tyres Smart 8,Automotive,Tyres,MICHELIN,29560.36,16292.43,3.98,Yes,7945
50801,Lenovo Smart Pro 9,Electronics,Smart Tvs,LENOVO,9330.98,5351.23,3.1,Yes,7761
50802,OnePlus Smartwatches Neo 5,Electronics,Smartwatches,ONEPLUS,37974.27,25879.38,4.06,Yes,8280
50803,Lenovo Headphones Flex 8,Electronics,Headphones,LENOVO,7014.67,2828.38,4.71,Yes,8252
50804,Shell Tools Elite 5,Automotive,Tools,SHELL,78063.82,50269.79,4.2,Yes,8167
50805,Samsung Laptops Max 2,Electronics,Laptops,SAMSUNG,890.86,523.58,3.48,Yes,8137
50806,Nivia Swimming Ultra 9,Sports,Swimming,NIVIA,3494.53,2494.5,4.75,Yes,7075
50807,ITC Personal Edge 7,Grocery,Personal Care,ITC,62841.2,43604.14,3.24,Yes,7607
50808,Steelbird Lubricants Elite 5,Automotive,Lubricants,STEELBIRD,926.97,434.53,4.26,Yes,8132
50809,Muscleblaze Medical Lite 9,Health,Unknown,MUSCLEBLAZE,13653.2,7792.2,3.72,Yes,8479
50810,Castrol Bike Elite 3,Automotive,Bike Accessories,CASTROL,322.55,139.7,3.75,Yes,7557
50811,Dell Headphones Mini 2,Electronics,Headphones,DELL,403.57,190.16,3.57,Yes,7388
50812,MRF Fitness Ultra 8,Sports,Fitness Equipment,MRF,439.01,276.65,3.66,Yes,7041
50813,Scholastic Self Flex 5,Books,Self Help,SCHOLASTIC,4108.11,2180.53,2.95,Yes,8491
50814,Samsung Headphones Lite 5,Electronics,Headphones,SAMSUNG,630.59,349.21,2.94,Yes,7011
50815,Nike Bags Smart 8,Fashion,Bags,NIKE,3768.59,2225.42,3.51,Yes,8417
50816,LOreal Mens Mini 7,Beauty,Mens Grooming,LOREAL,56836.22,36915.7,3.16,No,7788
50817,Vivo Accessories Premium 2,Electronics,Accessories,VIVO,17684.2,9560.67,3.54,Yes,7334
50818,Under Armour Badminton Edge 6,Sports,Badminton,UNDER ARMOUR,208.72,128.07,3.83,Yes,7361
50819,Van Heusen Women Pro 2,Fashion,Women Clothing,VAN HEUSEN,491.22,209.22,4.24,Yes,8469
50820,SG Running X 9,Sports,Running,SG,49971.52,25424.69,4.11,Yes,7498
50821,Michelin Car Plus 2,Automotive,Car Accessories,MICHELIN,63691.7,26440.07,3.98,No,8514
50822,Gillette Mens Ultra 9,Beauty,Mens Grooming,GILLETTE,926.79,659.83,2.93,Yes,8981
50824,Steelbird Tyres Active 7,Automotive,Tyres,STEELBIRD,902.06,479.38,3.76,No,8305
50825,Healthkart Vitamins Mini 4,Health,Vitamins,HEALTHKART,1130.51,465.12,3.99,Yes,7060
50826,Tata Snacks Air 4,Grocery,Snacks,TATA,15518.3,10892.96,3.84,No,7426
50827,Forest Essentials Mens Active 8,Beauty,Mens Grooming,FOREST ESSENTIALS,21276.63,11646.36,3.75,Yes,7660
50828,Peter England Sunglasses Premium 1,Fashion,Sunglasses,PETER ENGLAND,38529.47,17944.75,4.76,No,8538
50829,Ok Play Action Ultra 4,Toys,Action Figures,OK PLAY,4827.41,2165.02,3.69,Yes,7105
50830,Nestle Cleaning Lite 8,Grocery,Cleaning,NESTLE,744.4,424.52,4.6,Yes,8205
50831,3M Tools Mini 1,Automotive,Tools,3M,257027.84,156657.85,4.21,No,8237
50832,Decathlon Running Mini 1,Sports,Running,DECATHLON,480.1,252.8,2.57,Yes,8364
50833,Cosco Swimming Elite 2,Sports,Swimming,COSCO,59956.89,33618.77,4.24,Yes,7193
50834,Butterfly Lighting Smart 1,Home Kitchen,Lighting,BUTTERFLY,65220.76,31570.46,2.8,Yes,8597
50835,Tata Baby Plus 6,Grocery,Baby Products,TATA,838.83,512.68,3.19,Yes,8969
50836,Louis Philippe Kids Edge 7,Fashion,Kids Wear,LOUIS PHILIPPE,9576.43,4914.23,3.21,No,7985
50837,Louis Philippe Women Elite 5,Fashion,Women Clothing,LOUIS PHILIPPE,8833.13,6101.68,3.0,Yes,7688
50838,Tata Personal Premium 1,Grocery,Personal Care,TATA,29829.73,14670.99,4.21,Yes,7440
50839,MRF Swimming Pro 7,Sports,Swimming,MRF,14803.01,9097.44,2.51,Yes,8180
50840,Forest Essentials Fragrances Elite 7,Beauty,Fragrances,FOREST ESSENTIALS,721.23,437.04,4.81,Yes,8868
50841,Titan Sunglasses Smart 2,Fashion,Sunglasses,TITAN,11829.03,7097.418000000001,4.08,No,8887
50842,3M Bike Pro 4,Automotive,Bike Accessories,3M,42042.53,19416.89,3.17,Yes,8016
50843,Maybelline Haircare Active 8,Beauty,Haircare,MAYBELLINE,817.76,465.54,4.28,Yes,7804
50844,Bata Women Flex 2,Fashion,Women Clothing,BATA,269600.78,167113.24,2.83,No,8031
50845,Yonex Cycling Ultra 3,Sports,Cycling,YONEX,2134.89,1446.9,4.32,Yes,8941
50846,LOreal Fragrances Elite 4,Beauty,Fragrances,LOREAL,11224.79,5349.62,2.55,Yes,7932
50847,HUL Beverages Active 7,Grocery,Beverages,HUL,3679.43,2286.8,3.28,Yes,7593
50848,Vivo Smartwatches Edge 6,Electronics,Smartwatches,VIVO,3026.17,1563.4,3.56,Yes,7640
50849,Nivea Mens Neo 1,Beauty,Mens Grooming,NIVEA,69717.73,42657.34,3.9,Yes,8799
50850,HarperCollins Fiction Pro 9,Books,Fiction,HARPERCOLLINS,376.66,175.64,4.43,Yes,7114
50851,Van Heusen Men Smart 4,Fashion,Men Clothing,VAN HEUSEN,6239.2,2707.66,3.45,Yes,7560
50852,Nivea Mens Ultra 5,Beauty,Mens Grooming,NIVEA,152773.46,99302.749,2.61,Yes,8195
50853,Cipla Medical Smart 6,Health,Medical Devices,CIPLA,79465.55,33640.21,4.2,No,8971
50854,Havells Cookware Pro 1,Home Kitchen,Cookware,HAVELLS,19067.95,13088.64,4.85,Yes,7159
50855,Steelbird Car Edge 3,Automotive,Car Accessories,STEELBIRD,774.99,478.8,2.67,Yes,8341
50856,Tata Fruits Elite 8,Grocery,Fruits Vegetables,TATA,160617.64,106028.45,4.23,Yes,7538
50857,Asus Gaming Pro 6,Electronics,Gaming,ASUS,2384.75,1613.3,3.22,Yes,7774
50858,3M Bike Lite 9,Automotive,Bike Accessories,3M,801.22,517.11,4.8,Yes,8916
50859,Speedo Cycling Plus 4,Sports,Cycling,SPEEDO,31351.3,19331.11,2.79,No,7105
50860,Steelbird Lubricants Edge 5,Automotive,Lubricants,STEELBIRD,552.32,242.7,4.85,Yes,7620
50861,S.Chand Children X 7,Books,Children Books,S.CHAND,61459.08,44011.75,4.44,No,7880
50862,Muscleblaze Ayurveda Elite 1,Health,Ayurveda,MUSCLEBLAZE,7710462.08,5782846.5600000005,4.96,Yes,8556
50863,amul Beverages Max 7,Grocery,Beverages,AMUL,7639.69,1269.47,3.08,Yes,8644
50864,P&G Cleaning Active 1,Grocery,Cleaning,P&G,627.15,274.01,4.39,Yes,7934
50865,Pantene Fragrances Neo 1,Beauty,Fragrances,PANTENE,2305.97,1055.71,3.81,Yes,8107
50866,Dabur Dairy Air 5,Grocery,Dairy,DABUR,30099.31,12795.11,4.69,Yes,8994
50867,3M Lubricants Pro 5,Automotive,Unknown,3M,2623.81,1571.64,3.25,Yes,8040
50868,Penguin Academic Flex 1,Books,Academic,PENGUIN,6998.63,3315.92,4.02,Yes,7579
50869,Steelbird Bike Ultra 9,Automotive,Bike Accessories,STEELBIRD,1521.71,1052.69,3.44,Yes,7789
50870,Cosco Cycling Mini 7,Sports,Cycling,COSCO,19867.45,10233.94,3.64,Yes,8159
50871,Fast&Up Ayurveda Ultra 8,Health,Ayurveda,FAST&UP,3748.55,1885.05,4.74,Yes,7789
50872,SG Swimming Flex 6,Sports,Swimming,SG,18180.16,11593.29,3.97,Yes,7101
50873,OnePlus Gaming Plus 2,Electronics,Gaming,ONEPLUS,4340.48,2061.39,3.04,Yes,7212
50874,Usha Bedding Elite 8,Home Kitchen,Bedding,USHA,278461.85,171042.18,4.59,Yes,8310
50875,Oxford Fiction Smart 5,Books,Fiction,OXFORD,704.84,486.61,3.46,Yes,7869
50876,Mattel Soft Flex 1,Toys,Soft Toys,MATTEL,3217.89,2056.26,4.78,Yes,8124
50877,Borosil Cookware Active 1,Home Kitchen,Cookware,BOROSIL,361.48,192.48,2.81,No,8578
50878,Pearson Non Neo 1,Books,Non Fiction,PEARSON,3836.48,2228.22,2.56,Yes,8724
50879,Forest Essentials Fragrances X 7,Beauty,Fragrances,FOREST ESSENTIALS,1897.17,1043.87,4.26,Yes,8047
50880,Biotique Makeup Edge 4,Beauty,Makeup,BIOTIQUE,15537.36,6797.16,4.5,Yes,8475
50881,Cosco Cricket Ultra 5,Sports,Cricket,COSCO,112.72,47.42,3.88,Yes,8529
50882,Nike Sports Shoes Pro,Toys,Action Figures,MATTEL,16912.95,11466.54,4.47,Yes,7540
50883,Nike Watches Mini 2,Fashion,Watches,NIKE,4185.29,2921.12,4.35,Yes,7712
50884,Lego Board Lite 2,Toys,Board Games,LEGO,2215.14,1345.49,2.89,Yes,8992
50885,Lego Puzzles Premium 2,Toys,Puzzles,LEGO,11507.63,7712.82,3.57,Yes,8336
50886,Mattel Puzzles Active 2,Toys,Puzzles,MATTEL,11180.26,6018.99,5.0,Yes,8332
50887,Bata Footwear Neo 7,Fashion,Footwear,BATA,3572.94,2530.76,4.54,Yes,8622
50888,Amul Fruits Air 6,Grocery,Unknown,AMUL,80373.78,32568.67,3.17,Yes,8017
50889,Hasbro Board X 3,Toys,Board Games,HASBRO,4504.78,2318.9,4.13,Yes,8455
50890,3M Lubricants X 7,Automotive,Lubricants,3M,114.57,82.07,4.22,No,8849
50891,Gillette Skincare Active 6,Beauty,Skincare,GILLETTE,19681.05,14010.96,3.82,No,8317
50892,Healthkart Supplements Premium 8,Health,Supplements,HEALTHKART,14575.13,10101.04,3.75,No,7842
50893,Sony Tablets Smart 9,Electronics,Tablets,SONY,54456.08,31290.17,3.01,Yes,8322
50894,Healthkart Medical Lite 5,Health,Medical Devices,HEALTHKART,423.66,228.72,3.28,Yes,8275
50895,Zara Footwear Edge 1,Fashion,Footwear,ZARA,1509.16,966.55,2.89,Yes,7610
50896,Under Armour Yoga Ultra 9,Sports,Yoga,UNDER ARMOUR,4932.11,2643.58,4.58,Yes,7572
50897,Oxford Academic Max 9,Books,Academic,OXFORD,699.82,455.09,3.93,No,7160
50898,Pearson Fiction Mini 9,Books,Fiction,PEARSON,951.07,635.34,2.97,Yes,8303
50899,Borosil Decor Lite 3,Home Kitchen,Decor,BOROSIL,25304.36,13386.43,2.77,Yes,8778
50900,Fast&Up Protein X 7,Health,Protein,FAST&UP,4340.69,2211.32,3.54,No,8270
50901,Vega Lubricants Flex 4,Automotive,Lubricants,VEGA,681.71,334.98,4.57,Yes,8168
50902,Oxford Self Neo 2,Books,Self Help,OXFORD,3989.35,2614.46,3.7,Yes,7614
50903,S.Chand Non Air 3,Books,Non Fiction,S.CHAND,755.12,478.23,2.94,Yes,7333
50904,Nivea Skincare Elite 1,Beauty,Skincare,NIVEA,141.73,58.07,3.12,Yes,8109
50905,Webby Puzzles Smart 6,Toys,Puzzles,WEBBY,1670.72,700.99,3.9,Yes,8213
50906,Samsung Galaxy M35 5G,Fashion,Kids Wear,TITAN,19962.32,12098.99,4.21,Yes,7760
50907,Webby Remote Air 1,Toys,Remote Control,WEBBY,1334.04,802.43,2.63,No,8711
50908,Scholastic Children X 3,Books,Children Books,SCHOLASTIC,4270.83,1966.6,3.83,Yes,7135
50909,Forest Essentials Haircare Smart 1,Beauty,Haircare,FOREST ESSENTIALS,951.2,380.79,3.19,Yes,7379
50910,S.Chand Academic Air 5,Books,Academic,S.CHAND,420.38,178.89,3.48,Yes,8710
50911,Vivo Smart Premium 7,Electronics,Smart Tvs,VIVO,648.46,451.31,3.86,Yes,8680
50912,PUMA Sunglasses Plus 6,Fashion,Sunglasses,PUMA,904.89,390.22,2.78,Yes,7119
50913,Louis Philippe Bags Flex 6,Fashion,Bags,LOUIS PHILIPPE,418.42,225.16,4.71,Yes,7822
50914,Funskool Educational Smart 6,Toys,Educational,FUNSKOOL,75721.43,43420.06,4.03,Yes,7162
50915,Gillette Mens Lite 5,Beauty,Mens Grooming,GILLETTE,2649.33,1425.49,4.09,No,7892
50916,Britannia Fruits Ultra 7,Grocery,Fruits Vegetables,BRITANNIA,5493.73,2737.04,4.24,Yes,7109
50917,Lenovo Mobiles Premium 8,Electronics,Mobiles,LENOVO,261652.08,146498.5,3.87,Yes,8059
50918,Ok Play Remote Plus 9,Toys,Remote Control,OK PLAY,3340.59,1356.87,5.0,Yes,7581
50919,MUSCLEBLAZE Ayurveda Elite 3,Health,Ayurveda,MUSCLEBLAZE,160087.02,66674.39,2.92,Yes,8578
50920,Usha Storage Flex 1,Home Kitchen,Storage,USHA,10883.06,5446.36,4.83,No,7720
50921,Penguin Fiction Plus 5,Books,Fiction,PENGUIN,185.54,94.62,3.34,No,7006
50922,Samsung Galaxy M35 5G,Books,Non Fiction,PENGUIN,4195.8,288.16,4.87,Yes,7404
50923,MRF Running Neo 7,Sports,Running,MRF,2225.14,946.52,4.53,Yes,8466
50924,Decathlon Cricket Elite 9,Sports,Cricket,DECATHLON,203597.54,81990.42,3.79,Yes,7710
50925,Nike Sports Shoes Pro,Grocery,Cleaning,TATA,936.63,483.81,4.92,Yes,7308
50926,Adidas Sunglasses Active 5,Fashion,Sunglasses,ADIDAS,14145.84,8904.89,3.1,Yes,7828
50927,Ok Play Board Neo 9,Toys,Board Games,OK PLAY,2353.45,991.74,3.02,Yes,7461
50928,Fisher Price Board Premium 4,Toys,Board Games,FISHER PRICE,2931.6,2060.01,4.15,Yes,7761
50929,HarperCollins Non Active 4,Books,Non Fiction,HARPERCOLLINS,67719.56,28571.55,2.74,Yes,8810
50930,Amul Dairy Lite 5,Grocery,Dairy,AMUL,149.99,64.54,2.57,Yes,7946
50931,Michelin Tyres Lite 3,Automotive,Tyres,MICHELIN,19933.44,8486.99,3.4,Yes,7834
50932,Louis Philippe Footwear Pro 4,Fashion,Footwear,LOUIS PHILIPPE,14138.7,6053.3,3.09,Yes,7459
50933,Shell Tyres Ultra 5,Automotive,Tyres,SHELL,192557.83,97638.13,4.0,No,8921
50934,ITC Cleaning Ultra 5,Grocery,Cleaning,ITC,3179.02,2278.79,4.91,Yes,8794
50935,Ok Play Action Lite 6,Toys,Action Figures,OK PLAY,233.26,127.16,2.56,Yes,8500
50936,Gillette Makeup Lite 8,Beauty,Makeup,GILLETTE,67885.03,36503.01,4.57,No,8756
50937,Maybelline Skincare Ultra 7,Beauty,Skincare,MAYBELLINE,44472.51,21736.33,4.89,Yes,7724
50938,Nike Sports Shoes Pro,Fashion,Watches,PETER ENGLAND,4604.31,2125.92,4.74,No,8234
50939,Peter England Kids Premium 7,Fashion,Kids Wear,PETER ENGLAND,284.74,130.0,4.9,No,8580
50940,Nivea Makeup Elite 4,Beauty,Makeup,NIVEA,13156.92,5869.02,4.42,Yes,7797
50941,Penguin Fiction Ultra 3,Books,Fiction,PENGUIN,247.1,174.34,3.03,Yes,8666
50942,Britannia Cleaning Plus 8,Grocery,Cleaning,BRITANNIA,226.41,104.73,3.16,Yes,8868
50943,Samsung Headphones X 8,Electronics,Headphones,SAMSUNG,285465.26,119840.58,3.05,Yes,7954
50944,Canon Laptops Flex 7,Electronics,Laptops,CANON,986.57,505.39,4.55,No,8228
50945,Healthkart Medical X 2,Health,Medical Devices,HEALTHKART,165786.23,85173.89,4.5,Yes,7539
50946,Michelin Lubricants Mini 4,Automotive,Lubricants,MICHELIN,164412.14,91248.93,4.91,Yes,7536
50947,Vega Tools Air 9,Automotive,Tools,VEGA,6551.14,2652.8,3.58,Yes,8423
50948,Reebok Cricket Edge 9,Sports,Cricket,REEBOK,39569.11,23878.33,2.82,Yes,7863
50949,3M Tyres Flex 5,Automotive,Tyres,3M,63677.02,37330.62,2.81,Yes,8063
50950,Hasbro Remote Ultra 3,Toys,Remote Control,HASBRO,11211.88,7443.24,3.28,Yes,7125
50951,Steelbird Tyres Air 1,Automotive,Tyres,STEELBIRD,63024.13,44313.43,4.4,Yes,8729
50952,michelin Tyres Plus 3,Automotive,Tyres,MICHELIN,15443.18,7160.43,4.19,Yes,8008
50953,Pearson Children Plus 7,Books,Unknown,PEARSON,504.84,325.97,3.53,No,7278
50954,HUL Beverages Active 2,Grocery,Beverages,HUL,817.02,331.71,3.68,Yes,7955
50955,LOreal Mens Smart 4,Beauty,Mens Grooming,LOREAL,19313.83,10324.45,3.06,Yes,7797
50956,Cosco Cricket Elite 5,Sports,Cricket,COSCO,24735.25,17670.44,3.65,Yes,7903
50957,Under Armour Swimming Mini 3,Sports,Swimming,UNDER ARMOUR,3323.14,2113.2,4.29,Yes,7777
50958,Scholastic Fiction Active 7,Books,Fiction,SCHOLASTIC,310.8,182.56,3.26,Yes,8276
50959,Tata Fruits Pro 3,Grocery,Fruits Vegetables,TATA,6793.39,2975.63,2.72,Yes,7679
50960,BIOTIQUE Mens Air 5,Beauty,Mens Grooming,BIOTIQUE,106.91,48.86,3.33,No,8090
50961,UCB Sunglasses Mini 1,Fashion,Sunglasses,UCB,1846.24,1109.35,3.36,Yes,8405
50962,Britannia Cleaning Lite 3,Grocery,Cleaning,BRITANNIA,901.43,613.83,3.6,No,8049
50963,NIKON Accessories Elite 4,Electronics,Accessories,NIKON,17636.72,15873.048,4.48,No,7164
50964,Realme Mobiles Air 4,Electronics,Mobiles,REALME,4804.69,2048.21,4.63,No,7264
50965,Zara Kids Max 9,Fashion,Kids Wear,ZARA,8516.43,4281.92,2.99,No,8784
50966,Hasbro Educational Pro 1,Toys,Educational,HASBRO,51452.74,31995.83,3.31,Yes,7396
50967,Boat Headphones X 8,Electronics,Headphones,BOAT,689.14,395.92,4.91,Yes,8717
50968,Amul Staples Flex 3,Grocery,Staples,AMUL,42473.78,24510.59,2.63,No,8682
50969,Bajaj Appliances X 1,Home Kitchen,Appliances,BAJAJ,3564.32,1503.43,2.76,Yes,7033
50970,Adidas Jewellery X 6,Fashion,Jewellery,ADIDAS,575.2,314.14,2.84,Yes,8859
50971,Boat Rockerz 550,Toys,Puzzles,MATTEL,42273.44,30201.53,2.99,No,8662
50972,Milton Lighting Active 9,Home Kitchen,Lighting,MILTON,3413.07,461.44,2.81,Yes,8802
50973,Butterfly Appliances Active 9,Home Kitchen,Appliances,BUTTERFLY,70322.87,28652.18,4.35,Yes,8273
50974,Oxford Non Lite 1,Books,Non Fiction,OXFORD,51929.8,22348.3,4.46,Yes,7535
50975,HP Mobiles Air 9,Electronics,Mobiles,HP,4212.18,2696.72,2.93,Yes,8051
50976,Forest Essentials Haircare Ultra 7,Beauty,Haircare,FOREST ESSENTIALS,47381.01,20913.16,4.5,Yes,8711
50977,S.Chand Children Mini 8,Books,Children Books,S.CHAND,14880.82,8618.77,3.07,Yes,7751
50978,Amul Staples Active 2,Grocery,Staples,AMUL,123169.76,62362.52,2.89,No,7951
50979,Nikon Headphones Premium 7,Electronics,Headphones,NIKON,1153.68,767.95,2.6,No,7683
50980,Bajaj Cookware Premium 3,Home Kitchen,Cookware,BAJAJ,215812.44,87393.24,3.49,No,7527
50981,Pearson Academic X 9,Books,Academic,PEARSON,2972.17,1193.62,2.82,No,8861
50982,Pearson Self Flex 9,Books,Self Help,PEARSON,2251.35,1519.01,3.5,Yes,7549
50983,Biotique Mens Flex 9,Beauty,Mens Grooming,BIOTIQUE,370.71,168.73,3.05,No,8960
50984,HarperCollins Academic Max 6,Books,Academic,HARPERCOLLINS,46540.01,19587.96,3.44,Yes,7329
50985,Decathlon Cricket Elite 4,Sports,Cricket,DECATHLON,3247.97,2219.09,2.91,Yes,7269
50986,Prestige Furniture Mini 8,Home Kitchen,Furniture,PRESTIGE,9639.03,3958.58,4.13,Yes,7455
50987,Havells Cookware Ultra 5,Home Kitchen,Cookware,HAVELLS,56624.7,23937.43,2.83,No,8073
50988,HarperCollins Non Mini 4,Books,Non Fiction,HARPERCOLLINS,14358.97,7668.6,3.76,Yes,8765
50989,MRF Running Plus 7,Sports,Running,MRF,61944.7,40657.39,4.25,Yes,8036
50990,Bajaj Furniture Lite 8,Home Kitchen,Furniture,BAJAJ,15223.96,10944.98,4.32,Yes,7324
50991,Fast&Up Protein Active 2,Health,Protein,FAST&UP,7331.67,3417.17,4.68,No,8398
50992,Fisher Price Puzzles Ultra 8,Toys,Puzzles,FISHER PRICE,26935.36,17559.06,3.04,Yes,7304
50993,Funskool Remote Lite 2,Toys,Remote Control,FUNSKOOL,2612.73,1698.2745,3.28,Yes,8193
50994,Puma Watches Smart 3,Fashion,Watches,PUMA,2119.59,1145.48,2.82,No,7751
50995,Maybelline Haircare X 7,Beauty,Haircare,MAYBELLINE,2167.59,1251.91,3.26,No,8619
50996,Lego Soft Pro 4,Toys,Soft Toys,LEGO,619.31,331.49,4.98,Yes,8767
50997,Biotique Mens Pro 6,Beauty,Mens Grooming,BIOTIQUE,3816.46,1624.17,4.79,Yes,7606
50998,Muscleblaze First Active 8,Health,First Aid,MUSCLEBLAZE,2330.35,1142.43,3.76,Yes,8271
50999,Dove Mens Plus 8,Beauty,Mens Grooming,DOVE,298243.32,180447.91,3.64,Yes,7300
51000,Lego Soft Flex 9,Toys,Soft Toys,LEGO,551.89,254.95,2.96,Yes,8851
51001,Peter England Jewellery Smart 4,Fashion,Jewellery,PETER ENGLAND,6234.53,3800.93,3.22,Yes,8813
51002,Mattel Action Lite 1,Toys,Action Figures,MATTEL,17357.39,7487.3,4.45,Yes,8578
51003,Funskool Educational Neo 4,Toys,Educational,FUNSKOOL,64578.33,44024.12,3.95,Yes,7042
51004,Cipla Medical Air 3,Health,Medical Devices,CIPLA,175482.41,87836.75,4.75,Yes,8754
51005,Parle Fruits X 4,Grocery,Fruits Vegetables,PARLE,291927.62,187878.36,2.84,Yes,7711
51006,Webby Puzzles X 3,Toys,Puzzles,WEBBY,47254.22,25469.52,4.0,Yes,7072
51007,Michelin Car Mini 9,Automotive,Car Accessories,MICHELIN,2971.05,1270.92,4.75,No,8132
51008,Peter England Sunglasses X 5,Fashion,Unknown,PETER ENGLAND,4831.68,2220.24,3.38,No,8151
51009,MRF Cricket Premium 3,Sports,Cricket,MRF,262.03,123.12,2.86,Yes,7537
51010,Levis Men Active 3,Fashion,Men Clothing,LEVIS,786.95,405.48,4.91,Yes,7888
51011,Dell Cameras X 3,Electronics,Cameras,DELL,10552.22,7588.55,2.52,Yes,7207
51012,Steelbird Tyres Flex 4,Automotive,Tyres,STEELBIRD,9039.87,4948.5,3.41,Yes,7488
51013,Puma Bags Lite 7,Fashion,Bags,PUMA,7599.77,4664.56,4.84,Yes,8282
51014,Vivo Tablets Max 4,Electronics,Tablets,VIVO,44998.28,40498.452,4.95,Yes,8794
51015,Castrol Tools Active 4,Automotive,Tools,CASTROL,63097.33,40395.6,3.19,Yes,7459
51016,Tanishq Kids Neo 8,Fashion,Kids Wear,TANISHQ,1916.62,885.42,4.05,Yes,8224
51017,Vega Car Air 6,Automotive,Car Accessories,VEGA,475.72,314.02,3.88,Yes,8600
51018,Borosil Storage Premium 3,Home Kitchen,Storage,BOROSIL,139.82,90.22,3.25,Yes,8411
51019,Vega Car Plus 8,Automotive,Car Accessories,VEGA,37730.3,20086.16,3.49,No,8955
51020,Steelbird Lubricants Flex 8,Automotive,Lubricants,STEELBIRD,48747.48,30021.49,3.18,Yes,7978
51021,Dabur First Smart 5,Health,First Aid,DABUR,325.22,177.63,4.44,Yes,8030
51022,Healthkart Vitamins Neo 8,Health,Vitamins,HEALTHKART,895.49,476.75,4.57,Yes,8945
51023,Borosil Storage Air 7,Home Kitchen,Storage,BOROSIL,694.28,485.9959999999999,3.79,Yes,8549
51024,Usha Appliances Pro 6,Home Kitchen,Appliances,USHA,1630.65,716.52,2.79,Yes,7995
51025,Parle Personal Mini 7,Grocery,Personal Care,PARLE,14638.8,8357.18,4.58,No,7475
51026,Mattel Remote Pro 3,Toys,Remote Control,MATTEL,871.91,596.78,4.94,Yes,7210
51027,P&G Personal Plus 1,Grocery,Personal Care,P&G,4894.9,3429.66,4.27,Yes,7820
51028,Vega Tools Ultra 3,Automotive,Tools,VEGA,17247.57,11402.83,3.29,Yes,7881
51029,Cosco Cricket Ultra 5,Sports,Cricket,COSCO,18105.61,7914.97,2.51,No,8772
51030,Cosco Running Lite 5,Sports,Running,COSCO,5612.895,1414.16,2.64,Yes,7101
51031,3M Car Plus 5,Automotive,Car Accessories,3M,2711.09,1329.17,2.96,Yes,7146
51032,Dabur Fruits Lite 9,Grocery,Fruits Vegetables,DABUR,2105.88,1035.53,4.64,Yes,8327
51033,Ok Play Educational Premium 4,Toys,Educational,OK PLAY,690.6,427.55,4.32,Yes,7215
51034,Castrol Tyres X 8,Automotive,Tyres,CASTROL,661.14,358.44,4.77,Yes,8644
51035,S.Chand Academic Max 5,Books,Academic,S.CHAND,59497.56,36716.3,3.17,Yes,7409
51036,Mattel Puzzles Edge 3,Toys,Puzzles,MATTEL,1396.19,587.9,2.99,No,7269
51037,Under Armour Badminton Neo 6,Sports,Badminton,UNDER ARMOUR,18205.02,11495.76,4.48,Yes,7456
51038,Cosco Badminton Neo 9,Sports,Badminton,COSCO,5258.91,2727.58,4.38,No,8053
51039,Cipla Medical Mini 3,Health,Medical Devices,CIPLA,18271.72,12588.12,3.55,Yes,7518
51040,Dabur Supplements Edge 9,Health,Supplements,DABUR,80622.14,39991.23,3.28,Yes,7240
51041,Canon Cameras Elite 7,Electronics,Cameras,CANON,5217.33,3231.43,3.28,Yes,8544
51042,Van Heusen Watches Lite 4,Fashion,Watches,VAN HEUSEN,285078.75,185054.15,4.64,No,7533
51043,Woodland Jewellery Smart 1,Fashion,Jewellery,WOODLAND,1412.92,1004.12,2.67,Yes,8422
51044,Arihant Self Active 8,Books,Self Help,ARIHANT,294798.54,143993.53,4.44,Yes,8093
51045,Canon Mobiles X 3,Electronics,Mobiles,CANON,396.45,283.29,3.07,Yes,7027
51046,Muscleblaze Protein Plus 3,Health,Protein,MUSCLEBLAZE,33579.63,16612.34,4.09,No,8702
51047,Britannia Baby Elite 5,Grocery,Baby Products,BRITANNIA,12364.56,8662.53,4.46,Yes,7490
51048,Bata Men Lite 1,Fashion,Men Clothing,BATA,214873.33,141014.0,2.84,Yes,8085
51049,Abbott Protein Flex 2,Health,Protein,ABBOTT,2308.94,991.07,4.68,Yes,7355
51050,Steelbird Tyres Flex 3,Automotive,Tyres,STEELBIRD,974.39,515.62,4.45,Yes,7446
51051,Lakme Mens Max 3,Beauty,Mens Grooming,LAKME,3267.42,1978.34,2.96,Yes,7568
51052,Arihant Fiction Premium 1,Books,Fiction,ARIHANT,4115.81,2400.06,3.37,Yes,8855
51053,Dell Cameras Ultra 8,Electronics,Cameras,DELL,2493.89,1492.08,3.63,Yes,8061
51054,Yonex Cycling Flex 4,Sports,Cycling,YONEX,902.1,477.19,4.96,No,7068
51055,Healthkart First Pro 6,Health,First Aid,HEALTHKART,2661.71,1437.12,3.09,Yes,7613
51056,Tanishq Footwear X 5,Fashion,Footwear,TANISHQ,169849.35,120120.15,4.26,No,8164
51057,Maybelline Mens Flex 6,Beauty,Mens Grooming,MAYBELLINE,77926.17,56061.74,3.54,Yes,8599
51058,Van Heusen Jewellery Neo 6,Fashion,Jewellery,VAN HEUSEN,149224.85,103947.58,3.03,Yes,8992
51059,Prestige Decor Air 2,Home Kitchen,Decor,PRESTIGE,446.54,316.89,4.22,Yes,8665
51060,Nestle Beverages Mini 6,Grocery,Beverages,NESTLE,195695.03,124628.92,2.5,No,8811
51062,HarperCollins Biographies Air 6,Books,Biographies,HARPERCOLLINS,6621.62,3314.23,4.01,Yes,8410
51063,Xiaomi Smartwatches Ultra 8,Electronics,Smartwatches,XIAOMI,45289.01,22076.5,3.96,Yes,7741
51064,Fisher Price Puzzles Elite 1,Toys,Puzzles,FISHER PRICE,391.5,161.72,4.18,Yes,8082
51065,Asus Tablets Active 3,Electronics,Tablets,ASUS,4914.23,3510.6,2.92,Yes,8898
51066,Reebok Yoga Ultra 4,Sports,Yoga,REEBOK,98423.17,63097.33,2.67,Yes,7922
51067,Levis Footwear Active 3,Fashion,Footwear,LEVIS,18542.85,12422.84,4.97,Yes,8167
51068,Pearson Non Mini 4,Books,Non Fiction,PEARSON,79884.65,35613.84,4.61,Yes,8545
51069,Tata Dairy Max 8,Grocery,Dairy,TATA,6341.22,3414.86,4.66,Yes,8072
51070,Dabur Medical Neo 8,Health,Medical Devices,DABUR,2418.1,1530.98,3.33,Yes,8891
51071,Bosch Tyres Flex 9,Automotive,Tyres,BOSCH,739.14,391.35,2.63,Yes,7505
51072,Lego Action X 2,Toys,Action Figures,LEGO,3941.78,2353.84,3.67,Yes,7459
51073,Abbott Protein Max 8,Health,Protein,ABBOTT,10170.5,6910.73,3.92,Yes,7398
51074,Borosil Storage Flex 3,Home Kitchen,Storage,BOROSIL,218.91,110.13,3.59,Yes,8338
51075,S.CHAND Self Lite 1,Books,Self Help,S.CHAND,1432.3,745.02,3.14,No,8889
51076,Puma Kids Ultra 8,Fashion,Kids Wear,PUMA,14880.59,6798.91,2.52,Yes,8132
51077,Gillette Skincare Lite 1,Beauty,Skincare,GILLETTE,72971.23,48852.46,3.18,No,7435
51078,JBL Mobiles Mini 8,Electronics,Mobiles,JBL,192084.75,93558.03,4.77,Yes,8529
51079,Arihant Self Pro 2,Books,Self Help,ARIHANT,4660.93,3309.71,2.95,Yes,8731
51080,Muscleblaze Vitamins Lite 5,Health,Vitamins,MUSCLEBLAZE,89307.36,40335.31,4.77,Yes,8981
51081,Puma Kids Edge 4,Fashion,Kids Wear,PUMA,17713.63,9371.54,2.91,Yes,8296
51082,Adidas Watches Lite 2,Fashion,Watches,ADIDAS,47383.7,29952.81,4.4,Yes,8350
51083,castrol Lubricants Ultra 5,Automotive,Lubricants,CASTROL,1732.86,1087.7,2.65,Yes,7729
51084,Usha Furniture Max 4,Home Kitchen,Furniture,USHA,240177.55,136988.04,4.12,Yes,8562
51085,HP Cameras Max 7,Electronics,Cameras,HP,1443.85,625.33,4.09,No,8221
51086,Patanjali Snacks Ultra 6,Grocery,Snacks,PATANJALI,3440.09,1627.18,4.48,Yes,8433
51087,Patanjali Snacks Premium 5,Grocery,Snacks,PATANJALI,560.66,343.33,4.1,Yes,8495
51088,Cipla Protein Air 1,Health,Protein,CIPLA,1484.22,691.2,3.05,Yes,7600
51089,3M Tools Ultra 8,Automotive,Tools,3M,457.73,311.89,4.81,Yes,8617
51090,Castrol Tools Neo 8,Automotive,Tools,CASTROL,835.18,592.22,4.72,Yes,7712
51091,Asus Cameras X 2,Electronics,Cameras,ASUS,4784.92,3259.56,4.79,Yes,8333
51092,Himalaya Vitamins Plus 4,Health,Vitamins,HIMALAYA,2860.02,1316.76,3.88,Yes,8192
51093,Pearson Biographies Ultra 8,Books,Biographies,PEARSON,297.54,153.83,3.66,No,8064
51094,Bajaj Storage Active 7,Home Kitchen,Storage,BAJAJ,3225.3450000000003,578.51,3.46,Yes,7232
51095,Penguin Self Flex 8,Books,Self Help,PENGUIN,5965.0,2864.27,3.59,Yes,8163
51096,Decathlon Cycling Mini 5,Sports,Cycling,DECATHLON,617.15,443.38,3.14,Yes,8572
51097,speedo Badminton Smart 6,Sports,Badminton,SPEEDO,189683.26,130603.7,3.37,Yes,8311
51098,LOreal Skincare Elite 3,Beauty,Skincare,LOREAL,6316.6,4259.79,4.32,Yes,8222
51099,Nestle Baby Mini 7,Grocery,Baby Products,NESTLE,295.55,136.18,4.05,Yes,8277
51100,Titan Sunglasses Elite 3,Fashion,Sunglasses,TITAN,12220.75,7908.35,4.9,Yes,8751
51101,Pantene Mens Max 5,Beauty,Mens Grooming,PANTENE,222851.57,107031.15,2.79,Yes,7663
51102,SG Yoga Smart 2,Sports,Yoga,SG,13405.52,6189.15,3.15,Yes,7956
51103,Yonex Badminton Flex 1,Sports,Badminton,YONEX,9251.98,6416.64,2.87,Yes,8924
51104,Yonex Fitness Elite 3,Sports,Fitness Equipment,YONEX,10399.36,4581.14,4.78,Yes,7487
51105,Vega Bike Air 6,Automotive,Bike Accessories,VEGA,21280.76,13422.84,4.42,Yes,8172
51106,Hasbro Action Elite 9,Toys,Action Figures,HASBRO,1617344.04,1067372.29,3.78,Yes,7170
51107,Scholastic Non Smart 1,Books,Non Fiction,SCHOLASTIC,986.92,401.6,4.55,No,8042
51108,Funskool Educational Mini 3,Toys,Educational,FUNSKOOL,4155.23,2579.05,4.74,Yes,7229
51109,Puma Footwear Active 9,Fashion,Footwear,PUMA,28442.65,11966.82,4.61,No,8984
51110,Biotique Fragrances Premium 9,Beauty,Fragrances,BIOTIQUE,3652.66,279.05,3.08,Yes,7693
51111,Lakme Skincare X 8,Beauty,Skincare,LAKME,19093.7,10086.78,2.7,Yes,7624
51112,HarperCollins Biographies Plus 9,Books,Biographies,HARPERCOLLINS,70739.41,34052.07,4.31,Yes,7176
51113,HP Gaming Air 7,Electronics,Gaming,HP,214.39,105.95,4.83,Yes,8118
51114,MRF Swimming X 7,Sports,Swimming,MRF,76646.03,40621.05,4.2,Yes,8750
51115,Penguin Non Premium 9,Books,Non Fiction,PENGUIN,259.55,169.98,3.61,Yes,8997
51116,Pearson Self Plus 5,Books,Self Help,PEARSON,892.89,603.85,3.46,Yes,7636
51117,Fastrack Women Neo 5,Fashion,Women Clothing,FASTRACK,1864.35,771.18,2.9,Yes,8452
51118,Michelin Car Plus 3,Automotive,Car Accessories,MICHELIN,12263.62,8303.93,2.93,Yes,7859
51119,Amul Baby Max 7,Grocery,Baby Products,AMUL,5322.26,4523.921,3.57,No,8502
51120,Maybelline Fragrances X 3,Beauty,Fragrances,MAYBELLINE,121832.64,81497.42,3.8,No,7562
51121,HUL Baby Air 7,Grocery,Baby Products,HUL,2073.53,1181.25,3.11,Yes,7515
51122,OnePlus Tablets Edge 1,Electronics,Tablets,ONEPLUS,390.75,232.48,4.16,Yes,7720
51123,HarperCollins Self Flex 4,Books,Self Help,HARPERCOLLINS,17776.44,7158.84,4.58,Yes,8856
51124,Michelin Tools Premium 2,Automotive,Tools,MICHELIN,2497.83,1318.05,4.98,Yes,8397
51125,Gillette Skincare Pro 4,Beauty,Skincare,GILLETTE,4865.93,2324.43,4.71,Yes,7845
51126,Muscleblaze First Air 9,Health,First Aid,MUSCLEBLAZE,62670.55,25455.96,4.65,No,8338
51127,Butterfly Furniture Neo 1,Home Kitchen,Furniture,BUTTERFLY,17738.44,9280.11,3.42,Yes,7775
51128,Scholastic Academic Edge 6,Books,Academic,SCHOLASTIC,570.39,335.02,3.78,Yes,7334
51129,Borosil Cookware Smart 7,Home Kitchen,Cookware,BOROSIL,276083.67,138085.82,2.78,Yes,7227
51130,OnePlus Smartwatches Max 3,Electronics,Smartwatches,ONEPLUS,5232.78,3692.03,3.17,Yes,7714
51131,MRF Running Ultra 3,Sports,Running,MRF,11279.54,6219.91,3.13,Yes,8241
51132,Tata Dairy X 9,Grocery,Dairy,TATA,7870.02,4721.53,3.87,No,8383
51133,S.Chand Self Edge 5,Books,Self Help,S.CHAND,166154.17,86380.2,3.3,No,7321
51134,Fisher Price Educational Active 3,Toys,Educational,FISHER PRICE,691.63,287.81,4.67,Yes,7606
51135,OPPO Smart Plus 9,Electronics,Smart Tvs,OPPO,343.1,141.18,2.58,No,8840
51136,Biotique Skincare Mini 8,Beauty,Skincare,BIOTIQUE,4721.87,2742.89,4.71,No,8914
51137,Britannia Personal Ultra 9,Grocery,Personal Care,BRITANNIA,12460.81,6068.64,2.55,Yes,8354
51138,Zara Watches Neo 3,Fashion,Watches,ZARA,290.68,193.69,2.53,Yes,8857
51139,LAKME Mens Smart 5,Beauty,Mens Grooming,LAKME,27755.57,17223.8,2.81,Yes,8205
51140,Decathlon Badminton Plus 5,Sports,Badminton,DECATHLON,3768.42,1761.85,4.74,No,7355
51141,Under Armour Badminton Active 5,Sports,Badminton,UNDER ARMOUR,33688.33,15797.18,3.48,Yes,7245
51142,Dell Tablets Plus 5,Electronics,Tablets,DELL,1189.85,721.17,2.73,No,7477
51143,Bosch Bike Elite 1,Automotive,Bike Accessories,BOSCH,2649.39,1625.74,3.1,Yes,7144
51144,Dove Haircare Flex 3,Beauty,Haircare,DOVE,162643.42,74354.9,3.95,No,7038
51145,HarperCollins Academic Edge 8,Books,Academic,HARPERCOLLINS,10143.07,5731.59,4.51,Yes,8518
51146,3M Car Air 5,Automotive,Car Accessories,3M,3831.39,2492.71,4.77,Yes,8530
51147,Samsung Galaxy M35 5G,Home Kitchen,Garden,PRESTIGE,72352.96,40467.97,4.42,Yes,8413
51148,Patanjali Beverages Max 4,Grocery,Beverages,PATANJALI,192862.47,81810.06,4.31,Yes,8572
51149,Bajaj Appliances Neo 6,Home Kitchen,Unknown,BAJAJ,15509.67,10541.46,3.22,Yes,8316
51150,Nike Women Lite 8,Fashion,Unknown,NIKE,4647.53,827.87,3.52,Yes,7586
51151,Philips Storage Air 3,Home Kitchen,Storage,PHILIPS,2069.95,967.54,3.88,Yes,8287
51152,Vega Lubricants Lite 7,Automotive,Lubricants,VEGA,586.59,350.08,4.7,Yes,8191
51153,S.Chand Self Elite 3,Books,Self Help,S.CHAND,4015.62,1989.43,4.29,Yes,8068
51154,Mattel Remote Ultra 9,Toys,Remote Control,MATTEL,266.13,110.4,3.82,Yes,7994
51155,Castrol Bike Air 6,Automotive,Bike Accessories,CASTROL,61547.2,34270.09,4.24,Yes,7068
51156,Muscleblaze First Max 7,Health,First Aid,MUSCLEBLAZE,248049.08,142039.14,3.83,No,8410
51157,HarperCollins Non Neo 1,Books,Non Fiction,HARPERCOLLINS,417.5,243.44,4.83,Yes,7820
51158,Nivea Haircare Active 7,Beauty,Haircare,NIVEA,127.97,88.04,4.45,Yes,7807
51159,Nivea Skincare Plus 8,Beauty,Skincare,NIVEA,19026.73,12182.69,2.56,Yes,7338
51160,Mattel Puzzles Edge 5,Toys,Puzzles,MATTEL,137.82,58.57,4.72,Yes,8468
51161,Pantene Haircare Active 2,Beauty,Haircare,PANTENE,15564.99,7647.28,3.62,Yes,7033
51162,MRF Cycling Mini 1,Sports,Unknown,MRF,2542.99,1648.94,4.52,Yes,7625
51163,Milton Cookware X 7,Home Kitchen,Cookware,MILTON,2631.29,1342.66,3.37,Yes,8249
51164,Abbott Vitamins Active 2,Health,Vitamins,ABBOTT,841.19,546.32,3.06,Yes,8265
51165,Bata Footwear X 6,Fashion,Footwear,BATA,302.27,137.29,2.6,No,8343
51166,Gillette Mens Ultra 7,Beauty,Mens Grooming,GILLETTE,819.67,387.32,4.21,Yes,7539
51167,OnePlus Accessories Elite 2,Electronics,Accessories,ONEPLUS,64474.13,32236.41,4.38,Yes,8484
51168,Dabur Staples Pro 7,Grocery,Staples,DABUR,10758.62,6233.7,3.68,No,8423
51169,Abbott Vitamins Mini 4,Health,Vitamins,ABBOTT,236.24,146.46,4.01,Yes,8450
51170,Dabur Beverages Lite 7,Grocery,Beverages,DABUR,456.38,310.72,4.17,Yes,8180
51171,Bosch Tyres X 8,Automotive,Tyres,BOSCH,2351.48,1163.89,3.42,Yes,8494
51172,HarperCollins Self Pro 8,Books,Self Help,HARPERCOLLINS,2566.14,1655.67,4.73,Yes,7407
51173,Louis Philippe Footwear Pro 9,Fashion,Footwear,LOUIS PHILIPPE,100837.51,65169.93,3.86,No,7168
51174,Pearson Fiction Mini 9,Books,Fiction,PEARSON,3491.6,2305.7,3.97,Yes,7360
51175,Healthkart Supplements Lite 3,Health,Supplements,HEALTHKART,41464.84,22216.9,3.55,Yes,8559
51176,Arihant Biographies Ultra 2,Books,Biographies,ARIHANT,946.65,527.23,4.39,Yes,8779
51177,HarperCollins Academic Max 2,Books,Academic,HARPERCOLLINS,1105.44,637.22,3.26,Yes,8385
51178,Britannia Personal Air 4,Grocery,Personal Care,BRITANNIA,55427.18,24161.77,4.4,Yes,8770
51179,Healthkart Supplements Flex 9,Health,Supplements,HEALTHKART,196.69,130.02,4.2,Yes,7159
51180,Penguin Fiction Pro 6,Books,Fiction,PENGUIN,922.17,634.46,4.9,No,7187
51181,3M Tyres Air 5,Automotive,Tyres,3M,14813.31,6455.32,2.92,Yes,8663
51182,cipla Vitamins Smart 6,Health,Vitamins,CIPLA,39193.52,21301.08,3.3,Yes,8860
51183,Tata Fruits Ultra 4,Grocery,Fruits Vegetables,TATA,895.9,400.7,3.26,No,7836
51184,Mattel Board Air 3,Toys,Board Games,MATTEL,989.5,599.27,4.0,Yes,8562
51185,Biotique Mens Ultra 4,Beauty,Mens Grooming,BIOTIQUE,4373.14,1977.35,3.82,No,7272
51186,Dabur First Flex 7,Health,First Aid,DABUR,25482.66,18209.04,4.97,Yes,7865
51187,Patanjali Personal Plus 5,Grocery,Personal Care,PATANJALI,18655.01,10905.57,3.29,Yes,7953
51188,Himalaya First Max 2,Health,First Aid,HIMALAYA,4499.08,1865.19,2.57,Yes,7744
51189,Mattel Remote Max 6,Toys,Remote Control,MATTEL,18142.07,11872.2,3.01,Yes,7047
51190,Funskool Puzzles Neo 1,Toys,Puzzles,FUNSKOOL,4172.03,2311.25,4.76,Yes,8135
51191,Yonex Fitness Lite 2,Sports,Fitness Equipment,YONEX,18255.16,7546.24,4.56,Yes,7177
51192,Pantene Makeup Smart 7,Beauty,Makeup,PANTENE,736.78,384.8,2.68,Yes,7119
51193,Acer Mobiles Smart 5,Electronics,Mobiles,ACER,822.05,537.31,3.58,Yes,8262
51194,H&M Kids Pro 2,Fashion,Kids Wear,H&M,121975.38,65674.07,2.71,Yes,7172
51195,MRF Swimming Smart 7,Sports,Swimming,MRF,1605.51,1052.26,4.12,Yes,7041
51196,Bata Footwear Elite 3,Fashion,Footwear,BATA,1414.39,746.3,2.51,Yes,8144
51197,MRF Cricket Edge 2,Sports,Cricket,MRF,21630.84,9010.07,4.25,No,7715
51198,Usha Lighting Pro 5,Home Kitchen,Lighting,USHA,360.56,200.97,4.3,No,8421
51199,Nike Sports Shoes Pro,Electronics,Mobiles,VIVO,502.42,243.63,4.78,Yes,8267
51200,Scholastic Biographies X 8,Books,Biographies,SCHOLASTIC,4221.89,2110.945,2.71,Yes,8513
51201,Lakme Skincare X 6,Beauty,Skincare,LAKME,18684.89,12955.79,3.46,Yes,7795
51202,Cosco Swimming Plus 5,Sports,Swimming,COSCO,7308.87,4040.48,3.94,Yes,7324
51203,Muscleblaze Supplements Air 1,Health,Supplements,MUSCLEBLAZE,116747.77,50724.18,3.62,Yes,8998
51204,Decathlon Swimming Pro 1,Sports,Swimming,DECATHLON,872.8,546.49,3.43,Yes,7029
51205,Dove Makeup Neo 6,Beauty,Makeup,DOVE,5675.16,3295.74,4.21,Yes,8862
51206,Abbott First Premium 4,Health,First Aid,ABBOTT,2659.96,1067.4,4.42,Yes,8461
51207,itc Fruits Smart 2,Grocery,Fruits Vegetables,ITC,295.2,122.28,2.92,No,7091
51208,Dove Makeup Premium 3,Beauty,Makeup,DOVE,35153.81,21536.14,2.71,Yes,7803
51209,Pearson Fiction Plus 5,Books,Fiction,PEARSON,31880.92,13246.32,2.98,Yes,8694
51210,SG Badminton Premium 1,Sports,Badminton,SG,21213.83,13540.53,4.6,Yes,8555
51211,Muscleblaze Medical Smart 5,Health,Medical Devices,MUSCLEBLAZE,2540.94,1681.99,3.62,Yes,8870
51212,3M Car Edge 1,Automotive,Car Accessories,3M,4430.84,2182.07,2.85,No,7266
51213,Healthkart First Pro 3,Health,First Aid,HEALTHKART,958.49,527.44,3.84,Yes,7867
51214,Speedo Fitness Max 9,Sports,Fitness Equipment,SPEEDO,17838.78,9854.9,3.12,Yes,8811
51215,Yonex Badminton Active 8,Sports,Badminton,YONEX,72126.53,33623.0,4.33,No,7643
51216,Hasbro Puzzles Neo 3,Toys,Puzzles,HASBRO,2622.09,1470.28,4.52,Yes,8028
51217,SG Cycling Air 1,Sports,Cycling,SG,128.68,62.69,4.75,Yes,8218
51218,Parle Staples Edge 8,Grocery,Staples,PARLE,177872.03,71797.69,2.98,No,8150
51219,Levis Footwear Active 2,Fashion,Footwear,LEVIS,255.8,106.72,4.45,Yes,8198
51220,UCB Men Edge 1,Fashion,Men Clothing,UCB,2630.28,1847.04,4.57,Yes,7842
51221,LOreal Skincare Ultra 9,Beauty,Skincare,LOREAL,1280.92,740.11,4.23,Yes,7755
51222,Orient Storage Elite 8,Home Kitchen,Storage,ORIENT,17220.4,11808.28,3.17,No,8064
51223,Xiaomi Mobiles Air 3,Electronics,Mobiles,XIAOMI,2135.66,1308.97,3.63,Yes,8212
51224,Reebok Cycling Ultra 4,Sports,Cycling,REEBOK,81720.79,52062.7,2.58,Yes,7656
51225,3M Tools Premium 7,Automotive,Tools,3M,5058.06,2882.71,3.23,Yes,8392
51226,Michelin Car Active 2,Automotive,Car Accessories,MICHELIN,4625.51,2993.84,3.2,Yes,8341
51227,P&G Staples Active 5,Grocery,Staples,P&G,46661.02,31390.55,4.05,Yes,8638
51228,Orient Appliances Air 6,Home Kitchen,Appliances,ORIENT,2945.75,1797.97,3.34,Yes,8344
51229,Bosch Car Lite 1,Automotive,Car Accessories,BOSCH,314.06,193.8,4.18,Yes,7401
51230,S.Chand Children X 8,Books,Children Books,S.CHAND,449.02,224.51,2.96,Yes,7339
51231,Reebok Cycling Mini 1,Sports,Cycling,REEBOK,1759.49,1148.61,2.83,Yes,7578
51232,Philips Appliances Smart 7,Home Kitchen,Appliances,PHILIPS,15339.44,8192.32,4.43,Yes,7458
51233,Orient Storage Max 2,Home Kitchen,Storage,ORIENT,848.83,465.99,4.3,Yes,8771
51234,Bata Watches Pro 1,Fashion,Watches,BATA,14970.47,7670.67,4.82,Yes,8649
51235,amul Fruits Lite 6,Grocery,Fruits Vegetables,AMUL,121923.07,65069.39,4.23,Yes,7063
51236,Levis Sunglasses Max 8,Fashion,Sunglasses,LEVIS,191.1,85.11,3.16,Yes,8056
51237,Bata Watches Premium 4,Fashion,Watches,BATA,72958.93,45520.27,3.58,Yes,8225
51238,Ok Play Board Smart 6,Toys,Board Games,OK PLAY,3986.5,2068.28,4.48,Yes,7043
51239,Fast&Up First Air 7,Health,First Aid,FAST&UP,34817.8,15223.89,4.04,No,7303
51240,Pigeon Cookware Mini 6,Home Kitchen,Cookware,PIGEON,27194.91,12850.21,4.66,No,8678
51241,Cipla First X 6,Health,First Aid,CIPLA,261.05,171.29,4.03,Yes,7478
51242,Parle Personal Neo 4,Grocery,Personal Care,PARLE,402.09,179.06,3.74,No,8863
51243,Xiaomi Cameras Elite 6,Electronics,Cameras,XIAOMI,241745.51,154036.83,3.52,Yes,8993
51244,Abbott Vitamins Neo 6,Health,Vitamins,ABBOTT,611.85,369.09,3.04,Yes,8682
51245,louis philippe Men Pro 8,Fashion,Men Clothing,LOUIS PHILIPPE,4352.56,2631.71,3.16,Yes,7414
51246,Vega Lubricants Pro 4,Automotive,Lubricants,VEGA,803.39,445.99,2.71,Yes,7568
51247,Samsung Mobiles Ultra 4,Electronics,Mobiles,SAMSUNG,242844.3,171841.28,3.98,Yes,8696
51248,Fast&Up Medical Elite 2,Health,Medical Devices,FAST&UP,102.42,64.42,3.36,Yes,8537
51249,HP Laptops Plus 8,Electronics,Laptops,HP,4095.31,2344.97,3.93,Yes,7306
51250,loreal Haircare Pro 1,Beauty,Haircare,LOREAL,43463.51,26866.15,2.84,Yes,8120
51251,Usha Furniture Plus 8,Home Kitchen,Furniture,USHA,2206.54,1329.79,4.71,Yes,8872
51252,Yonex Yoga Ultra 1,Sports,Yoga,YONEX,16985.51,11473.11,3.26,Yes,8105
51253,Levis Footwear Max 8,Fashion,Footwear,LEVIS,1005.82,605.48,3.79,Yes,7504
51254,Cosco Swimming Smart 8,Sports,Swimming,COSCO,349.52,174.78,2.65,Yes,7607
51255,Vivo Tablets Mini 2,Electronics,Tablets,VIVO,1960.61,1144.18,3.79,Yes,8562
51256,OnePlus Headphones Active 9,Electronics,Headphones,ONEPLUS,11493.05,5555.05,4.62,Yes,7435
51257,Castrol Tools Active 8,Automotive,Tools,CASTROL,185.74,87.47,2.58,Yes,8660
51258,fast&up Protein Air 1,Health,Protein,FAST&UP,20111.85,13107.93,4.06,Yes,8299
51259,HUL Staples Ultra 3,Grocery,Staples,HUL,118731.3,48096.29,3.67,Yes,7287
51260,Amul Baby Smart 7,Grocery,Baby Products,AMUL,9477.59,3857.81,4.46,No,8677
51261,Nivea Skincare Premium 1,Beauty,Skincare,NIVEA,497.32,200.64,3.43,Yes,7334
51262,Himalaya Protein Max 1,Health,Protein,HIMALAYA,4710.05,1963.44,4.14,Yes,8878
51263,Healthkart Medical Lite 9,Health,Medical Devices,HEALTHKART,288.73,116.64,4.93,No,8636
51264,Canon Laptops Lite 8,Electronics,Laptops,CANON,1087.95,580.39,3.59,Yes,8328
51265,Bosch Car Active 8,Automotive,Car Accessories,BOSCH,16097.7,11310.52,3.26,Yes,8249
51266,Patanjali Personal Pro 6,Grocery,Personal Care,PATANJALI,3968.72,1890.57,4.47,No,8781
51267,JBL Laptops Ultra 5,Electronics,Laptops,JBL,608.65,386.89,3.67,Yes,8327
51268,Reebok Fitness Edge 1,Sports,Fitness Equipment,REEBOK,73893.66,35360.0,3.78,Yes,7542
51269,Lego Action Plus 5,Toys,Action Figures,LEGO,2779.05,1816.95,4.89,Yes,7411
51270,S.CHAND Academic Plus 8,Books,Academic,S.CHAND,9346.9,4336.12,4.27,Yes,7469
51271,Reebok Fitness Edge 3,Sports,Fitness Equipment,REEBOK,4722.91,3204.05,3.45,Yes,7631
51273,Steelbird Car Plus 6,Automotive,Car Accessories,STEELBIRD,20193.03,14280.68,2.9,Yes,7639
51274,Healthkart Supplements Lite 7,Health,Supplements,HEALTHKART,3534.67,2440.6,3.01,Yes,7373
51275,3M Tools Flex 7,Automotive,Tools,3M,185.17,112.88,4.08,No,8139
51276,Lego Board Flex 7,Toys,Board Games,LEGO,752.3,533.05,3.95,Yes,8336
51277,Mattel Action Max 2,Toys,Action Figures,MATTEL,111219.77,61952.83,3.75,Yes,7819
51278,MRF Yoga Active 6,Sports,Yoga,MRF,3086.73,2032.04,2.64,Yes,8247
51279,Lenovo Laptops Lite 3,Electronics,Laptops,LENOVO,26063.66,17895.55,3.79,Yes,7394
51280,Realme Smart Edge 9,Electronics,Smart Tvs,REALME,5145.6,2258.29,2.68,Yes,7948
51281,Peter England Watches Lite 3,Fashion,Watches,PETER ENGLAND,4746.26,2778.51,3.73,Yes,7623
51282,Milton Cookware Edge 6,Home Kitchen,Unknown,MILTON,9710.31,4831.64,4.9,No,7919
51283,Prestige Appliances Edge 3,Home Kitchen,Appliances,PRESTIGE,17169.18,10285.0,2.93,Yes,7882
51284,Speedo Running Max 5,Sports,Running,SPEEDO,2406.85,1622.7,4.84,Yes,8739
51285,Ok Play Action Premium 2,Toys,Action Figures,OK PLAY,4619.55,2430.09,3.37,Yes,8000
51286,Yonex Yoga Pro 4,Sports,Yoga,YONEX,77702.07,35656.86,3.94,Yes,8766
51287,HarperCollins Non Neo 8,Books,Non Fiction,HARPERCOLLINS,5401.94,2360.83,3.75,No,8534
51288,Adidas Jewellery Active 1,Fashion,Jewellery,ADIDAS,890.63,373.32,4.98,Yes,8133
51289,Lego Board Flex 2,Toys,Board Games,LEGO,398.36,249.96,4.09,Yes,7302
51290,Yonex Cricket Max 3,Sports,Cricket,YONEX,9302.86,5617.46,3.56,No,8183
51291,Ok Play Puzzles Air 4,Toys,Puzzles,OK PLAY,16513.18,7754.37,3.53,Yes,8136
51292,UCB Bags Premium 7,Fashion,Bags,UCB,29131.13,18510.87,3.62,Yes,7640
51293,Butterfly Furniture Max 5,Home Kitchen,Furniture,BUTTERFLY,2300.32,1573.58,3.91,Yes,7663
51294,Fast&Up First Neo 5,Health,First Aid,FAST&UP,861.94,485.27,4.33,Yes,8160
51295,Pigeon Lighting Mini 4,Home Kitchen,Unknown,PIGEON,3454.31,2040.32,2.56,No,8727
51296,Webby Action Smart 6,Toys,Action Figures,WEBBY,152.96,91.88,3.39,No,7015
51298,Usha Storage Mini 7,Home Kitchen,Storage,USHA,390.84,180.96,3.93,No,8465
51299,Under Armour Running Premium 6,Sports,Unknown,UNDER ARMOUR,1140.16,662.59,4.53,Yes,8517
51300,Usha Decor X 7,Home Kitchen,Decor,USHA,705.62,318.32,4.48,No,7084
51301,Philips Cookware Mini 4,Home Kitchen,Cookware,PHILIPS,187416.46,113393.03,3.22,No,7914
51302,Nivia Yoga Pro 2,Sports,Yoga,NIVIA,4502.17,3151.519,2.69,No,8275
51303,Lenovo Headphones Active 6,Electronics,Headphones,LENOVO,191.61,123.53,5.0,Yes,7905
51304,Webby Soft Active 3,Toys,Soft Toys,WEBBY,6421.01,3398.98,3.91,Yes,7174
51305,Borosil Bedding Max 3,Home Kitchen,Bedding,BOROSIL,77630.24,42942.2,4.04,Yes,8801
51306,H&M Kids Edge 7,Fashion,Kids Wear,H&M,71240.06,49073.38,2.96,Yes,7834
51307,Cosco Badminton Max 7,Sports,Badminton,COSCO,213136.57,108610.84,4.15,No,8491
51308,Usha Storage Ultra 4,Home Kitchen,Storage,USHA,565.97,360.3,3.42,Yes,7452
51309,Speedo Fitness X 8,Sports,Fitness Equipment,SPEEDO,145.28,83.13,3.97,Yes,7128
51310,HarperCollins Non Flex 6,Books,Non Fiction,HARPERCOLLINS,18436.18,11061.18,3.67,Yes,7835
51311,Lego Board Pro 6,Toys,Board Games,LEGO,290058.93,143945.21,3.82,Yes,7859
51312,Lego Puzzles Air 8,Toys,Puzzles,LEGO,10774.93,5599.21,4.29,Yes,8084
51313,Puma Sunglasses Mini 4,Fashion,Sunglasses,PUMA,9572.18,5553.53,4.92,Yes,7227
51314,biotique Haircare Premium 2,Beauty,Haircare,BIOTIQUE,4622.51,3278.83,3.55,No,8933
51315,Adidas Watches Flex 4,Fashion,Watches,ADIDAS,138781.28,64958.87,3.87,Yes,8476
51316,HarperCollins Fiction Elite 8,Books,Fiction,HARPERCOLLINS,4013.84,1612.56,3.1,No,7926
51317,S.Chand Fiction Ultra 1,Books,Fiction,S.CHAND,29551.12,13541.46,4.34,Yes,8491
51318,Canon Tablets Lite 3,Electronics,Tablets,CANON,209.39,137.54,3.24,Yes,8335
51319,Forest Essentials Haircare Elite 2,Beauty,Haircare,FOREST ESSENTIALS,1954.26,1164.18,4.09,Yes,7780
51320,Arihant Self Lite 1,Books,Self Help,ARIHANT,236620.55,118989.57,4.87,No,7927
51321,VEGA Tools Smart 3,Automotive,Tools,VEGA,353.49,242.2,4.2,No,8228
51322,Webby Educational X 6,Toys,Educational,WEBBY,59326.35,38300.21,3.97,Yes,8280
51323,Nike Watches X 3,Fashion,Watches,NIKE,593.93,301.12,4.91,No,7150
51324,3M Tools Air 6,Automotive,Tools,3M,216632.63,152875.37,4.76,Yes,7202
51325,Healthkart Supplements X 2,Health,Supplements,HEALTHKART,4411.39,1792.37,2.56,Yes,7026
51326,nivea Haircare Mini 3,Beauty,Haircare,NIVEA,57755.84,34158.69,4.92,Yes,8787
51327,Arihant Academic X 5,Books,Academic,ARIHANT,134.79,86.37,3.44,Yes,8621
51328,Patanjali Personal Premium 3,Grocery,Personal Care,PATANJALI,121.12,61.51,3.14,Yes,7137
51329,Peter England Watches Air 4,Fashion,Watches,PETER ENGLAND,4870.08,2924.12,4.31,Yes,8709
51330,Nike Sports Shoes Pro,Books,Self Help,SCHOLASTIC,827.77,361.29,3.32,Yes,7467
51331,MICHELIN Car X 9,Automotive,Car Accessories,MICHELIN,3468.77,2102.23,3.34,Yes,7788
51332,Patanjali Staples Plus 5,Grocery,Staples,PATANJALI,3171.38,1811.36,4.6,No,7014
51333,Havells Furniture Edge 8,Home Kitchen,Furniture,HAVELLS,8648.81,5796.63,2.74,No,7616
51334,Arihant Fiction Lite 2,Books,Fiction,ARIHANT,10635.56,4971.36,4.31,Yes,7083
51335,Samsung Galaxy M35 5G,Beauty,Makeup,NIVEA,7753.52,4238.55,4.56,Yes,8172
51336,Nivea Fragrances Plus 1,Beauty,Fragrances,NIVEA,167618.41,83323.43,2.51,No,7021
51337,Britannia Personal Lite 3,Grocery,Personal Care,BRITANNIA,613.61,410.25,4.94,Yes,7782
51338,GILLETTE Mens Neo 6,Beauty,Mens Grooming,GILLETTE,58199.55,31893.85,4.82,Yes,8261
51339,Britannia Dairy Mini 8,Grocery,Dairy,BRITANNIA,57533.25,36537.28,4.65,No,7652
51340,Muscleblaze Protein Ultra 1,Health,Protein,MUSCLEBLAZE,691.9,353.57,4.75,No,8350
51341,Zara Jewellery Plus 6,Fashion,Jewellery,ZARA,80931.94,46767.86,4.25,Yes,8085
51342,Michelin Lubricants Neo 5,Automotive,Lubricants,MICHELIN,2005.46,1285.93,3.7,No,7379
51343,Cipla Medical Max 4,Health,Medical Devices,CIPLA,775.03,418.97,3.86,Yes,7826
51344,MRF Cycling Flex 2,Sports,Cycling,MRF,4681763.9,2936441.74,4.3,Yes,8036
51345,Nivia Cycling Pro 5,Sports,Cycling,NIVIA,797.27,412.7,3.1,No,7124
51346,Arihant Children Smart 1,Books,Children Books,ARIHANT,76444.29,48220.62,3.18,Yes,8121
51348,Penguin Fiction Smart 1,Books,Fiction,PENGUIN,4025.6,1633.13,3.98,Yes,8788
51349,Funskool Puzzles Active 2,Toys,Puzzles,FUNSKOOL,230.51,149.8315,3.72,No,7328
51350,Sony Smart Active 4,Electronics,Smart Tvs,SONY,819.68,499.78,4.48,Yes,8312
51351,Castrol Lubricants Elite 3,Automotive,Lubricants,CASTROL,636.06,422.0,4.94,No,7978
51352,Healthkart Protein Ultra 6,Health,Protein,HEALTHKART,247634.1,119061.67,2.97,Yes,7417
51353,Muscleblaze Vitamins Pro 9,Health,Vitamins,MUSCLEBLAZE,107072.24,58703.97,4.94,No,7462
51354,ITC Baby Flex 1,Grocery,Baby Products,ITC,3417.96,1679.68,2.87,No,8435
51355,pantene Fragrances Active 3,Beauty,Fragrances,PANTENE,945.43,608.8,4.93,Yes,8527
51356,Abbott Protein Air 4,Health,Protein,ABBOTT,3431.28,1668.38,4.33,Yes,8845
51357,Nivia Cricket Active 5,Sports,Cricket,NIVIA,549.0,270.12,3.85,No,8967
51358,Asus Smartwatches Edge 7,Electronics,Smartwatches,ASUS,8744.25,3520.88,4.75,No,7775
51359,Ok Play Educational Max 5,Toys,Educational,OK PLAY,18317.28,12539.99,2.8,Yes,7711
51360,Prestige Storage Air 2,Home Kitchen,Storage,PRESTIGE,674.48,279.65,3.9,Yes,7038
51361,Philips Cookware X 9,Home Kitchen,Cookware,PHILIPS,9342.47,4602.5,3.04,No,7529
51362,Sony Accessories Lite 2,Electronics,Accessories,SONY,166.71,96.01,3.19,Yes,7605
51363,Xiaomi Headphones Plus 8,Electronics,Headphones,XIAOMI,267405.82,136401.94,3.66,No,8196
51364,Dabur Supplements Active 8,Health,Supplements,DABUR,4287.89,1907.63,2.89,No,8430
51365,ucb Footwear Edge 2,Fashion,Footwear,UCB,6210.47,3789.65,3.11,No,7064
51366,Butterfly Cookware Premium 9,Home Kitchen,Cookware,BUTTERFLY,2863.2,1725.11,3.54,Yes,7696
51367,Van Heusen Sunglasses Smart 7,Fashion,Sunglasses,VAN HEUSEN,784.74,368.55,3.64,Yes,8700
51368,Pearson Biographies Max 5,Books,Biographies,PEARSON,18316.22,9482.07,3.55,Yes,8934
51369,Parle Staples Elite 3,Grocery,Staples,PARLE,963.29,419.44,4.85,Yes,7878
51370,Fisher Price Remote Neo 5,Toys,Remote Control,FISHER PRICE,2438.09,1648.28,4.25,Yes,7662
51371,Shell Tools Elite 6,Automotive,Tools,SHELL,193367.14,86140.9,4.3,Yes,7491
51372,Dove Makeup Elite 8,Beauty,Makeup,DOVE,223.15,134.71,3.1,Yes,8027
51373,Pearson Fiction Smart 9,Books,Fiction,PEARSON,740.34,346.35,3.96,No,8634
51374,Oxford Self Neo 9,Books,Self Help,OXFORD,391.63,161.62,2.58,Yes,7265
51375,Penguin Children Premium 6,Books,Children Books,PENGUIN,63128.17,30097.75,4.85,Yes,7715
51376,Arihant Academic Neo 9,Books,Academic,ARIHANT,1914.21,1310.03,3.53,No,8160
51377,Dabur Baby Air 6,Grocery,Baby Products,DABUR,12970.62,9146.91,4.46,Yes,8547
51378,Puma Bags Lite 3,Fashion,Bags,PUMA,256095.25,163756.61,4.81,No,8727
51379,Borosil Appliances Mini 3,Home Kitchen,Appliances,BOROSIL,14120.85,6628.58,2.57,Yes,7418
51380,Van Heusen Footwear Ultra 8,Fashion,Footwear,VAN HEUSEN,79516.76,51071.16,2.54,No,7191
51381,HarperCollins Self Pro 2,Books,Self Help,HARPERCOLLINS,726.2,414.41,4.62,Yes,7327
51382,Orient Furniture Active 6,Home Kitchen,Furniture,ORIENT,2227.15,1464.39,3.95,Yes,8616
51383,Ok Play Board Air 5,Toys,Board Games,OK PLAY,4986.24,2196.49,4.13,Yes,7493
51385,S.Chand Fiction Max 1,Books,Fiction,S.CHAND,12970.98,7419.72,3.9,Yes,8395
51386,Under Armour Cycling Edge 9,Sports,Cycling,UNDER ARMOUR,1557.68,648.84,4.22,Yes,7376
51387,OPPO Laptops Active 4,Electronics,Laptops,OPPO,144.79,64.73,3.32,Yes,8896
51388,Castrol Car Edge 1,Automotive,Car Accessories,CASTROL,192.68,92.22,3.3,Yes,8696
51389,MRF Badminton Mini 7,Sports,Badminton,MRF,39453.19,25202.07,3.07,No,7836
51390,Shell Lubricants Mini 9,Automotive,Lubricants,SHELL,9137.63,3661.1,2.52,Yes,8479
51391,Dove Fragrances Edge 7,Beauty,Fragrances,DOVE,187.34,121.771,4.16,Yes,8336
51392,Pearson Academic Plus 1,Books,Academic,PEARSON,3980.41,2302.8,3.26,Yes,7959
51393,Louis Philippe Men Plus 1,Fashion,Men Clothing,LOUIS PHILIPPE,46888.77,24501.92,3.46,Yes,8568
51394,Prestige Garden Neo 3,Home Kitchen,Garden,PRESTIGE,186748.81,81289.62,2.79,Yes,7488
51395,Adidas Bags Smart 1,Fashion,Bags,ADIDAS,57418.09,27251.41,4.44,No,8551
51396,Lego Soft Pro 5,Toys,Soft Toys,LEGO,16926.39,8143.66,2.75,Yes,8997
51397,Britannia Snacks Smart 3,Grocery,Snacks,BRITANNIA,3918.16,1711.72,4.7,Yes,7351
51398,Lego Soft X 6,Toys,Soft Toys,LEGO,1735.58,1128.127,3.04,No,7903
51399,Fast&Up First Active 9,Health,First Aid,FAST&UP,698.68,371.96,3.24,No,8719
51400,Reebok Running Mini 2,Sports,Running,REEBOK,580.11,237.72,3.54,Yes,7950
51401,Boat Rockerz 550,Automotive,Bike Accessories,MICHELIN,8181.16,3742.07,4.8,Yes,7729
51402,Arihant Children Max 5,Books,Children Books,ARIHANT,908.77,545.61,4.76,No,8683
51403,Fisher Price Soft Mini 8,Toys,Soft Toys,FISHER PRICE,2741.74,1431.22,4.23,No,8610
51404,Speedo Fitness Flex 5,Sports,Fitness Equipment,SPEEDO,264683.9,153508.96,2.76,Yes,7030
51405,Philips Furniture Ultra 7,Home Kitchen,Furniture,PHILIPS,46489.48,31299.5,4.88,No,8657
51406,Samsung Galaxy M35 5G,Beauty,Skincare,BIOTIQUE,881.55,372.03,3.62,No,8835
51407,Puma Women Premium 7,Fashion,Women Clothing,PUMA,599.01,323.54,3.09,Yes,8809
51408,S.Chand Non Ultra 2,Books,Non Fiction,S.CHAND,8564.79,5290.29,4.42,Yes,8685
51409,Fast&Up Medical Air 6,Health,Medical Devices,FAST&UP,14173.87,7302.11,3.33,Yes,8357
51410,Britannia Baby Smart 4,Grocery,Baby Products,BRITANNIA,1573.05,968.97,3.39,Yes,7871
51411,Reebok Running Air 3,Sports,Running,REEBOK,17199.38,7810.04,3.34,Yes,8019
51412,Boat Rockerz 550,Home Kitchen,Garden,HAVELLS,1335.82,772.41,3.76,Yes,7420
51413,Gillette Haircare Lite 9,Beauty,Haircare,GILLETTE,4995.72,2945.46,4.5,Yes,8383
51414,Cipla Medical Max 8,Health,Medical Devices,CIPLA,13690.84,8785.05,2.86,Yes,8017
51415,Muscleblaze Supplements Max 2,Health,Supplements,MUSCLEBLAZE,4160.45,2592.65,4.23,Yes,7274
51416,Nikon Accessories Premium 9,Electronics,Accessories,NIKON,961.13,446.13,2.85,No,8655
51417,webby Soft Neo 1,Toys,Soft Toys,WEBBY,63369.4,39968.79,5.0,No,7487
51418,Prestige Storage Elite 4,Home Kitchen,Storage,PRESTIGE,167359.15,92060.86,2.55,Yes,8226
51419,p&g Staples Max 4,Grocery,Staples,P&G,497.23,264.47,3.14,Yes,8767
51420,Arihant Children Premium 4,Books,Children Books,ARIHANT,315.05,127.15,4.29,No,7270
51421,Nike Watches Mini 1,Fashion,Watches,NIKE,6045.5,3627.2999999999997,3.22,Yes,8299
51422,S.Chand Academic Flex 1,Books,Academic,S.CHAND,229.25,140.58,4.68,Yes,8408
51423,Pearson Self Max 1,Books,Self Help,PEARSON,62146.13,40036.09,4.85,Yes,7619
51424,OnePlus Gaming Elite 2,Electronics,Gaming,ONEPLUS,403.59,183.51,4.62,Yes,8540
51425,SG Cycling Pro 6,Sports,Cycling,SG,422.05,237.47,4.81,Yes,7565
51426,Nivea Makeup Neo 9,Beauty,Makeup,NIVEA,468.51,302.77,4.19,No,7333
51427,Ok Play Puzzles Flex 4,Toys,Puzzles,OK PLAY,1224.14,834.13,4.95,Yes,7790
51428,Gillette Mens Premium 4,Beauty,Mens Grooming,GILLETTE,380.24,235.31,4.47,No,8146
51429,Dell Mobiles Neo 2,Electronics,Mobiles,DELL,6523.08,2759.56,4.03,Yes,8937
51430,Amul Staples Air 2,Grocery,Staples,AMUL,160.3,112.38,2.92,Yes,7872
51431,Castrol Bike Flex 8,Automotive,Bike Accessories,CASTROL,174.28,100.36,2.68,No,8340
51432,Lakme Fragrances Ultra 8,Beauty,Fragrances,LAKME,65433.32,35758.76,4.03,Yes,7652
51433,Vega Car Smart 1,Automotive,Car Accessories,VEGA,825.02,576.72,3.22,No,7514
51434,Himalaya Protein Air 3,Health,Protein,HIMALAYA,1480.65,936.47,4.19,Yes,7882
51435,Philips Lighting Active 4,Home Kitchen,Lighting,PHILIPS,842.75,339.27,4.53,No,8563
51436,Funskool Educational Air 8,Toys,Educational,FUNSKOOL,1140.46,525.15,2.88,Yes,7153
51437,Noise Headphones Ultra 4,Electronics,Headphones,NOISE,10787.17,5636.24,4.26,No,8264
51438,Decathlon Fitness Edge 4,Sports,Fitness Equipment,DECATHLON,3981.94,2458.89,3.28,No,7974
51439,Vega Bike Mini 5,Automotive,Bike Accessories,VEGA,42585.56,24943.45,4.41,Yes,7782
51440,Tanishq Sunglasses Max 4,Fashion,Sunglasses,TANISHQ,848.96,557.81,4.71,No,7140
51441,Bosch Tools Neo 5,Automotive,Tools,BOSCH,164458.83,105204.2,4.6,Yes,8376
51442,Shell Tyres Smart 1,Automotive,Tyres,SHELL,47941.16,28688.62,3.64,No,8873
51443,HUL Dairy Air 7,Grocery,Dairy,HUL,36796.07,18155.78,4.03,No,8021
51444,Fastrack Men Pro 5,Fashion,Men Clothing,FASTRACK,111936.26,76621.96,2.88,No,7636
51445,Cipla Medical Lite 8,Health,Medical Devices,CIPLA,3186.54,1923.35,4.44,Yes,7666
51446,Asus Tablets Plus 3,Electronics,Tablets,ASUS,1264.85,818.3,3.87,Yes,7450
51447,Decathlon Swimming Mini 4,Sports,Swimming,DECATHLON,196959.83,105112.42,3.22,Yes,8199
51448,Vega Bike Edge 5,Automotive,Bike Accessories,VEGA,209433.0,116463.08,4.04,Yes,8198
51449,scholastic Children Pro 7,Books,Children Books,SCHOLASTIC,19299.46,11980.36,4.55,Yes,7357
51450,Michelin Tools Edge 9,Automotive,Tools,MICHELIN,4973.68,2203.37,4.98,Yes,8759
51451,3m Car Lite 2,Automotive,Car Accessories,3M,204891.46,163913.168,3.37,Yes,7832
51452,Cipla Supplements Premium 1,Health,Supplements,CIPLA,18856.53,8549.15,3.94,Yes,7746
51453,Hasbro Soft Lite 4,Toys,Soft Toys,HASBRO,15715.46,6466.18,4.91,Yes,8000
51454,Nikon Headphones Premium 5,Electronics,Headphones,NIKON,620.9,297.21,2.79,No,8905
51455,Borosil Garden Mini 1,Home Kitchen,Garden,BOROSIL,15597.68,6247.2,2.68,Yes,8742
51456,Pearson Biographies Max 8,Books,Biographies,PEARSON,30696.4,14517.16,5.0,No,8043
51457,Decathlon Fitness Air 6,Sports,Fitness Equipment,DECATHLON,252902.31,103306.66,3.72,Yes,8449
51458,Samsung Galaxy M35 5G,Sports,Cycling,SPEEDO,315.06,159.06,3.32,Yes,7604
51459,Logitech Accessories Plus 6,Electronics,Accessories,LOGITECH,16878.18,7682.69,4.9,No,7900
51460,Prestige Cookware Active 4,Home Kitchen,Unknown,PRESTIGE,79078.57,55724.55,2.95,No,7445
51461,OPPO Accessories Premium 4,Electronics,Accessories,OPPO,235749.46,126545.64,4.44,Yes,8670
51462,Bajaj Cookware Air 6,Home Kitchen,Cookware,BAJAJ,1070.81,457.02,3.41,No,7995
51463,Biotique Makeup Lite 7,Beauty,Unknown,BIOTIQUE,122.1,82.54,2.94,Yes,8393
51464,Gillette Haircare Flex 2,Beauty,Haircare,GILLETTE,25493.75,11418.44,4.4,Yes,8580
51465,Decathlon Badminton Lite 6,Sports,Badminton,DECATHLON,144.01,89.01,2.84,Yes,8412
51466,3m Tools Plus 7,Automotive,Tools,3M,3503.78,2166.5,4.99,Yes,8120
51467,Boat Gaming Flex 4,Electronics,Gaming,BOAT,67879.91,44417.32,4.28,Yes,8750
51468,UCB Jewellery Elite 9,Fashion,Jewellery,UCB,564.38,387.52,3.25,Yes,7266
51469,Boat Rockerz 550,Toys,Soft Toys,HASBRO,1844.84,1260.75,4.17,No,7109
51470,Bosch Tyres Pro 4,Automotive,Tyres,BOSCH,179.97,112.74,2.84,Yes,7425
51471,Nivia Cycling Plus 8,Sports,Cycling,NIVIA,3938.95,132.94,2.56,No,8120
51472,VEGA Car Smart 6,Automotive,Car Accessories,VEGA,672.01,336.6,5.0,Yes,7567
51473,VEGA Bike Smart 9,Automotive,Bike Accessories,VEGA,14299.07,6591.94,2.9,Yes,7943
51474,Logitech Accessories Smart 1,Electronics,Accessories,LOGITECH,3773.66,1741.9,2.96,Yes,7714
51475,Nikon Smart Max 5,Electronics,Smart Tvs,NIKON,1057.73,534.35,2.66,Yes,7689
51476,Pearson Self X 7,Books,Self Help,PEARSON,57149.77,32176.3,4.45,No,7728
51477,ITC Cleaning Premium 4,Grocery,Cleaning,ITC,51345.4,29608.03,3.86,Yes,7591
51478,Cipla Vitamins Air 7,Health,Vitamins,CIPLA,662.32,444.65,4.71,No,7138
51480,Milton Bedding X 8,Home Kitchen,Bedding,MILTON,10659.26,6060.1,2.52,Yes,8063
51481,OPPO Accessories Mini 9,Electronics,Accessories,OPPO,68942.0,45778.04,3.65,No,8824
51482,Lakme Skincare X 1,Beauty,Unknown,LAKME,3415.32,1975.23,4.11,Yes,7816
51483,Philips Appliances Max 8,Home Kitchen,Unknown,PHILIPS,689.26,472.3,4.27,Yes,7661
51484,Speedo Swimming Flex 7,Sports,Unknown,SPEEDO,687.37,290.4,4.27,Yes,7680
51485,Reebok Swimming Premium 1,Sports,Swimming,REEBOK,79908.87,46176.39,2.78,Yes,8203
51486,Cipla Supplements Ultra 1,Health,Supplements,CIPLA,282971.74,174128.85,4.49,No,7800
51487,Shell Bike X 7,Automotive,Bike Accessories,SHELL,115.52,72.48,2.71,Yes,8438
51488,Van Heusen Watches Neo 5,Fashion,Watches,VAN HEUSEN,4170445.29,2420453.9,4.91,Yes,8137
51489,Adidas Men Premium 4,Fashion,Men Clothing,ADIDAS,18374.33,11706.61,3.29,No,7903
51490,Gillette Fragrances Mini 7,Beauty,Fragrances,GILLETTE,287892.96,122436.1,2.89,Yes,7552
51491,Funskool Educational Pro 6,Toys,Educational,FUNSKOOL,4164.29,1807.81,4.07,Yes,7246
51492,Webby Action Mini 5,Toys,Action Figures,WEBBY,70383.7,48913.48,2.84,Yes,8911
51493,Vega Tools Air 2,Automotive,Tools,VEGA,784.08,448.0,3.76,No,7558
51494,Himalaya Vitamins X 8,Health,Vitamins,HIMALAYA,4655.62,1972.47,2.54,No,7198
51495,Funskool Remote Active 3,Toys,Remote Control,FUNSKOOL,67538.6,39650.11,4.75,Yes,8611
51496,Hasbro Soft Flex 5,Toys,Soft Toys,HASBRO,53451.61,34524.36,4.34,Yes,8855
51497,Lenovo Cameras Flex 7,Electronics,Cameras,LENOVO,276.86,198.26,3.96,No,7281
51498,3M Car Flex 1,Automotive,Car Accessories,3M,555.98,238.34,2.99,No,8943
51499,funskool Educational Mini 9,Toys,Educational,FUNSKOOL,269539.45,188575.88,4.74,Yes,8752
51500,Muscleblaze Ayurveda Neo 2,Health,Ayurveda,MUSCLEBLAZE,2513.1,1402.03,3.26,Yes,8945
51501,Nike Sports Shoes Pro,Home Kitchen,Bedding,BUTTERFLY,2645.48,1071.89,3.72,Yes,8561
51502,healthkart First Air 9,Health,First Aid,HEALTHKART,236718.1,138742.91,4.14,Yes,8987
51503,Usha Appliances Mini 2,Home Kitchen,Appliances,USHA,332.2,214.53,2.72,Yes,8843
51504,Pearson Fiction Plus 5,Books,Fiction,PEARSON,18935.13,11874.71,3.72,Yes,7579
51505,Ok Play Board Plus 1,Toys,Board Games,OK PLAY,722.06,394.44,4.01,Yes,8353
51506,SG Swimming Pro 1,Sports,Swimming,SG,4332.64,1869.57,4.06,Yes,7081
51507,Fisher Price Action Plus 4,Toys,Action Figures,FISHER PRICE,5211.54,3521.57,4.58,Yes,8876
51508,Shell Tyres Max 3,Automotive,Tyres,SHELL,237387.14,140190.32,4.13,Yes,8342
51509,Adidas Jewellery Active 3,Fashion,Jewellery,ADIDAS,708.65,456.24,3.66,Yes,8355
51510,Boat Rockerz 550,Books,Self Help,PENGUIN,2015.6,1047.31,4.48,Yes,7388
51511,Acer Cameras Neo 3,Electronics,Cameras,ACER,26700.0,16213.15,3.79,Yes,7553
51512,Muscleblaze Vitamins Max 5,Health,Vitamins,MUSCLEBLAZE,303.87,161.54,4.33,Yes,7382
51513,Levis Men Mini 5,Fashion,Men Clothing,LEVIS,368.78,247.55,4.05,No,8415
51514,Samsung Tablets Mini 9,Electronics,Tablets,SAMSUNG,2931.08,1177.75,4.12,Yes,8357
51515,Amul Snacks Air 7,Grocery,Snacks,AMUL,14899.67,8890.15,4.25,No,8320
51516,Bata Men Smart 7,Fashion,Men Clothing,BATA,125071.34,77969.37,3.94,No,8362
51517,Steelbird Bike Ultra 8,Automotive,Bike Accessories,STEELBIRD,4905.82,3134.84,4.82,No,8443
51518,Vivo Headphones Neo 2,Electronics,Headphones,VIVO,180317.32,127855.51,4.55,Yes,7657
51519,Webby Board Flex 8,Toys,Board Games,WEBBY,35701.93,15525.04,3.66,No,8582
51520,Parle Snacks Elite 5,Grocery,Snacks,PARLE,150535.79,68990.68,3.1,Yes,7775
51521,Prestige Lighting Mini 8,Home Kitchen,Lighting,PRESTIGE,14181.28,6784.47,4.15,Yes,7250
51522,Nike Sports Shoes Pro,Fashion,Footwear,NIKE,139636.07,78215.27,3.27,Yes,8577
51523,Patanjali Dairy Max 8,Grocery,Dairy,PATANJALI,421.59,279.96,3.29,Yes,8978
51524,MRF Fitness Plus 5,Sports,Fitness Equipment,MRF,4633.59,2894.41,4.36,No,8995
51525,Funskool Puzzles Pro 1,Toys,Puzzles,FUNSKOOL,6599.28,4286.97,4.22,No,7162
51526,Steelbird Car Premium 2,Automotive,Car Accessories,STEELBIRD,5261.0,2315.18,4.61,Yes,7643
51527,Webby Soft X 7,Toys,Soft Toys,WEBBY,449.8,212.38,3.05,Yes,8153
51528,Philips Decor Max 9,Home Kitchen,Decor,PHILIPS,82071.96,48406.96,3.98,Yes,7300
51529,Hasbro Board Max 8,Toys,Board Games,HASBRO,2387.62,1219.24,4.75,No,8744
51530,Pigeon Appliances Mini 5,Home Kitchen,Appliances,PIGEON,1303.73,762.95,4.27,Yes,8534
51531,Michelin Car Edge 9,Automotive,Car Accessories,MICHELIN,244.19,161.84,4.81,Yes,8199
51532,Biotique Mens X 4,Beauty,Mens Grooming,BIOTIQUE,53930.88,33600.62,4.04,Yes,7390
51533,Himalaya Vitamins Pro 8,Health,Vitamins,HIMALAYA,57689.57,26944.05,3.16,Yes,7877
51534,Steelbird Bike Lite 9,Automotive,Bike Accessories,STEELBIRD,267896.88,126749.95,4.36,Yes,7987
51535,Decathlon Cycling Premium 7,Sports,Cycling,DECATHLON,893.2,616.0,4.13,Yes,8887
51536,Louis Philippe Men Lite 9,Fashion,Men Clothing,LOUIS PHILIPPE,2766.91,1661.06,4.62,Yes,7958
51537,HarperCollins Biographies Flex 1,Books,Biographies,HARPERCOLLINS,781.87,398.86,4.9,No,8866
51538,Hasbro Puzzles Plus 9,Toys,Puzzles,HASBRO,326.63,157.05,3.89,Yes,8887
51539,Vivo Smart Plus 7,Electronics,Smart Tvs,VIVO,12000.6,5281.25,2.84,Yes,8894
51540,Vega Tools Ultra 4,Automotive,Tools,VEGA,3960.89,2478.14,4.08,Yes,8635
51541,Tata Beverages Air 8,Grocery,Beverages,TATA,873.03,357.24,3.34,Yes,7311
51542,Dove Mens Mini 3,Beauty,Mens Grooming,DOVE,764.29,497.88,4.67,Yes,7847
51543,Michelin Car Smart 9,Automotive,Car Accessories,MICHELIN,6402.0,2729.07,3.74,Yes,7774
51544,Gillette Skincare Ultra 4,Beauty,Skincare,GILLETTE,244.11,128.95,2.93,No,7568
51545,Tata Staples Mini 8,Grocery,Staples,TATA,4479.4,1981.21,2.73,Yes,7496
51546,Prestige Decor Flex 2,Home Kitchen,Decor,PRESTIGE,445.2,222.98,4.39,Yes,7481
51547,Pearson Non Air 9,Books,Non Fiction,PEARSON,19565.43,11093.6,3.99,Yes,8746
51548,HASBRO Puzzles Lite 3,Toys,Puzzles,HASBRO,4491.31,2171.81,2.87,No,8789
51549,Himalaya Supplements Air 4,Health,Supplements,HIMALAYA,7210.54,5407.905,4.02,Yes,8701
51551,Milton Cookware Air 2,Home Kitchen,Cookware,MILTON,13862.27,9703.589,4.71,Yes,8087
51552,borosil Garden Elite 6,Home Kitchen,Garden,BOROSIL,221648.05,151895.51,4.35,Yes,8020
51553,Pigeon Lighting Active 7,Home Kitchen,Lighting,PIGEON,2572.87,1852.15,3.5,Yes,7906
51554,TATA Beverages Flex 9,Grocery,Beverages,TATA,19648.8,12315.03,2.79,Yes,8092
51555,Milton Lighting Lite 1,Home Kitchen,Lighting,MILTON,6754.9,3757.56,3.95,Yes,7485
51556,Funskool Educational Plus 9,Toys,Educational,FUNSKOOL,3508.12,2021.39,4.33,Yes,8796
51557,Milton Cookware Plus 7,Home Kitchen,Cookware,MILTON,2921.78,1519.28,4.64,No,8542
51558,Hasbro Soft Elite 4,Toys,Soft Toys,HASBRO,264539.97,159051.97,3.22,Yes,8412
51559,Samsung Galaxy M35 5G,Grocery,Baby Products,NESTLE,3396.52,1525.71,4.9,No,8221
51560,Bajaj Garden Max 8,Home Kitchen,Garden,BAJAJ,64190.7,44768.57,3.86,Yes,7971
51561,Boat Rockerz 550,Toys,Puzzles,WEBBY,18522.77,11158.35,3.64,Yes,8505
51562,Ok Play Educational Lite 4,Toys,Educational,OK PLAY,9823.1,4095.43,4.28,Yes,7263
51563,Fisher Price Remote Smart 7,Toys,Remote Control,FISHER PRICE,252234.23,122156.17,4.28,Yes,8995
51564,Fast&Up First Plus 4,Health,First Aid,FAST&UP,2965.71,1416.87,4.0,Yes,8230
51565,Nestle Baby Active 7,Grocery,Baby Products,NESTLE,2366.63,986.56,4.43,Yes,7092
51566,Noise Headphones Max 8,Electronics,Headphones,NOISE,18810.58,8602.86,2.5,Yes,7293
51567,Tata Baby Lite 3,Grocery,Baby Products,TATA,950.82,496.36,3.26,Yes,8522
51568,Speedo Fitness Neo 1,Sports,Fitness Equipment,SPEEDO,419.83,248.5,4.69,Yes,7406
51569,Hasbro Educational Neo 6,Toys,Educational,HASBRO,2965.51,1810.91,2.74,No,7012
51570,S.Chand Non Plus 4,Books,Non Fiction,S.CHAND,498.25,225.75,3.63,Yes,7791
51571,Michelin Lubricants Pro 2,Automotive,Lubricants,MICHELIN,15024.6,9249.34,3.66,Yes,7782
51572,Lego Educational Air 5,Toys,Educational,LEGO,8489.7,4686.7,3.93,Yes,7205
51573,maybelline Fragrances Premium 2,Beauty,Fragrances,MAYBELLINE,61048.16,32108.1,2.68,Yes,7605
51574,Butterfly Decor Ultra 1,Home Kitchen,Decor,BUTTERFLY,36926.01,24449.83,3.26,Yes,7680
51575,OXFORD Non Premium 5,Books,Non Fiction,OXFORD,4546.36,2535.43,4.75,Yes,8391
51576,Adidas Women Edge 7,Fashion,Women Clothing,ADIDAS,16427.76,7942.64,4.29,Yes,8011
51577,Nivia Fitness Smart 7,Sports,Fitness Equipment,NIVIA,414.68,239.34,3.44,No,8064
51578,Under Armour Cycling X 2,Sports,Cycling,UNDER ARMOUR,698.57,407.45,2.6,Yes,7477
51579,H&M Footwear Ultra 1,Fashion,Footwear,H&M,773.72,449.94,4.8,Yes,7451
51580,Gillette Makeup Pro 9,Beauty,Makeup,GILLETTE,4564.06,1981.21,2.69,No,7756
51581,NESTLE Fruits Smart 4,Grocery,Fruits Vegetables,NESTLE,864.43,531.63,3.8,Yes,8837
51582,OnePlus Smart Premium 2,Electronics,Smart Tvs,ONEPLUS,3598.94,1764.38,4.63,Yes,7390
51583,Himalaya Supplements Premium 9,Health,Supplements,HIMALAYA,11166.25,7145.39,3.51,Yes,8006
51585,JBL Tablets Smart 1,Electronics,Tablets,JBL,3739.89,3365.901,4.12,Yes,8884
51586,Tata Dairy Ultra 2,Grocery,Dairy,TATA,65419.13,31793.6,3.45,Yes,8248
51587,LOreal Haircare Plus 7,Beauty,Haircare,LOREAL,291.29,169.94,3.39,No,8450
51588,Hasbro Remote Edge 4,Toys,Remote Control,HASBRO,10901.73,7292.43,4.99,Yes,8183
51589,Decathlon Fitness Smart 8,Sports,Fitness Equipment,DECATHLON,782.56,507.15,2.9,Yes,8220
51590,Fisher Price Soft Mini 8,Toys,Soft Toys,FISHER PRICE,10343.21,5749.93,3.99,No,8875
51591,Arihant Self Plus 7,Books,Unknown,ARIHANT,38654.97,17296.34,4.74,Yes,7959
51592,Orient Garden Edge 1,Home Kitchen,Garden,ORIENT,8051.58,3236.11,4.39,Yes,8278
51593,van heusen Watches Smart 2,Fashion,Watches,VAN HEUSEN,2581.27,1314.84,4.82,Yes,7559
51594,Havells Garden Ultra 5,Home Kitchen,Garden,HAVELLS,43709.5,23650.35,4.43,Yes,8357
51595,UCB Women Air 6,Fashion,Women Clothing,UCB,739.58,304.19,4.37,No,7001
51596,Healthkart Vitamins Pro 7,Health,Vitamins,HEALTHKART,8756.56,5779.1,3.44,No,7333
51597,Reebok Yoga Air 4,Sports,Yoga,REEBOK,1613.44,773.44,3.93,Yes,7135
51598,Cipla Vitamins Flex 2,Health,Vitamins,CIPLA,140.01,83.81,3.05,No,8376
51599,Pearson Biographies Mini 6,Books,Biographies,PEARSON,3126.6,2086.82,3.03,Yes,8806
51600,Yonex Swimming Active 7,Sports,Swimming,YONEX,394.25,185.03,3.14,Yes,8729
51601,Hasbro Board Mini 2,Toys,Board Games,HASBRO,60124.61,31393.3,4.06,Yes,8883
51602,Penguin Children X 3,Books,Children Books,PENGUIN,28448.25,14000.8,3.49,Yes,7936
51603,Parle Snacks Plus 5,Grocery,Snacks,PARLE,19940.8,11440.08,3.18,Yes,7958
51604,Pantene Mens Flex 1,Beauty,Mens Grooming,PANTENE,68075.62,30143.87,2.57,Yes,7890
51605,Under Armour Cycling Lite 5,Sports,Cycling,UNDER ARMOUR,11989.64,6275.48,3.08,Yes,7120
51606,Cipla First Premium 1,Health,First Aid,CIPLA,4002.03,2612.16,2.68,No,8714
51607,Usha Decor Elite 1,Home Kitchen,Decor,USHA,250.98,150.43,4.57,No,8875
51608,Zara Kids Ultra 7,Fashion,Kids Wear,ZARA,1870.8,1056.14,2.57,Yes,7809
51609,SG Cricket Ultra 2,Sports,Cricket,SG,2048.28,1143.99,2.66,Yes,8539
51610,Bosch Bike Flex 9,Automotive,Bike Accessories,BOSCH,4234.47,2971.09,3.57,Yes,8657
51611,Louis Philippe Men Mini 3,Fashion,Men Clothing,LOUIS PHILIPPE,26066.48,13266.3,3.35,Yes,8435
51612,OPPO Tablets Elite 2,Electronics,Tablets,OPPO,277993.27,119004.74,2.75,Yes,7275
51613,Vega Bike Pro 1,Automotive,Bike Accessories,VEGA,457.17,251.88,4.99,Yes,7270
51614,Dabur Baby X 9,Grocery,Baby Products,DABUR,3012.88,1409.69,2.79,Yes,8782
51615,Mattel Board X 8,Toys,Board Games,MATTEL,77897.47,55132.28,4.12,Yes,8221
51616,Healthkart First Lite 6,Health,First Aid,HEALTHKART,2546.32,1294.6,2.65,No,7074
51617,Hasbro Action Lite 9,Toys,Action Figures,HASBRO,177673.06,112533.46,3.67,Yes,8918
51618,Vega Bike Mini 8,Automotive,Bike Accessories,VEGA,3679.42,2076.58,2.89,Yes,8453
51619,Funskool Soft Mini 3,Toys,Soft Toys,FUNSKOOL,7162.23,3938.13,4.28,Yes,7980
51620,Michelin Tyres Plus 6,Automotive,Tyres,MICHELIN,237.84,135.88,4.17,Yes,7932
51621,Funskool Puzzles Ultra 1,Toys,Puzzles,FUNSKOOL,4021.28,2055.91,4.6,Yes,8562
51622,Maybelline Haircare Flex 2,Beauty,Haircare,MAYBELLINE,742.16,502.52,4.76,Yes,7218
51623,Louis Philippe Kids Flex 6,Fashion,Kids Wear,LOUIS PHILIPPE,837.95,416.81,3.49,Yes,8125
51624,Healthkart Ayurveda Edge 1,Health,Ayurveda,HEALTHKART,9363.62,4308.56,2.62,Yes,8053
51625,Xiaomi Headphones Premium 2,Electronics,Headphones,XIAOMI,14224.48,12802.032,3.03,Yes,8780
51626,Shell Bike Mini 1,Automotive,Bike Accessories,SHELL,15875.93,11039.48,3.2,Yes,8994
51627,S.Chand Biographies Smart 7,Books,Biographies,S.CHAND,250269.49,105588.36,2.56,Yes,8478
51628,Mattel Action Pro 5,Toys,Action Figures,MATTEL,13154.9,5642.08,3.96,Yes,7671
51629,Tanishq Footwear Neo 1,Fashion,Footwear,TANISHQ,2847.25,1738.74,3.34,Yes,8472
51630,Usha Garden Edge 3,Home Kitchen,Garden,USHA,837.56,366.35,2.62,No,7746
51631,HarperCollins Self Premium 6,Books,Self Help,HARPERCOLLINS,573.14,277.31,4.6,Yes,8016
51632,s.chand Self Plus 9,Books,Self Help,S.CHAND,16531.12,6907.47,4.0,Yes,7529
51633,Lego Soft Max 5,Toys,Soft Toys,LEGO,6997.92,2979.49,2.69,Yes,8761
51634,Dell Laptops Max 7,Electronics,Laptops,DELL,8966.38,4817.66,3.37,Yes,7948
51635,Webby Action Smart 5,Toys,Action Figures,WEBBY,28484.57,17406.63,3.71,Yes,8198
51636,Dabur Supplements Mini 3,Health,Supplements,DABUR,473.42,235.48,3.04,Yes,7890
51637,S.Chand Non Pro 4,Books,Non Fiction,S.CHAND,626.44,402.31,3.3,No,8659
51638,Nivea Skincare Air 1,Beauty,Skincare,NIVEA,4843.22,2461.95,3.13,Yes,8838
51639,P&G Snacks Premium 6,Grocery,Snacks,P&G,12456.29,5549.05,3.66,Yes,7299
51640,itc Snacks Active 6,Grocery,Snacks,ITC,357.16,163.04,2.83,Yes,7360
51641,Biotique Haircare Active 3,Beauty,Haircare,BIOTIQUE,1179.71,544.14,3.75,Yes,8583
51642,Asus Cameras Mini 5,Electronics,Cameras,ASUS,11548.55,5075.26,3.76,No,8091
51643,Scholastic Fiction Neo 4,Books,Fiction,SCHOLASTIC,951.85,507.53,4.86,Yes,7436
51644,britannia Snacks Plus 4,Grocery,Snacks,BRITANNIA,583.97,340.09,4.02,Yes,7483
51645,Dabur Dairy Smart 6,Grocery,Dairy,DABUR,8922.32,6228.89,2.64,No,7811
51646,HarperCollins Biographies Mini 4,Books,Biographies,HARPERCOLLINS,178.98,105.15,2.54,No,7996
51647,Acer Gaming Smart 4,Electronics,Gaming,ACER,5910.11,4092.4,2.64,Yes,8138
51648,Mattel Educational Pro 9,Toys,Educational,MATTEL,3924.31,1638.85,3.81,Yes,8034
51649,Xiaomi Accessories X 1,Electronics,Accessories,XIAOMI,2548.05,1297.8,4.74,Yes,7855
51650,Tanishq Sunglasses Smart 7,Fashion,Sunglasses,TANISHQ,31703.87,19164.8,3.43,Yes,7070
51651,Yonex Fitness Neo 5,Sports,Fitness Equipment,YONEX,3596.82,2006.76,3.82,Yes,7174
51652,Abbott Protein Ultra 5,Health,Protein,ABBOTT,13155.66,6954.55,4.39,No,7859
51653,Forest Essentials Haircare X 6,Beauty,Haircare,FOREST ESSENTIALS,311.18,219.04,4.25,Yes,8690
51654,Steelbird Tools Air 8,Automotive,Tools,STEELBIRD,15191.96,9527.02,4.18,No,8176
51655,3M Tyres Edge 5,Automotive,Tyres,3M,504.52,305.87,4.48,Yes,7352
51656,Tata Dairy X 4,Grocery,Dairy,TATA,3360.22,1649.98,2.65,Yes,8118
51657,Nestle Beverages Flex 3,Grocery,Beverages,NESTLE,58464.71,38704.75,4.68,Yes,7041
51658,Fast&Up Supplements Ultra 4,Health,Supplements,FAST&UP,2554.22,1459.98,3.25,Yes,8062
51659,Xiaomi Laptops Elite 4,Electronics,Laptops,XIAOMI,323.42,176.92,2.59,No,8585
51660,Lenovo Headphones X 4,Electronics,Headphones,LENOVO,7599.280000000001,335.53,3.66,Yes,7691
51661,ITC Dairy Pro 9,Grocery,Dairy,ITC,17009.71,10906.09,2.97,Yes,8361
51662,Boat Rockerz 550,Health,First Aid,HEALTHKART,4338.71,3111.03,4.51,Yes,7398
51663,Sony Headphones Max 1,Electronics,Headphones,SONY,417.13,375.41700000000003,3.22,No,7105
51664,H&M Bags Air 7,Fashion,Bags,H&M,3006.55,1412.09,3.81,Yes,8491
51665,Fisher Price Board Ultra 4,Toys,Board Games,FISHER PRICE,362.11,151.93,3.77,Yes,8957
51666,MRF Cricket Max 4,Sports,Unknown,MRF,160.98,65.19,2.89,Yes,7634
51667,Dabur First Elite 3,Health,First Aid,DABUR,982.34,594.65,3.88,Yes,7624
51668,HUL Fruits Max 9,Grocery,Fruits Vegetables,HUL,61716.52,37716.88,3.75,Yes,8372
51669,HP Cameras Active 7,Electronics,Cameras,HP,550.66,392.73,3.93,Yes,7057
51670,DOVE Skincare Air 2,Beauty,Skincare,DOVE,9012.82,4775.89,3.04,Yes,8425
51671,SG Cycling Max 2,Sports,Cycling,SG,58926.13,36803.72,4.0,Yes,7916
51672,Arihant Academic Lite 4,Books,Academic,ARIHANT,1081.84,450.74,2.89,No,7914
51673,Bajaj Appliances Flex 1,Home Kitchen,Appliances,BAJAJ,57446.64,39251.85,4.31,Yes,8261
51674,Bosch Lubricants Ultra 8,Automotive,Lubricants,BOSCH,1635.23,880.87,4.13,No,8039
51675,Pigeon Furniture Flex 9,Home Kitchen,Furniture,PIGEON,6651.46,3924.29,2.82,Yes,7367
51676,SG Cycling Flex 6,Sports,Cycling,SG,279.48,200.71,2.9,Yes,7211
51677,Castrol Lubricants Neo 3,Automotive,Lubricants,CASTROL,19332.22,9180.45,3.42,Yes,8203
51678,Arihant Biographies Plus 2,Books,Biographies,ARIHANT,4068.38,2910.07,4.75,No,8099
51679,Penguin Non X 6,Books,Non Fiction,PENGUIN,26681.22,14642.52,4.38,Yes,8199
51681,Dabur Protein Edge 7,Health,Protein,DABUR,40988.95,26247.12,4.66,Yes,8896
51682,Fisher Price Action X 8,Toys,Action Figures,FISHER PRICE,10419.2,5209.41,2.83,Yes,7161
51683,UCB Men Edge 9,Fashion,Men Clothing,UCB,78021.81,48517.89,2.79,No,8433
51684,Decathlon Fitness Air 1,Sports,Fitness Equipment,DECATHLON,4300.79,310.83,2.8,Yes,7075
51685,3M Car Edge 1,Automotive,Car Accessories,3M,16123.42,8836.24,4.37,Yes,7303
51686,Milton Garden Pro 3,Home Kitchen,Garden,MILTON,1551.14,1099.32,4.13,No,8449
51687,Penguin Fiction Flex 9,Books,Fiction,PENGUIN,822.56,516.18,2.53,No,8755
51688,Logitech Cameras Smart 4,Electronics,Cameras,LOGITECH,918.67,511.57,3.49,Yes,7897
51689,Samsung Galaxy M35 5G,Fashion,Sunglasses,VAN HEUSEN,11829.03,277.39,3.81,Yes,8656
51690,HP Accessories X 1,Electronics,Accessories,HP,4844.72,2014.68,4.09,Yes,8748
51691,Steelbird Tyres Air 3,Automotive,Tyres,STEELBIRD,647.82,316.1,2.75,Yes,7589
51692,Yonex Badminton Edge 3,Sports,Badminton,YONEX,2784.22,1133.93,3.38,Yes,7097
51693,Funskool Puzzles Premium 7,Toys,Puzzles,FUNSKOOL,2736.14,1632.43,3.7,Yes,8725
51694,Scholastic Biographies Lite 1,Books,Biographies,SCHOLASTIC,192.83,112.78,3.5,Yes,7146
51695,Steelbird Car Plus 3,Automotive,Car Accessories,STEELBIRD,521.53,268.88,4.29,No,7180
51696,Adidas Kids Pro 9,Fashion,Kids Wear,ADIDAS,347.95,204.65,3.32,Yes,7934
51697,Vivo Mobiles Premium 6,Electronics,Mobiles,VIVO,64768.41,28763.51,4.14,No,7173
51698,Amul Cleaning Pro 3,Grocery,Cleaning,AMUL,692.22,420.67,4.67,Yes,7548
51699,Milton Cookware Premium 8,Home Kitchen,Cookware,MILTON,3777.76,2504.91,3.27,Yes,8963
51700,Vega Bike Premium 3,Automotive,Bike Accessories,VEGA,12148.9,5726.93,2.78,Yes,8480
51701,Ok Play Remote Active 8,Toys,Remote Control,OK PLAY,8451.5,4925.79,4.51,Yes,8839
51702,Tanishq Sunglasses X 3,Fashion,Sunglasses,TANISHQ,273367.88,188306.79,2.72,Yes,7487
51703,Nike Footwear Plus 8,Fashion,Footwear,NIKE,452.7,227.22,4.89,Yes,7906
51704,Mattel Action Max 3,Toys,Action Figures,MATTEL,19499.59,9914.46,4.82,Yes,8607
51705,Michelin Car Max 5,Automotive,Car Accessories,MICHELIN,170412.76,87682.09,3.09,Yes,8354
51706,Peter England Women Plus 6,Fashion,Women Clothing,PETER ENGLAND,4576.47,2563.57,3.49,Yes,7525
51707,SG Cycling Premium 5,Sports,Cycling,SG,159.66,77.61,4.37,No,7220
51708,Scholastic Biographies Ultra 7,Books,Biographies,SCHOLASTIC,599.9,426.86,3.41,Yes,7676
51709,Scholastic Self Elite 4,Books,Self Help,SCHOLASTIC,843.22,400.24,3.9,Yes,7388
51710,Dabur Beverages Max 3,Grocery,Beverages,DABUR,56812.74,30971.49,4.12,Yes,7885
51711,Louis Philippe Watches Flex 1,Fashion,Watches,LOUIS PHILIPPE,64343.84,41390.23,4.95,No,7916
51712,Nivia Cycling Flex 2,Sports,Cycling,NIVIA,166448.54,84701.7,2.56,Yes,8305
51713,SG Cricket Max 2,Sports,Cricket,SG,56277.47,37137.51,4.9,Yes,7438
51714,Nivia Cycling Elite 4,Sports,Cycling,NIVIA,109069.08,66809.2,3.41,Yes,7833
51715,Biotique Fragrances Neo 6,Beauty,Fragrances,BIOTIQUE,79280.53,38755.04,3.61,Yes,7957
51716,dabur Supplements Air 9,Health,Supplements,DABUR,846.23,586.58,3.0,Yes,7929
51717,Reebok Cycling Smart 9,Sports,Cycling,REEBOK,4662.97,1926.81,4.18,No,7093
51718,Butterfly Storage Lite 7,Home Kitchen,Storage,BUTTERFLY,1036.71,451.84,3.35,Yes,7623
51719,Healthkart First Smart 6,Health,First Aid,HEALTHKART,559.51,298.29,4.78,Yes,8230
51720,Fisher Price Soft Mini 4,Toys,Soft Toys,FISHER PRICE,4245.03,2628.87,3.57,Yes,7091
51721,Healthkart Supplements Max 8,Health,Supplements,HEALTHKART,2655.7,1295.38,4.93,Yes,7379
51722,Pearson Non Mini 5,Books,Non Fiction,PEARSON,181.39,109.26,4.95,Yes,8001
51723,Philips Garden Ultra 2,Home Kitchen,Garden,PHILIPS,2217.84,1586.17,3.84,Yes,8056
51724,PEARSON Academic Edge 1,Books,Academic,PEARSON,290.0,146.85,4.41,Yes,8213
51725,Milton Bedding Ultra 2,Home Kitchen,Bedding,MILTON,16298.6,11092.1,4.27,No,8415
51726,H&M Bags Lite 9,Fashion,Bags,H&M,6592.61,2853.49,4.21,Yes,8671
51727,Nivia Cricket Ultra 3,Sports,Cricket,NIVIA,221940.98,155773.57,4.71,Yes,8874
51728,Boat Rockerz 550,Home Kitchen,Storage,BUTTERFLY,4462.8,2047.4,3.12,Yes,7827
51729,Himalaya Protein Plus 5,Health,Protein,HIMALAYA,81112.6,44506.16,3.78,Yes,7375
51730,Bata Jewellery Edge 4,Fashion,Jewellery,BATA,6862.42,3412.14,3.46,No,8748
51731,Under Armour Fitness Active 4,Sports,Fitness Equipment,UNDER ARMOUR,32686.3,13238.08,3.31,No,8603
51732,Parle Fruits Plus 2,Grocery,Fruits Vegetables,PARLE,485.93,229.55,3.02,Yes,8650
51733,Vega Bike Lite 8,Automotive,Bike Accessories,VEGA,3293.01,1716.4,3.07,Yes,7218
51734,Funskool Soft Premium 6,Toys,Soft Toys,FUNSKOOL,915.69,450.14,4.9,No,8255
51735,Shell Tyres Premium 5,Automotive,Tyres,SHELL,4779.905,72.17,3.55,No,8639
51736,P&G Beverages Premium 5,Grocery,Beverages,P&G,13305.91,6150.13,4.86,No,8439
51737,Gillette Skincare X 9,Beauty,Skincare,GILLETTE,27887.84,16587.11,2.95,Yes,7738
51738,maybelline Skincare Flex 3,Beauty,Skincare,MAYBELLINE,20068.63,10818.13,4.32,No,8105
51739,PRESTIGE Cookware Plus 9,Home Kitchen,Cookware,PRESTIGE,4887.61,2632.65,4.52,Yes,8696
51740,Under Armour Cycling X 6,Sports,Cycling,UNDER ARMOUR,386.17,271.28,3.01,No,8406
51741,Usha Cookware Air 4,Home Kitchen,Cookware,USHA,4612.88,2015.42,4.83,Yes,8094
51742,SG Swimming Premium 3,Sports,Swimming,SG,499.38,228.52,3.77,Yes,7653
51743,Webby Educational Plus 2,Toys,Educational,WEBBY,16827.0,7282.92,3.85,No,8693
51744,FAST&UP First Smart 6,Health,First Aid,FAST&UP,515.15,210.47,4.97,Yes,8609
51745,Webby Soft Air 4,Toys,Soft Toys,WEBBY,1028.81,670.7,4.53,Yes,8625
51746,Abbott Protein X 8,Health,Protein,ABBOTT,16862.19,6788.77,4.32,Yes,7346
51747,Scholastic Non Lite 5,Books,Non Fiction,SCHOLASTIC,857.48,514.46,3.07,Yes,7655
51748,H&M Kids Lite 1,Fashion,Kids Wear,H&M,4178.88,2967.55,2.66,Yes,8221
51749,Ok Play Soft Mini 3,Toys,Soft Toys,OK PLAY,19849.72,12830.26,2.69,Yes,8725
51750,Pantene Fragrances Elite 9,Beauty,Fragrances,PANTENE,124.1,88.23,2.68,No,7758
51751,Usha Appliances X 9,Home Kitchen,Appliances,USHA,869.38,578.51,2.87,Yes,8107
51752,Borosil Cookware Mini 7,Home Kitchen,Unknown,BOROSIL,117.66,58.91,4.72,Yes,8698
51753,Reebok Fitness Lite 4,Sports,Fitness Equipment,REEBOK,33563.72,15139.94,3.21,Yes,7044
51754,Muscleblaze First Mini 3,Health,First Aid,MUSCLEBLAZE,7122.83,2899.78,3.89,Yes,8456
51755,Vega Lubricants Plus 4,Automotive,Lubricants,VEGA,3452.6,1966.72,2.77,Yes,8527
51756,Nike Sunglasses Active 8,Fashion,Sunglasses,NIKE,736.66,360.27,3.01,No,8166
51757,Lego Soft Plus 4,Toys,Soft Toys,LEGO,74043.06,46742.68,3.98,Yes,8143
51758,Castrol Tyres Flex 6,Automotive,Tyres,CASTROL,12730.11,5547.6,3.04,Yes,8054
51759,Canon Tablets Edge 9,Electronics,Tablets,CANON,499.13,253.78,2.57,Yes,8668
51760,Ok Play Soft Flex 5,Toys,Soft Toys,OK PLAY,613.71,432.79,3.31,Yes,7488
51761,Peter England Bags Edge 8,Fashion,Bags,PETER ENGLAND,408.94,272.06,4.16,Yes,7463
51762,Bosch Lubricants Lite 2,Automotive,Lubricants,BOSCH,7433.94,3689.22,3.64,Yes,8358
51763,Dabur Medical Lite 3,Health,Medical Devices,DABUR,401.96,164.76,3.67,Yes,8299
51764,penguin Children X 1,Books,Children Books,PENGUIN,231813.25,124106.42,2.64,Yes,8849
51765,Dabur First Max 5,Health,First Aid,DABUR,3376.47,1769.33,4.57,No,7802
51766,UCB Bags Flex 9,Fashion,Bags,UCB,9804.43,5761.02,3.56,Yes,7596
51767,Milton Furniture Edge 8,Home Kitchen,Furniture,MILTON,3816.46,2026.45,3.05,Yes,8314
51768,Havells Decor Edge 8,Home Kitchen,Decor,HAVELLS,5991.93,3506.98,4.33,No,8750
51769,Nivea Skincare Pro 2,Beauty,Skincare,NIVEA,1533.78,948.87,3.38,Yes,7064
51770,Cosco Cricket Mini 7,Sports,Cricket,COSCO,209547.09,85332.16,4.92,No,8371
51771,Lego Remote Plus 2,Toys,Remote Control,LEGO,15681.98,6287.82,4.01,Yes,8180
51772,Bajaj Furniture Elite 5,Home Kitchen,Furniture,BAJAJ,2563.32,1240.63,3.06,Yes,7906
51773,Cipla Protein Mini 9,Health,Protein,CIPLA,10917.93,6870.83,2.68,Yes,7988
51774,Healthkart Ayurveda Ultra 8,Health,Ayurveda,HEALTHKART,880.56,399.7,3.88,No,8077
51775,Healthkart First Ultra 7,Health,First Aid,HEALTHKART,29390.79,11824.46,4.91,No,7505
51776,Mattel Board Premium 9,Toys,Board Games,MATTEL,4674.25,1879.19,4.56,Yes,8802
51777,Pearson Non Max 6,Books,Non Fiction,PEARSON,16020.02,9176.1,4.08,Yes,7234
51778,HarperCollins Children X 2,Books,Children Books,HARPERCOLLINS,278972.6,132847.3,4.74,Yes,8693
51779,Louis Philippe Women Mini 4,Fashion,Women Clothing,LOUIS PHILIPPE,15023.36,10131.72,2.75,Yes,8659
51780,Speedo Fitness Pro 3,Sports,Fitness Equipment,SPEEDO,639.08,392.13,3.76,Yes,8291
51781,Nivea Makeup Pro 8,Beauty,Makeup,NIVEA,831.93,429.69,3.34,No,7015
51782,Vega Bike Plus 5,Automotive,Bike Accessories,VEGA,1944.16,1070.93,3.84,Yes,8219
51783,Puma Footwear Plus 5,Fashion,Footwear,PUMA,2042.99,1256.98,2.6,Yes,8034
51784,Prestige Decor Active 4,Home Kitchen,Decor,PRESTIGE,504.23,355.56,3.53,Yes,7887
51785,Asus Headphones Neo 4,Electronics,Headphones,ASUS,2157.9,1034.92,3.83,Yes,8549
51786,Maybelline Skincare Max 3,Beauty,Skincare,MAYBELLINE,6023.42,2438.46,3.05,No,8943
51787,Webby Remote X 9,Toys,Remote Control,WEBBY,78235.64,51296.2,2.74,Yes,8529
51788,Acer Headphones Flex 7,Electronics,Headphones,ACER,3010178.22,1279150.4,3.74,Yes,7725
51789,Cipla Protein Plus 2,Health,Protein,CIPLA,16468.62,10439.14,3.85,Yes,7958
51790,Dove Mens Ultra 2,Beauty,Mens Grooming,DOVE,220.81,106.85,3.14,No,7491
51791,Acer Accessories Lite 8,Electronics,Accessories,ACER,479.5,287.4,4.76,No,8481
51792,Tanishq Bags Lite 1,Fashion,Bags,TANISHQ,31880.19,21839.44,4.54,Yes,8480
51793,Cipla Medical Air 2,Health,Medical Devices,CIPLA,35693.46,24907.02,4.1,Yes,8340
51794,Nivea Makeup Premium 3,Beauty,Makeup,NIVEA,21464.84,13375.65,3.03,Yes,7866
51795,Ok Play Soft Smart 3,Toys,Soft Toys,OK PLAY,167362.91,107680.39,4.8,No,7758
51796,Amul Snacks Active 5,Grocery,Snacks,AMUL,6578.24,3097.55,4.77,Yes,8744
51797,Apple Accessories Flex 7,Electronics,Accessories,APPLE,16807.1,10877.13,3.99,Yes,7598
51798,Sony Smartwatches Mini 1,Electronics,Smartwatches,SONY,3885.74,1806.63,2.93,Yes,8629
51799,Dabur Fruits Edge 3,Grocery,Fruits Vegetables,DABUR,9397.03,4234.63,4.95,Yes,8389
51800,Arihant Academic Pro 2,Books,Academic,ARIHANT,463.68,321.22,4.39,Yes,7971
51801,Fisher Price Puzzles Pro 2,Toys,Puzzles,FISHER PRICE,4862.85,2470.1,3.22,Yes,8449
51802,JBL Gaming Ultra 3,Electronics,Gaming,JBL,4474.3,2546.94,4.48,Yes,7155
51803,Zara Footwear Pro 3,Fashion,Footwear,ZARA,490.13,199.11,4.39,Yes,7885
51804,Bata Bags Ultra 1,Fashion,Bags,BATA,336.85,214.48,4.91,Yes,8084
51805,Samsung Galaxy M35 5G,Grocery,Dairy,NESTLE,3886.33,84.52,4.85,No,7526
51806,Nivia Swimming Pro 5,Sports,Swimming,NIVIA,232126.61,162488.62699999998,4.56,Yes,7028
51807,Nivia Cricket Max 7,Sports,Cricket,NIVIA,12270.7,8635.35,3.23,Yes,8143
51808,Bosch Tools Elite 8,Automotive,Tools,BOSCH,189.49,108.48,4.37,Yes,7268
51809,Cosco Yoga Smart 6,Sports,Yoga,COSCO,14710.9,8689.86,3.33,Yes,8891
51810,Philips Garden Flex 4,Home Kitchen,Garden,PHILIPS,572.87,274.84,4.05,No,7084
51811,Zara Kids Max 2,Fashion,Kids Wear,ZARA,56924.21,39059.22,4.21,Yes,8296
51812,Zara Bags Pro 8,Fashion,Bags,ZARA,13818.04,5870.06,3.24,Yes,7519
51813,Realme Cameras Pro 7,Electronics,Cameras,REALME,562.65,345.18,2.93,Yes,8401
51814,Healthkart Ayurveda Edge 9,Health,Ayurveda,HEALTHKART,493.03,259.27,3.72,Yes,7758
51815,P&G Baby Neo 2,Grocery,Baby Products,P&G,736.66,404.53,3.65,Yes,7553
51816,SG Cycling Premium 1,Sports,Cycling,SG,2437.39,1709.97,4.12,Yes,7324
51817,Apple Mobiles Flex 9,Electronics,Mobiles,APPLE,19611.8,12944.33,2.74,No,7416
51818,Fisher Price Action Smart 5,Toys,Action Figures,FISHER PRICE,174610.43,116162.86,4.12,Yes,8143
51819,Vega Bike Edge 8,Automotive,Bike Accessories,VEGA,3615.94,2460.37,2.53,No,7414
51820,Fast&Up Medical Flex 7,Health,Medical Devices,FAST&UP,790.52,349.03,4.57,Yes,7316
51821,Amul Beverages Smart 7,Grocery,Beverages,AMUL,127.09,53.09,4.87,No,8478
51822,Xiaomi Mobiles Flex 3,Electronics,Mobiles,XIAOMI,718.25,408.65,3.17,Yes,7278
51823,Steelbird Tyres Edge 5,Automotive,Tyres,STEELBIRD,40270.76,21291.62,3.15,Yes,7798
51824,Tanishq Men Neo 1,Fashion,Men Clothing,TANISHQ,771.8,422.22,2.76,Yes,8886
51825,Fast&Up First X 1,Health,First Aid,FAST&UP,3836.97,112.99,3.35,Yes,7670
51826,Peter England Men Lite 6,Fashion,Men Clothing,PETER ENGLAND,171234.59,102740.754,3.62,Yes,7466
51827,Webby Remote Mini 2,Toys,Remote Control,WEBBY,256.74,114.3,4.34,No,8798
51828,Under Armour Fitness Smart 9,Sports,Fitness Equipment,UNDER ARMOUR,388.06,245.97,3.84,Yes,7262
51829,Tata Staples Air 9,Grocery,Staples,TATA,973.69,500.28,4.28,Yes,7164
51830,BIOTIQUE Mens Pro 3,Beauty,Mens Grooming,BIOTIQUE,17651.97,12465.74,3.41,Yes,8848
51831,Dell Gaming Flex 2,Electronics,Gaming,DELL,805.48,519.21,4.41,Yes,8344
51832,S.Chand Biographies Lite 8,Books,Biographies,S.CHAND,568.03,394.58,4.98,Yes,8013
51833,Noise Smart Lite 4,Electronics,Smart Tvs,NOISE,46842.32,27206.01,4.36,Yes,8774
51834,Philips Bedding Premium 9,Home Kitchen,Bedding,PHILIPS,293.73,184.77,3.86,Yes,7240
51835,Dabur Supplements Pro 4,Health,Supplements,DABUR,4722.38,3324.08,4.68,Yes,8169
51836,Vega Car Premium 5,Automotive,Car Accessories,VEGA,3035.36,2175.97,3.31,Yes,8507
51837,steelbird Tools Neo 4,Automotive,Tools,STEELBIRD,296961.79,150855.68,2.66,Yes,8750
51838,Tata Cleaning Edge 6,Grocery,Cleaning,TATA,899.6,484.36,3.39,Yes,7664
51839,WEBBY Remote X 8,Toys,Remote Control,WEBBY,112.6,52.11,2.74,No,8244
51840,Britannia Baby Smart 5,Grocery,Baby Products,BRITANNIA,175.33,120.34,3.01,Yes,8233
51841,Havells Garden Plus 7,Home Kitchen,Garden,HAVELLS,454.12,210.8,3.2,Yes,8287
51842,Abbott Vitamins Plus 4,Health,Vitamins,ABBOTT,151021.26,66083.2,4.31,Yes,8956
51843,Orient Decor X 6,Home Kitchen,Decor,ORIENT,16329.56,11048.8,2.53,Yes,7278
51844,Puma Men Active 9,Fashion,Men Clothing,PUMA,9092.13,5089.26,4.3,Yes,8484
51845,Lego Soft Lite 4,Toys,Soft Toys,LEGO,9743.49,4999.14,4.81,Yes,7374
51846,Adidas Men Smart 4,Fashion,Men Clothing,ADIDAS,721.9,289.18,3.89,Yes,8898
51847,Funskool Action Neo 7,Toys,Action Figures,FUNSKOOL,218.36,148.74,3.82,Yes,8465
51848,Yonex Running Air 4,Sports,Running,YONEX,1751.21,752.28,3.75,Yes,7174
51849,Castrol Car Ultra 3,Automotive,Car Accessories,CASTROL,937.7,614.98,3.48,No,7356
51850,Adidas Bags Plus 2,Fashion,Bags,ADIDAS,227488.0,101613.33,3.63,Yes,7771
51851,Titan Footwear Plus 3,Fashion,Footwear,TITAN,417.76,245.36,3.82,Yes,8563
51852,Amul Staples Neo 2,Grocery,Staples,AMUL,473.48,262.78,2.96,No,8398
51853,Speedo Fitness Active 4,Sports,Fitness Equipment,SPEEDO,19523.97,12881.24,4.39,Yes,7802
51854,Tata Snacks Smart 7,Grocery,Snacks,TATA,39072.52,22831.03,4.28,Yes,7848
51855,Samsung Galaxy M35 5G,Electronics,Accessories,JBL,961.55,666.84,3.34,Yes,7529
51856,Shell Car Air 9,Automotive,Car Accessories,SHELL,993.22,698.23,2.54,Yes,7628
51857,Dell Laptops Max 1,Electronics,Laptops,DELL,61869.5,30637.5,2.52,Yes,7835
51858,Steelbird Lubricants Edge 5,Automotive,Lubricants,STEELBIRD,14398.95,6669.19,4.55,No,7441
51859,Britannia Baby Max 8,Grocery,Baby Products,BRITANNIA,3310.04,1392.32,3.73,Yes,7467
51860,Himalaya Vitamins Premium 7,Health,Vitamins,HIMALAYA,326.74,176.71,2.98,Yes,8753
51862,Oxford Biographies Smart 9,Books,Biographies,OXFORD,65474.81,37701.34,2.66,No,8592
51863,Butterfly Furniture Mini 8,Home Kitchen,Furniture,BUTTERFLY,993.66,505.11,3.99,Yes,8697
51864,Orient Lighting Max 2,Home Kitchen,Lighting,ORIENT,5922.59,2390.94,4.93,Yes,7887
51865,Nestle Cleaning Pro 1,Grocery,Cleaning,NESTLE,239414.96,140175.19,4.37,No,7750
51866,Healthkart Protein Ultra 5,Health,Protein,HEALTHKART,888.62,458.71,2.57,Yes,8834
51867,Samsung Galaxy M35 5G,Health,Supplements,HEALTHKART,1552.98,1008.86,4.66,Yes,7551
51868,peter england Men Pro 5,Fashion,Men Clothing,PETER ENGLAND,1891.77,812.91,2.58,No,7580
51869,Castrol Tyres Max 8,Automotive,Tyres,CASTROL,3370.14,1696.9,3.14,Yes,7334
51870,Bosch Tyres Smart 5,Automotive,Tyres,BOSCH,289081.2,120647.29,3.82,Yes,7625
51871,Nikon Mobiles Pro 1,Electronics,Mobiles,NIKON,30994.08,18778.13,3.51,Yes,8965
51872,HUL Cleaning Elite 5,Grocery,Cleaning,HUL,16902.18,11191.9,2.97,No,7652
51873,Reebok Fitness Lite 1,Sports,Fitness Equipment,REEBOK,11015.33,6170.56,3.33,Yes,8742
51874,Pearson Non Plus 4,Books,Non Fiction,PEARSON,27809.23,14621.33,4.17,Yes,7303
51875,Borosil Bedding Neo 3,Home Kitchen,Bedding,BOROSIL,61998.64,38902.5,4.26,Yes,7252
51876,Fastrack Kids Elite 5,Fashion,Kids Wear,FASTRACK,882.37,429.09,2.95,Yes,8452
51877,Nestle Beverages Flex 7,Grocery,Beverages,NESTLE,35639.88,20563.44,3.26,Yes,7523
51878,Hasbro Educational Ultra 4,Toys,Educational,HASBRO,492.55,347.17,4.1,Yes,8894
51879,Puma Men Plus 9,Fashion,Men Clothing,PUMA,195745.01,81765.72,2.89,Yes,7790
51880,ITC Fruits Flex 3,Grocery,Fruits Vegetables,ITC,57439.96,35593.43,2.59,No,7345
51881,Puma Jewellery Pro 6,Fashion,Jewellery,PUMA,152380.3,99262.69,3.6,Yes,8545
51882,Bajaj Cookware Mini 1,Home Kitchen,Cookware,BAJAJ,5995.6,2405.94,3.36,Yes,7026
51883,OK PLAY Board Active 1,Toys,Unknown,OK PLAY,189328.53,94129.53,4.32,No,7345
51884,SG Yoga Lite 1,Sports,Yoga,SG,514.67,349.11,3.61,No,8504
51885,Zara Sunglasses Plus 1,Fashion,Sunglasses,ZARA,47104.18,22679.63,4.63,No,8248
51886,Ok Play Educational Mini 7,Toys,Educational,OK PLAY,462.27,322.49,4.18,No,8857
51887,Maybelline Skincare Neo 2,Beauty,Skincare,MAYBELLINE,62809.27,27312.23,4.92,Yes,7176
51888,LOreal Fragrances Premium 4,Beauty,Fragrances,LOREAL,19334.96,9776.3,2.7,Yes,7854
51889,S.Chand Fiction X 4,Books,Fiction,S.CHAND,528.03,286.98,4.72,Yes,7847
51890,Fastrack Footwear Pro 3,Fashion,Footwear,FASTRACK,18321.62,10992.972,4.42,Yes,7318
51891,Scholastic Non Pro 1,Books,Non Fiction,SCHOLASTIC,367.82,147.55,3.75,Yes,8348
51892,Biotique Haircare Premium 9,Beauty,Haircare,BIOTIQUE,3735641.16,2428166.754,2.92,Yes,7345
51893,Peter England Footwear X 8,Fashion,Footwear,PETER ENGLAND,4975.51,3332.19,4.73,Yes,8551
51894,Orient Cookware Edge 3,Home Kitchen,Cookware,ORIENT,7236.6,5061.99,4.81,Yes,7663
51895,Cipla Protein Elite 9,Health,Protein,CIPLA,3502.17,1510.29,3.66,Yes,7632
51896,Tata Beverages X 4,Grocery,Beverages,TATA,1453.89,885.19,3.3,Yes,7476
51897,Shell Bike Flex 4,Automotive,Bike Accessories,SHELL,5606.52,3759.05,2.7,Yes,7950
51898,Steelbird Bike Plus 6,Automotive,Bike Accessories,STEELBIRD,13452.86,6864.8,3.67,No,8841
51899,Abbott Vitamins Pro 7,Health,Vitamins,ABBOTT,1966.92,1121.48,4.52,Yes,8633
51900,Britannia Staples Plus 6,Grocery,Staples,BRITANNIA,615.28,281.16,2.97,Yes,8767
51901,Bosch Tyres Neo 7,Automotive,Tyres,BOSCH,3003.86,1425.24,2.6,Yes,7895
51902,Decathlon Cricket Premium 3,Sports,Cricket,DECATHLON,22347.07,13156.46,4.95,Yes,7152
51903,Samsung Accessories Lite 3,Electronics,Accessories,SAMSUNG,5042.83,3201.51,2.81,Yes,8306
51904,Fisher Price Puzzles Elite 8,Toys,Puzzles,FISHER PRICE,100976.45,48803.2,4.01,Yes,8421
51905,Scholastic Non Mini 5,Books,Non Fiction,SCHOLASTIC,1721.64,730.23,4.58,Yes,8992
51906,Penguin Biographies Smart 7,Books,Biographies,PENGUIN,12044.38,5118.3,4.42,Yes,7079
51907,Cosco Yoga Edge 9,Sports,Yoga,COSCO,75453.13,44076.66,2.81,No,7637
51908,Ok Play Remote Mini 7,Toys,Remote Control,OK PLAY,415.6,263.2,2.54,Yes,7971
51909,Scholastic Children Mini 4,Books,Children Books,SCHOLASTIC,558.29,384.52,4.15,Yes,7900
51910,UCB Women Elite 2,Fashion,Women Clothing,UCB,57943.45,40516.88,3.62,Yes,8880
51911,Pantene Skincare X 4,Beauty,Skincare,PANTENE,4111.99,2352.84,3.06,Yes,7062
51912,Puma Sunglasses Smart 2,Fashion,Sunglasses,PUMA,58617.18,28713.53,4.05,Yes,8387
51913,Louis Philippe Men Edge 1,Fashion,Men Clothing,LOUIS PHILIPPE,5719.36,3627.87,3.94,Yes,7994
51914,Lego Action Air 2,Toys,Action Figures,LEGO,2385.58,1705.93,4.73,No,7418
51915,SG Cricket Air 5,Sports,Cricket,SG,1179.28,674.6,4.0,No,7780
51916,Biotique Mens Premium 3,Beauty,Mens Grooming,BIOTIQUE,26577.54,14067.87,4.31,No,7285
51917,BOSCH Tyres Neo 5,Automotive,Tyres,BOSCH,4183.72,2788.07,2.77,Yes,7392
51918,BRITANNIA Cleaning Plus 1,Grocery,Cleaning,BRITANNIA,49152.8,29425.75,4.47,Yes,7879
51919,Oxford Non Premium 9,Books,Non Fiction,OXFORD,2359.24,1178.08,4.2,Yes,7537
51920,Abbott Supplements Flex 5,Health,Supplements,ABBOTT,802.99,483.66,3.07,Yes,7801
51921,Bata Women Pro 1,Fashion,Women Clothing,BATA,445.36,244.09,4.34,Yes,7089
51922,Oxford Biographies Elite 6,Books,Biographies,OXFORD,2233.36,1549.49,3.15,Yes,8791
51923,Oxford Fiction Active 3,Books,Fiction,OXFORD,4538.97,73.25,4.99,Yes,8796
51924,Dove Makeup Neo 8,Beauty,Makeup,DOVE,801.13,425.04,2.6,No,8249
51925,Cipla Supplements Air 8,Health,Supplements,CIPLA,10060.52,4084.45,3.95,Yes,8586
51926,Pantene Fragrances Max 7,Beauty,Fragrances,PANTENE,12607.7,6085.38,3.26,Yes,7347
51927,Steelbird Bike Mini 7,Automotive,Bike Accessories,STEELBIRD,15414.99,10228.88,3.28,Yes,8711
51928,Scholastic Non Mini 5,Books,Non Fiction,SCHOLASTIC,560.26,302.45,4.41,Yes,7684
51929,Bosch Car Edge 4,Automotive,Car Accessories,BOSCH,25290.31,13418.14,4.84,Yes,8642
51930,Scholastic Fiction Air 5,Books,Fiction,SCHOLASTIC,18484.3,12509.6,4.43,No,7916
51931,Philips Decor Lite 6,Home Kitchen,Decor,PHILIPS,591.11,378.99,3.06,Yes,8408
51932,Abbott First Edge 3,Health,First Aid,ABBOTT,4849.76,2470.68,4.86,Yes,7364
51933,Fisher Price Board Active 8,Toys,Board Games,FISHER PRICE,37934.94,20569.92,3.66,Yes,8432
51934,LOreal Skincare Active 4,Beauty,Skincare,LOREAL,258718.37,173340.53,4.82,Yes,7813
51935,Hasbro Puzzles Pro 2,Toys,Puzzles,HASBRO,70806.31,40347.54,3.65,No,8724
51936,Fast&Up Vitamins Lite 6,Health,Vitamins,FAST&UP,18769.74,8285.42,3.06,No,7588
51937,Abbott Supplements Neo 9,Health,Supplements,ABBOTT,648.14,430.23,3.09,Yes,7700
51938,Oxford Academic Plus 6,Books,Academic,OXFORD,2518.69,1067.54,2.76,Yes,7713
51939,lego Puzzles Edge 8,Toys,Puzzles,LEGO,964.8,662.67,4.89,Yes,8064
51940,Michelin Tools Flex 9,Automotive,Tools,MICHELIN,1943.69,895.76,4.89,Yes,8667
51941,Ok Play Soft Elite 3,Toys,Soft Toys,OK PLAY,3633.86,2405.88,5.0,Yes,8035
51942,Scholastic Self Premium 5,Books,Self Help,SCHOLASTIC,2851.6,1228.42,4.17,Yes,8126
51943,Van Heusen Men Air 2,Fashion,Men Clothing,VAN HEUSEN,3988.81,2544.87,4.18,Yes,8133
51944,Fisher Price Puzzles Pro 2,Toys,Puzzles,FISHER PRICE,9363.08,4620.03,2.66,Yes,7576
51945,Forest Essentials Skincare Air 2,Beauty,Skincare,FOREST ESSENTIALS,16715.46,11125.83,3.6,Yes,8431
51946,Shell Tyres Plus 8,Automotive,Tyres,SHELL,139.39,74.71,3.67,Yes,7552
51947,Tata Staples Ultra 6,Grocery,Staples,TATA,12020.43,10217.3655,3.24,Yes,8961
51948,Webby Board Neo 8,Toys,Board Games,WEBBY,156043.03,72597.63,4.79,No,8858
51949,Patanjali Dairy Air 4,Grocery,Dairy,PATANJALI,2007.48,1366.75,3.42,Yes,7976
51950,HarperCollins Fiction Flex 5,Books,Fiction,HARPERCOLLINS,948.68,621.72,3.49,Yes,7400
51951,Nivia Badminton Pro 4,Sports,Badminton,NIVIA,4981.09,3425.29,4.67,Yes,8113
51952,Michelin Tools Ultra 1,Automotive,Tools,MICHELIN,68073.71,35480.14,4.12,No,7207
51953,Tanishq Sunglasses Neo 4,Fashion,Sunglasses,TANISHQ,324.03,159.24,2.99,Yes,7061
51954,FAST&UP Medical Plus 1,Health,Medical Devices,FAST&UP,4737.6,2847.29,4.43,No,8399
51955,Reebok Badminton Elite 5,Sports,Badminton,REEBOK,4074.71,2495.72,4.43,Yes,8462
51956,Reebok Running Max 7,Sports,Running,REEBOK,11680.55,6927.14,3.19,Yes,8865
51957,Under Armour Badminton Air 8,Sports,Badminton,UNDER ARMOUR,71783.93,39553.3,2.64,No,8286
51958,Vega Tyres Ultra 3,Automotive,Tyres,VEGA,940.7,464.18,2.7,Yes,8474
51959,Dabur Protein Pro 9,Health,Protein,DABUR,23950.85,11337.79,2.82,Yes,7243
51960,HUL Fruits Air 1,Grocery,Fruits Vegetables,HUL,176944.31,105377.04,2.59,No,8015
51961,Fastrack Footwear Mini 7,Fashion,Footwear,FASTRACK,6478.93,2809.58,2.65,Yes,7729
51962,Steelbird Tyres Premium 5,Automotive,Tyres,STEELBIRD,417.61,290.53,4.56,Yes,8154
51963,Peter England Bags Edge 7,Fashion,Bags,PETER ENGLAND,909.9,601.51,3.75,Yes,8594
51964,Arihant Fiction Smart 2,Books,Fiction,ARIHANT,661.82,464.93,3.06,Yes,8087
51965,Pigeon Lighting Max 5,Home Kitchen,Lighting,PIGEON,72021.11,51092.73,4.09,Yes,7692
51966,Steelbird Bike Plus 6,Automotive,Bike Accessories,STEELBIRD,18191.08,12125.96,4.49,Yes,7820
51967,Borosil Appliances Ultra 8,Home Kitchen,Appliances,BOROSIL,3398.38,555.14,4.12,Yes,8902
51968,Prestige Cookware Air 3,Home Kitchen,Cookware,PRESTIGE,10484.16,6390.65,3.41,Yes,7636
51969,Reebok Cycling Edge 4,Sports,Cycling,REEBOK,9163.87,4711.7,3.38,Yes,8363
51970,Fast&Up Medical Smart 6,Health,Medical Devices,FAST&UP,175.69,131.76749999999998,4.09,Yes,8623
51971,Fast&Up Supplements Lite 4,Health,Supplements,FAST&UP,2769.94,1294.32,2.53,No,7578
51972,Ok Play Action Plus 9,Toys,Action Figures,OK PLAY,456.32,322.52,4.29,Yes,8335
51973,Tanishq Watches Mini 2,Fashion,Watches,TANISHQ,2304.52,1547.28,4.72,Yes,8138
51974,Fast&Up First Plus 4,Health,First Aid,FAST&UP,9740.46,6705.25,3.04,No,7153
51975,Oxford Children Air 6,Books,Children Books,OXFORD,1540.24,709.64,4.64,No,8629
51976,Castrol Tyres Mini 8,Automotive,Tyres,CASTROL,4204.69,1808.91,3.83,No,7810
51977,Hasbro Action Neo 5,Toys,Action Figures,HASBRO,878.71,521.93,4.4,Yes,7616
51978,LOreal Makeup Active 5,Beauty,Makeup,LOREAL,19536.15,12035.63,4.71,Yes,8432
51980,Shell Bike Flex 3,Automotive,Bike Accessories,SHELL,258.2,155.54,4.52,Yes,8860
51981,OnePlus Accessories Edge 6,Electronics,Accessories,ONEPLUS,21111.43,11684.41,2.72,Yes,7995
51982,Levis Sunglasses Pro 7,Fashion,Sunglasses,LEVIS,51636.8,34841.62,3.01,Yes,7073
51983,Parle Staples Smart 2,Grocery,Staples,PARLE,398.61,258.91,3.38,Yes,8368
51984,P&G Staples Air 1,Grocery,Staples,P&G,621.48,275.59,3.33,No,7440
51985,Dabur Ayurveda Ultra 5,Health,Ayurveda,DABUR,822.3,570.21,3.99,Yes,7053
51986,Patanjali Beverages Pro 2,Grocery,Beverages,PATANJALI,9293.59,5903.55,4.0,Yes,8684
51987,Steelbird Lubricants Air 8,Automotive,Lubricants,STEELBIRD,40879.85,26552.4,3.63,Yes,7302
51988,Nivia Cricket Air 1,Sports,Cricket,NIVIA,2399.17,1358.06,3.79,Yes,7958
51989,Arihant Non Edge 6,Books,Non Fiction,ARIHANT,226.58,156.73,3.17,Yes,8382
51990,Cosco Cricket Air 9,Sports,Cricket,COSCO,169737.1,86077.95,3.55,No,8666
51991,Boat Gaming Max 2,Electronics,Gaming,BOAT,4474.3,4026.8700000000003,3.98,Yes,7417
51992,LG Tablets Max 4,Electronics,Tablets,LG,3325.77,2188.35,4.31,Yes,7342
51993,S.Chand Non Smart 3,Books,Non Fiction,S.CHAND,69944.72,31412.79,4.83,Yes,7539
51994,Samsung Galaxy M35 5G,Home Kitchen,Garden,ORIENT,183.93,126.08,2.98,Yes,8246
51995,Tata Dairy Elite 5,Grocery,Dairy,TATA,202959.17,82452.73,2.99,Yes,7799
51996,MRF Yoga Active 8,Sports,Yoga,MRF,297947.23,175421.93,3.13,Yes,8269
51997,Speedo Cricket Edge 5,Sports,Cricket,SPEEDO,612.69,292.59,3.15,Yes,7297
51998,Amul Fruits Edge 5,Grocery,Fruits Vegetables,AMUL,19261.69,11931.21,4.33,Yes,8023
51999,Under Armour Running Air 5,Sports,Running,UNDER ARMOUR,43981.1,24241.28,3.69,Yes,8274
52000,Prestige Furniture Active 7,Home Kitchen,Furniture,PRESTIGE,66793.88,47041.03,3.21,Yes,7736
52001,Nivia Badminton X 5,Sports,Badminton,NIVIA,779.14,468.06,2.68,No,8367
52002,Pantene Haircare Ultra 2,Beauty,Haircare,PANTENE,3951.82,1882.69,3.6,Yes,8516
52003,CASTROL Lubricants Elite 2,Automotive,Lubricants,CASTROL,4634.42,2527.38,3.81,Yes,8366
52004,Scholastic Academic Pro 5,Books,Academic,SCHOLASTIC,975.65,485.28,3.33,Yes,7724
52005,Pigeon Appliances Edge 8,Home Kitchen,Appliances,PIGEON,3301.84,1726.68,2.94,Yes,8087
52006,Shell Car Max 6,Automotive,Car Accessories,SHELL,75334.79,53926.57,3.55,Yes,7144
52007,Sony Gaming Mini 6,Electronics,Gaming,SONY,3602.98,1657.08,4.5,No,7538
52008,patanjali Baby Elite 3,Grocery,Baby Products,PATANJALI,1847.45,974.6,4.8,Yes,8264
52009,LOreal Skincare Air 4,Beauty,Skincare,LOREAL,198034.45,118923.84,3.43,Yes,7883
52010,OnePlus Smartwatches Max 9,Electronics,Smartwatches,ONEPLUS,2102.09,1317.27,3.47,Yes,7354
52011,Fastrack Bags Edge 9,Fashion,Bags,FASTRACK,18787.53,12560.83,4.4,No,7123
52012,Tata Dairy Elite 5,Grocery,Dairy,TATA,1868.71,767.93,2.9,Yes,8871
52013,Bosch Tools Plus 7,Automotive,Tools,BOSCH,19075.33,11385.95,3.63,Yes,7884
52014,S.Chand Biographies Pro 4,Books,Biographies,S.CHAND,4678.66,2445.39,2.62,Yes,8545
52015,Steelbird Lubricants X 8,Automotive,Unknown,STEELBIRD,642.49,362.94,2.53,Yes,8990
52016,LG Cameras Mini 6,Electronics,Cameras,LG,4010.95,2487.23,3.11,Yes,8576
52017,Dell Laptops Premium 6,Electronics,Laptops,DELL,204939.66,120385.14,3.5,No,7517
52018,OnePlus Laptops Mini 3,Electronics,Laptops,ONEPLUS,11764.04,6659.78,2.73,Yes,8576
52019,Cosco Yoga Neo 7,Sports,Yoga,COSCO,1590.64,803.76,4.87,Yes,7732
52020,Butterfly Storage Lite 7,Home Kitchen,Storage,BUTTERFLY,1766.6,756.21,4.26,Yes,8640
52021,HarperCollins Fiction Pro 2,Books,Fiction,HARPERCOLLINS,32741.86,17662.44,5.0,Yes,7700
52022,UCB Kids Max 7,Fashion,Kids Wear,UCB,2760.4,1494.64,3.07,Yes,8542
52023,Nike Footwear Active 7,Fashion,Footwear,NIKE,4215.0,2226.06,3.01,Yes,8816
52024,HarperCollins Biographies Flex 1,Books,Biographies,HARPERCOLLINS,783.27,419.0,3.23,Yes,7427
52025,Cipla Supplements Neo 6,Health,Supplements,CIPLA,4615.52,3000.49,2.77,Yes,8369
52026,Borosil Appliances Elite 3,Home Kitchen,Appliances,BOROSIL,16937.11,7356.12,3.57,No,7151
52027,Bosch Car Pro 4,Automotive,Car Accessories,BOSCH,4208.32,2186.17,4.36,Yes,8704
52028,Ok Play Educational X 1,Toys,Educational,OK PLAY,511.85,363.37,2.66,Yes,7774
52029,Britannia Snacks Ultra 1,Grocery,Snacks,BRITANNIA,258.91,133.77,2.96,Yes,7366
52030,Lego Remote Air 3,Toys,Remote Control,LEGO,3160.77,1987.84,4.4,Yes,7183
52031,himalaya Protein Ultra 4,Health,Protein,HIMALAYA,891.21,413.31,3.16,Yes,7861
52032,Apple Cameras Ultra 6,Electronics,Cameras,APPLE,540.51,253.41,3.65,Yes,7738
52033,Bata Jewellery Neo 7,Fashion,Jewellery,BATA,281.35,133.35,3.05,Yes,8753
52034,H&M Kids Neo 9,Fashion,Kids Wear,H&M,120.37,79.39,2.96,Yes,8169
52035,Biotique Haircare Smart 3,Beauty,Haircare,BIOTIQUE,1959.47,834.15,4.44,Yes,7967
52036,Noise Smart X 5,Electronics,Smart Tvs,NOISE,982.21,542.8,2.99,Yes,8818
52037,H&M Bags Edge 9,Fashion,Bags,H&M,14171.83,9322.84,4.21,Yes,8263
52038,Tata Staples Lite 4,Grocery,Staples,TATA,13530.64,5459.39,3.89,Yes,7801
52039,Abbott Medical Plus 2,Health,Medical Devices,ABBOTT,50828.36,28668.6,3.28,Yes,8307
52040,MRF Cricket Smart 5,Sports,Cricket,MRF,1495.17,800.14,2.67,Yes,7440
52041,Tata Fruits Pro 6,Grocery,Fruits Vegetables,TATA,49717.38,33179.42,4.84,Yes,8189
52042,Cosco Yoga X 7,Sports,Yoga,COSCO,200252.85,112747.68,2.97,Yes,7719
52043,Decathlon Cycling Active 3,Sports,Cycling,DECATHLON,1037.27,625.8,3.29,Yes,7337
52044,Milton Lighting Neo 7,Home Kitchen,Lighting,MILTON,145357.09,96875.85,4.23,Yes,8485
52045,Muscleblaze Ayurveda Mini 8,Health,Ayurveda,MUSCLEBLAZE,137702.41,63202.22,2.74,Yes,7187
52046,Maybelline Fragrances Neo 8,Beauty,Fragrances,MAYBELLINE,1789.02,1219.59,5.0,Yes,7601
52047,Healthkart Supplements Smart 9,Health,Supplements,HEALTHKART,1714.72,999.47,2.96,Yes,8128
52048,Michelin Car Lite 4,Automotive,Car Accessories,MICHELIN,120163.09,71379.37,3.53,Yes,8963
52049,Philips Cookware Smart 5,Home Kitchen,Cookware,PHILIPS,58786.91,26285.24,4.19,No,7024
52050,Scholastic Biographies Plus 7,Books,Biographies,SCHOLASTIC,134.69,70.19,3.48,No,8048
52051,Lakme Mens Plus 4,Beauty,Mens Grooming,LAKME,135126.03,64656.01,3.5,Yes,8025
52052,MRF Badminton Neo 2,Sports,Badminton,MRF,140139.47,95935.15,3.88,No,7347
52053,speedo Cricket Max 6,Sports,Cricket,SPEEDO,4477.07,2638.16,4.98,Yes,8731
52054,Biotique Mens Ultra 5,Beauty,Mens Grooming,BIOTIQUE,65821.89,45311.98,3.81,Yes,8640
52055,HUL Fruits Active 3,Grocery,Fruits Vegetables,HUL,3030.65,1240.96,2.73,Yes,7274
52056,H&M Bags Lite 8,Fashion,Bags,H&M,464.31,205.37,4.82,Yes,7873
52057,Scholastic Academic Smart 2,Books,Academic,SCHOLASTIC,14901.74,7650.43,2.54,No,7394
52058,UCB Bags Ultra 7,Fashion,Bags,UCB,1610.82,750.9,3.05,Yes,8546
52059,Michelin Lubricants X 9,Automotive,Lubricants,MICHELIN,38541.53,17319.55,2.63,Yes,7844
52060,OnePlus Smartwatches Max 1,Electronics,Smartwatches,ONEPLUS,2987.77,1243.62,4.89,Yes,7916
52061,Orient Furniture Air 9,Home Kitchen,Furniture,ORIENT,151.41,82.36,4.02,Yes,8460
52062,Hasbro Puzzles Plus 8,Toys,Puzzles,HASBRO,47405.09,19885.83,2.91,No,8820
52063,Lakme Mens Plus 7,Beauty,Mens Grooming,LAKME,221.27,152.08,4.62,Yes,8391
52064,Dabur Dairy Premium 4,Grocery,Dairy,DABUR,271.47,149.13,3.93,Yes,8228
52065,Logitech Tablets Ultra 6,Electronics,Tablets,LOGITECH,558.36,308.03,3.65,Yes,8090
52066,Cipla Supplements Flex 9,Health,Supplements,CIPLA,4786.66,2503.38,3.71,No,7206
52067,ABBOTT Vitamins X 7,Health,Vitamins,ABBOTT,209736.49,118212.18,3.97,Yes,7212
52068,Forest Essentials Makeup Mini 9,Beauty,Makeup,FOREST ESSENTIALS,19715.36,13536.03,4.54,Yes,7399
52069,JBL Accessories Max 2,Electronics,Accessories,JBL,14056.72,7102.28,4.12,No,8083
52070,Pantene Makeup Ultra 1,Beauty,Makeup,PANTENE,7286.21,3920.47,4.59,Yes,8163
52071,Castrol Car Active 2,Automotive,Car Accessories,CASTROL,75189.79,43448.96,4.91,Yes,8396
52072,Muscleblaze Ayurveda Max 3,Health,Ayurveda,MUSCLEBLAZE,20427.36,10260.06,3.74,Yes,8843
52073,Pearson Non Ultra 3,Books,Non Fiction,PEARSON,653.74,421.43,3.91,Yes,8142
52074,Butterfly Decor Smart 4,Home Kitchen,Decor,BUTTERFLY,895.21,402.94,4.13,Yes,8750
52075,Fisher Price Educational Neo 9,Toys,Educational,FISHER PRICE,7635.83,5097.49,2.76,Yes,8934
52076,Milton Appliances Premium 2,Home Kitchen,Appliances,MILTON,75165.75,52616.024999999994,4.37,Yes,8613
52077,Michelin Tyres Pro 1,Automotive,Tyres,MICHELIN,862.67,440.25,3.55,Yes,8982
52078,Steelbird Tools Mini 6,Automotive,Tools,STEELBIRD,12529.06,6627.52,3.15,No,7539
52079,Cosco Running Max 7,Sports,Running,COSCO,1209.8,575.59,4.14,Yes,7106
52080,Prestige Lighting Ultra 7,Home Kitchen,Lighting,PRESTIGE,64563.91,41439.07,3.43,Yes,7309
52081,Levis Bags X 8,Fashion,Bags,LEVIS,2592.22,1793.84,2.66,No,8071
52082,H&M Bags Plus 9,Fashion,Bags,H&M,3260.16,2268.78,4.94,Yes,7161
52083,ADIDAS Bags Air 2,Fashion,Bags,ADIDAS,4063.3900000000003,700.33,2.58,Yes,8919
52084,Bajaj Garden Active 8,Home Kitchen,Garden,BAJAJ,740.84,511.97,4.29,Yes,7722
52085,Castrol Lubricants Pro 4,Automotive,Lubricants,CASTROL,74600.42,45360.97,3.62,Yes,7507
52086,Tata Staples Ultra 7,Grocery,Staples,TATA,445.8,240.54,2.84,Yes,7111
52087,Oxford Biographies Mini 1,Books,Biographies,OXFORD,1541.42,727.02,4.05,Yes,7419
52088,Under Armour Badminton Smart 9,Sports,Badminton,UNDER ARMOUR,1658.78,1166.51,4.3,Yes,8287
52089,LOreal Makeup Edge 9,Beauty,Makeup,LOREAL,117905.84,60333.64,3.53,No,7413
52090,Bata Kids Mini 5,Fashion,Kids Wear,BATA,1463.64,758.59,3.5,Yes,8570
52091,Pearson Fiction Active 3,Books,Fiction,PEARSON,920.55,646.04,3.42,No,8550
52092,Vega Car Active 4,Automotive,Car Accessories,VEGA,25384.63,12339.04,4.87,Yes,8996
52093,Fast&Up Protein Elite 4,Health,Protein,FAST&UP,42157.03,20551.19,4.98,Yes,8959
52094,Pearson Children Plus 5,Books,Children Books,PEARSON,3861.74,2199.67,3.32,Yes,7322
52095,Nike Kids Smart 9,Fashion,Kids Wear,NIKE,259093.68,121603.75,3.11,Yes,8236
52096,Decathlon Cricket Neo 9,Sports,Cricket,DECATHLON,775.87,468.21,3.92,Yes,7031
52097,Amul Staples X 6,Grocery,Staples,AMUL,16308.22,13861.987,4.45,No,7791
52098,Dove Mens Edge 9,Beauty,Mens Grooming,DOVE,14646.3,7133.57,4.5,Yes,7278
52099,Bosch Tools Ultra 7,Automotive,Tools,BOSCH,4546.12,2018.59,2.6,Yes,7195
52100,Under Armour Cycling Elite 1,Sports,Cycling,UNDER ARMOUR,37082.56,20072.33,4.61,Yes,7199
52101,Parle Cleaning Elite 5,Grocery,Cleaning,PARLE,1194.78,724.46,3.76,Yes,8744
52102,Cipla Vitamins Pro 1,Health,Vitamins,CIPLA,1619.95,855.53,4.71,No,7122
52103,Healthkart First Active 2,Health,First Aid,HEALTHKART,622.37,384.49,4.4,Yes,8044
52104,HUL Dairy Ultra 6,Grocery,Dairy,HUL,11201.95,6182.87,4.2,Yes,8841
52105,Speedo Cycling Ultra 4,Sports,Cycling,SPEEDO,297910.73,169956.37,4.83,Yes,7533
52106,Dabur Medical X 4,Health,Medical Devices,DABUR,72184.36,36102.24,3.04,Yes,7684
52107,Ok Play Action Premium 1,Toys,Action Figures,OK PLAY,1575.32,863.1,4.54,No,7456
52108,Woodland Men Ultra 5,Fashion,Men Clothing,WOODLAND,644.28,421.87,3.3,Yes,8916
52109,Asus Laptops Plus 2,Electronics,Laptops,ASUS,1017.98,696.15,4.16,Yes,8023
52110,Adidas Footwear Lite 8,Fashion,Footwear,ADIDAS,523.39,314.034,3.2,No,7678
52111,Dabur Snacks Active 2,Grocery,Snacks,DABUR,42860.88,22271.49,3.48,Yes,7690
52112,Steelbird Car Neo 5,Automotive,Car Accessories,STEELBIRD,838.94,529.87,4.51,Yes,7130
52113,Shell Car Smart 2,Automotive,Car Accessories,SHELL,2511.08,1305.3,3.77,Yes,7305
52114,3M Car Max 7,Automotive,Car Accessories,3M,9874.78,6074.84,4.43,Yes,8255
52115,Noise Smart Premium 3,Electronics,Smart Tvs,NOISE,39408.67,20222.43,4.68,Yes,7412
52116,Ok Play Educational Edge 4,Toys,Educational,OK PLAY,145957.2,99141.27,5.0,Yes,8742
52117,Gillette Skincare Ultra 2,Beauty,Skincare,GILLETTE,2444.92,1272.81,4.07,Yes,8628
52118,Reebok Running Max 5,Sports,Running,REEBOK,72912.75,48441.54,4.05,Yes,8942
52119,MRF Fitness Max 2,Sports,Fitness Equipment,MRF,5891.71,3797.23,3.12,No,7377
52120,H&M Bags Ultra 5,Fashion,Bags,H&M,17033.96,7664.7,4.97,Yes,8688
52121,HarperCollins Self Elite 6,Books,Self Help,HARPERCOLLINS,473.94,203.46,4.48,Yes,7886
52122,Arihant Non Flex 4,Books,Non Fiction,ARIHANT,192341.22,96797.63,3.74,Yes,8415
52123,Ok Play Action Edge 5,Toys,Action Figures,OK PLAY,2370.33,1074.63,4.94,Yes,8340
52124,3M Lubricants Active 7,Automotive,Lubricants,3M,1534.61,855.61,4.08,No,8554
52125,Mattel Educational Plus 9,Toys,Educational,MATTEL,830.37,349.33,4.63,Yes,8841
52126,Dove Haircare Lite 4,Beauty,Haircare,DOVE,12983.23,6743.01,3.21,Yes,7272
52127,Pigeon Furniture Ultra 9,Home Kitchen,Furniture,PIGEON,17623.62,10118.82,4.38,Yes,8430
52128,Hasbro Soft Max 7,Toys,Soft Toys,HASBRO,275.3,150.9,3.07,Yes,8678
52129,Biotique Skincare Elite 5,Beauty,Skincare,BIOTIQUE,13481.1,9189.05,3.29,Yes,7395
52130,Woodland Kids Ultra 8,Fashion,Kids Wear,WOODLAND,5119.2,2423.91,4.94,No,8299
52131,Webby Remote Pro 5,Toys,Remote Control,WEBBY,776.64,365.23,4.98,Yes,7863
52132,Britannia Beverages Plus 5,Grocery,Beverages,BRITANNIA,2106.68,1125.02,4.69,Yes,7409
52133,Patanjali Snacks Lite 8,Grocery,Snacks,PATANJALI,10302.05,5740.36,4.57,Yes,7319
52134,Dabur Medical Max 7,Health,Medical Devices,DABUR,626.47,399.73,4.5,Yes,7757
52135,Samsung Galaxy M35 5G,Electronics,Headphones,HP,9015.19,4789.17,2.71,Yes,7476
52136,Maybelline Mens Flex 8,Beauty,Unknown,MAYBELLINE,16579.29,8825.53,4.55,Yes,8548
52137,Nivia Badminton Plus 6,Sports,Badminton,NIVIA,1084.04,624.18,4.7,No,8947
52138,Cipla Ayurveda Edge 6,Health,Ayurveda,CIPLA,13645.27,8564.89,4.05,Yes,7094
52139,Fast&Up Ayurveda Max 8,Health,Ayurveda,FAST&UP,367.62,164.36,3.23,Yes,8082
52140,Himalaya First Pro 3,Health,First Aid,HIMALAYA,532.77,230.07,4.07,Yes,7769
52141,Adidas Jewellery Lite 4,Fashion,Jewellery,ADIDAS,272102.16,134012.35,3.85,Yes,7493
52142,bosch Tyres Air 9,Automotive,Tyres,BOSCH,4041.47,2031.74,2.62,Yes,8625
52143,FISHER PRICE Puzzles Air 2,Toys,Puzzles,FISHER PRICE,533.74,220.88,4.5,Yes,7162
52144,Yonex Cricket Flex 2,Sports,Cricket,YONEX,2201.5,1280.38,3.18,Yes,8677
52145,Fisher Price Action Elite 2,Toys,Action Figures,FISHER PRICE,10756.16,6991.504,4.22,Yes,8418
52146,HUL Personal Flex 1,Grocery,Personal Care,HUL,460.92,322.33,2.91,Yes,7702
52147,Mattel Soft Flex 6,Toys,Soft Toys,MATTEL,2743.7,1217.38,2.59,Yes,7268
52148,HarperCollins Fiction Elite 4,Books,Fiction,HARPERCOLLINS,2905.54,1720.42,3.08,Yes,7376
52149,Patanjali Dairy Air 5,Grocery,Dairy,PATANJALI,918.95,378.31,3.06,No,8057
52150,Nivea Fragrances Air 6,Beauty,Fragrances,NIVEA,13292.28,7915.14,4.74,No,8912
52151,Pigeon Storage Air 3,Home Kitchen,Storage,PIGEON,67116.06,35387.6,3.84,Yes,7765
52152,Fisher Price Remote Plus 7,Toys,Remote Control,FISHER PRICE,565.12,373.79,4.11,Yes,7975
52153,Fisher Price Board Flex 5,Toys,Board Games,FISHER PRICE,4575.76,3054.15,3.7,Yes,7230
52154,mattel Action Max 1,Toys,Action Figures,MATTEL,11702.51,5641.52,4.14,No,8244
52155,Tata Fruits Elite 2,Grocery,Fruits Vegetables,TATA,12079.67,5865.23,4.99,Yes,7340
52156,Nike Bags Plus 6,Fashion,Bags,NIKE,7064.98,4308.68,3.97,Yes,8310
52157,Abbott Medical Edge 7,Health,Medical Devices,ABBOTT,16397.18,11720.96,4.55,No,7151
52158,Usha Decor Ultra 3,Home Kitchen,Decor,USHA,209550.76,120748.88,2.68,Yes,7848
52159,Steelbird Car Pro 6,Automotive,Car Accessories,STEELBIRD,4243.01,2878.26,4.22,Yes,7303
52160,Tata Personal Mini 2,Grocery,Personal Care,TATA,77239.43,40780.02,4.4,Yes,7653
52161,Parle Dairy Plus 8,Grocery,Dairy,PARLE,3226.97,1808.92,3.7,No,8940
52162,Penguin Fiction Active 9,Books,Fiction,PENGUIN,113156.19,50945.74,4.85,Yes,8236
52163,FASTRACK Kids Mini 1,Fashion,Kids Wear,FASTRACK,216.02,125.74,4.09,Yes,7637
52164,Fisher Price Remote Edge 5,Toys,Remote Control,FISHER PRICE,79984.15,41662.5,4.7,Yes,7398
52165,Forest Essentials Makeup X 3,Beauty,Makeup,FOREST ESSENTIALS,709.8,377.26,3.99,No,8253
52166,Lego Board Max 4,Toys,Board Games,LEGO,524.61,300.91,3.69,Yes,8247
52167,Samsung Accessories Elite 8,Electronics,Accessories,SAMSUNG,19020.18,10538.92,2.64,No,7216
52168,Butterfly Bedding Premium 5,Home Kitchen,Unknown,BUTTERFLY,73157.44,35711.07,4.48,Yes,7165
52169,Cosco Cricket Elite 6,Sports,Cricket,COSCO,61146.48,37888.89,4.46,No,8025
52170,Castrol Lubricants Flex 2,Automotive,Lubricants,CASTROL,3085.92,1997.77,4.55,Yes,8212
52171,Prestige Decor Ultra 7,Home Kitchen,Decor,PRESTIGE,54609.9,22474.04,4.22,Yes,7123
52172,Boat Rockerz 550,Sports,Cricket,DECATHLON,7903.63,3821.68,4.43,Yes,8503
52173,Woodland Sunglasses Pro 5,Fashion,Sunglasses,WOODLAND,24702.8,14821.679999999998,4.51,Yes,8858
52174,Forest Essentials Skincare Edge 4,Beauty,Skincare,FOREST ESSENTIALS,2374.92,1397.97,3.66,Yes,8279
52175,Reebok Badminton Mini 5,Sports,Badminton,REEBOK,121008.54,84705.97799999999,4.97,Yes,7628
52176,ITC Baby Pro 2,Grocery,Baby Products,ITC,14608.27,9225.92,4.65,Yes,8783
52177,Fisher Price Puzzles Max 5,Toys,Puzzles,FISHER PRICE,748.81,449.34,3.06,Yes,8953
52178,Fast&Up Medical Mini 5,Health,Medical Devices,FAST&UP,4777.96,3189.77,4.23,Yes,7028
52179,Forest Essentials Mens Lite 3,Beauty,Mens Grooming,FOREST ESSENTIALS,18341.27,9672.39,3.22,Yes,7188
52180,LOreal Fragrances Elite 5,Beauty,Fragrances,LOREAL,4970.14,2341.55,4.83,Yes,7616
52181,Nestle Personal X 1,Grocery,Personal Care,NESTLE,2886.31,1454.45,4.04,Yes,7862
52182,S.Chand Non Neo 2,Books,Non Fiction,S.CHAND,19510.05,13648.71,4.7,Yes,8854
52183,H&M Jewellery Ultra 7,Fashion,Jewellery,H&M,2730.83,1786.64,4.25,Yes,8164
52184,Tata Fruits Edge 6,Grocery,Fruits Vegetables,TATA,141.67,56.89,4.42,Yes,8959
52185,ARIHANT Non Elite 5,Books,Non Fiction,ARIHANT,12950.06,8040.67,2.56,Yes,8987
52186,HUL Snacks Lite 7,Grocery,Snacks,HUL,4458.07,1855.97,2.85,Yes,8924
52187,HarperCollins Biographies Premium 1,Books,Unknown,HARPERCOLLINS,15388.97,6757.57,4.06,Yes,8474
52188,Samsung Galaxy M35 5G,Home Kitchen,Bedding,BOROSIL,17953.38,12333.4,3.79,No,7196
52189,Bosch Bike Premium 4,Automotive,Bike Accessories,BOSCH,674.35,342.14,4.44,Yes,7836
52190,SG Swimming Air 1,Sports,Swimming,SG,10243.14,5135.99,4.12,Yes,7555
52191,Louis Philippe Bags Mini 7,Fashion,Bags,LOUIS PHILIPPE,842.0,605.32,4.64,Yes,7262
52192,Borosil Storage Neo 5,Home Kitchen,Storage,BOROSIL,2270.31,1194.9,3.09,Yes,7076
52193,Oxford Academic Lite 5,Books,Academic,OXFORD,1422.32,861.56,3.74,No,7380
52194,HarperCollins Academic Plus 2,Books,Academic,HARPERCOLLINS,2087.64,1394.89,3.98,No,7019
52195,HarperCollins Non Air 3,Books,Unknown,HARPERCOLLINS,6213.81,2751.26,4.06,Yes,8383
52196,Healthkart Supplements Active 8,Health,Supplements,HEALTHKART,1457.42,794.38,2.95,Yes,8342
52197,Tata Snacks Premium 1,Grocery,Snacks,TATA,35161.11,17359.93,3.25,Yes,8415
52198,Boat Headphones Elite 5,Electronics,Headphones,BOAT,17321.46,9442.32,3.82,Yes,7120
52199,ITC Dairy Air 4,Grocery,Dairy,ITC,1572.85,1047.72,3.26,Yes,8154
52200,Nestle Staples Premium 3,Grocery,Staples,NESTLE,14861.68,9278.24,2.91,Yes,7349
52201,OPPO Mobiles Lite 6,Electronics,Mobiles,OPPO,10961.91,7408.12,4.95,Yes,7200
52202,Bajaj Lighting Active 7,Home Kitchen,Lighting,BAJAJ,166.41,81.8,3.96,Yes,8951
52203,VIVO Cameras Max 5,Electronics,Cameras,VIVO,3777.17,3399.453,5.0,Yes,7093
52204,Peter England Men Max 1,Fashion,Men Clothing,PETER ENGLAND,984.83,649.74,3.44,Yes,8936
52205,Dabur Protein Premium 7,Health,Protein,DABUR,221826.0,128646.09,3.44,Yes,7057
52206,Parle Staples X 3,Grocery,Staples,PARLE,40150.32,17703.59,3.88,No,7702
52207,Abbott Protein Active 6,Health,Protein,ABBOTT,43496.9,27210.53,2.6,Yes,8424
52208,Decathlon Badminton X 4,Sports,Badminton,DECATHLON,909.29,521.15,4.95,Yes,7261
52209,nestle Snacks Smart 3,Grocery,Snacks,NESTLE,572.02,358.64,2.51,Yes,8343
52210,Penguin Self Ultra 8,Books,Self Help,PENGUIN,543.04,237.61,4.08,Yes,8376
52211,Dabur Supplements Max 8,Health,Supplements,DABUR,29230.53,17514.04,2.9,Yes,8447
52212,Castrol Car Pro 7,Automotive,Car Accessories,CASTROL,621.01,396.43,3.01,Yes,8730
52213,Cosco Cycling Lite 8,Sports,Cycling,COSCO,4205.27,1998.26,4.92,No,7549
52214,Under Armour Yoga Neo 3,Sports,Yoga,UNDER ARMOUR,1127.37,503.52,4.98,Yes,7587
52215,Realme Smart Air 6,Electronics,Smart Tvs,REALME,8533.22,3964.72,2.96,Yes,8769
52216,JBL Smart X 6,Electronics,Smart Tvs,JBL,278.18,134.34,4.68,Yes,8932
52217,Lego Educational Ultra 3,Toys,Educational,LEGO,474.64,312.68,2.56,Yes,7258
52218,Scholastic Self Mini 5,Books,Self Help,SCHOLASTIC,328.74,208.11,3.02,Yes,8766
52219,Steelbird Bike Smart 5,Automotive,Bike Accessories,STEELBIRD,73526.89,35113.8,4.91,Yes,7639
52220,Apple Headphones Active 7,Electronics,Headphones,APPLE,12811.76,5893.36,3.51,Yes,8402
52221,Oxford Academic Premium 3,Books,Academic,OXFORD,21009.93,13650.06,4.97,No,7913
52222,Bajaj Garden Max 9,Home Kitchen,Garden,BAJAJ,194074.06,125577.77,4.56,Yes,7142
52223,Maybelline Fragrances Air 1,Beauty,Fragrances,MAYBELLINE,10181.22,6626.98,2.94,Yes,7468
52224,UCB Sunglasses Pro 5,Fashion,Unknown,UCB,195737.3,129957.19,2.87,Yes,7942
52225,Michelin Bike Flex 2,Automotive,Bike Accessories,MICHELIN,19236.11,11128.03,3.15,Yes,7792
52226,ITC Dairy Pro 9,Grocery,Dairy,ITC,348.06,147.07,2.95,No,7884
52227,UCB Watches Pro 3,Fashion,Watches,UCB,309.62,199.68,4.37,No,8644
52228,Adidas Watches Pro 1,Fashion,Watches,ADIDAS,236214.98,141728.988,3.67,Yes,7012
52229,Gillette Mens Plus 8,Beauty,Mens Grooming,GILLETTE,2368.11,1400.88,2.96,Yes,8610
52230,ITC Cleaning Plus 8,Grocery,Cleaning,ITC,1393.75,1001.5,4.75,Yes,8360
52231,S.Chand Fiction Edge 7,Books,Fiction,S.CHAND,875.05,606.37,3.7,Yes,8412
52233,Oxford Academic Plus 1,Books,Academic,OXFORD,3101.37,2154.56,3.67,No,8266
52234,Asus Headphones Plus 4,Electronics,Headphones,ASUS,638.16,401.03,4.04,Yes,7849
52235,Prestige Furniture Mini 7,Home Kitchen,Furniture,PRESTIGE,2542.27,1781.56,3.71,Yes,8799
52236,Nivia Fitness X 7,Sports,Fitness Equipment,NIVIA,3959.01,2430.72,4.43,Yes,8093
52237,Philips Garden Ultra 9,Home Kitchen,Garden,PHILIPS,224388.7,119964.41,3.65,Yes,7527
52238,Fisher Price Remote Edge 5,Toys,Remote Control,FISHER PRICE,312.11,208.02,4.28,No,8193
52239,Borosil Storage Flex 7,Home Kitchen,Storage,BOROSIL,13699.05,5677.51,4.39,Yes,8254
52240,Shell Tools Plus 7,Automotive,Tools,SHELL,8947.24,7157.792,4.63,Yes,8246
52241,Under Armour Yoga Smart 6,Sports,Yoga,UNDER ARMOUR,498.54,263.99,2.8,Yes,8008
52242,Cipla First Neo 6,Health,First Aid,CIPLA,17529.41,12591.63,3.83,Yes,8812
52243,Usha Garden Mini 3,Home Kitchen,Garden,USHA,4867.08,2195.98,3.99,Yes,8350
52244,Butterfly Furniture Ultra 4,Home Kitchen,Furniture,BUTTERFLY,642.38,438.35,3.56,No,8675
52245,Healthkart Protein X 4,Health,Protein,HEALTHKART,149.7,77.89,4.93,Yes,7196
52246,MRF Running Pro 9,Sports,Running,MRF,71129.5,34790.56,3.04,Yes,8801
52247,Prestige Garden Pro 4,Home Kitchen,Garden,PRESTIGE,8502.88,5688.64,4.34,Yes,7407
52248,Webby Educational Pro 3,Toys,Educational,WEBBY,493.98,214.25,4.48,Yes,8372
52249,Nivia Yoga Premium 5,Sports,Yoga,NIVIA,310.88,203.45,4.5,Yes,7579
52250,ITC Fruits Active 6,Grocery,Fruits Vegetables,ITC,273.35,110.09,3.9,Yes,7083
52251,Michelin Bike Edge 1,Automotive,Bike Accessories,MICHELIN,1697.0,1140.69,3.68,Yes,7276
52252,Borosil Lighting Premium 9,Home Kitchen,Lighting,BOROSIL,1698.0,1073.16,4.62,Yes,8165
52253,Maybelline Haircare Ultra 2,Beauty,Haircare,MAYBELLINE,785.98,529.17,3.29,Yes,8103
52254,Scholastic Self Max 8,Books,Self Help,SCHOLASTIC,13600.22,6378.96,3.89,No,7890
52255,Webby Remote Elite 7,Toys,Remote Control,WEBBY,502.1,341.24,2.71,Yes,8731
52256,Parle Dairy Neo 3,Grocery,Dairy,PARLE,4414.32,3092.12,3.02,No,8058
52257,Tata Personal Active 6,Grocery,Personal Care,TATA,551.59,284.06,4.12,Yes,8163
52258,Usha Decor Edge 8,Home Kitchen,Decor,USHA,4327.95,3059.44,3.06,Yes,8938
52259,Adidas Footwear Mini 1,Fashion,Footwear,ADIDAS,53872.11,28107.86,3.23,Yes,7227
52260,Vega Lubricants X 4,Automotive,Lubricants,VEGA,437.04,282.96,3.74,No,8367
52261,Webby Board Neo 4,Toys,Board Games,WEBBY,2396.63,1125.77,4.49,No,7882
52262,Bajaj Storage Premium 5,Home Kitchen,Storage,BAJAJ,530.54,233.22,3.46,Yes,8899
52263,Havells Furniture Lite 5,Home Kitchen,Furniture,HAVELLS,621.05,386.61,4.68,Yes,7361
52264,P&G Fruits Air 7,Grocery,Fruits Vegetables,P&G,3825.84,2322.63,4.67,No,8445
52265,Pantene Skincare Neo 5,Beauty,Skincare,PANTENE,152559.87,77633.65,4.06,No,8529
52266,Pearson Self Elite 6,Books,Self Help,PEARSON,16819.9,10906.16,3.87,Yes,8253
52267,3M Bike Mini 2,Automotive,Bike Accessories,3M,972.25,473.46,3.69,No,7962
52268,Shell Tools Air 8,Automotive,Tools,SHELL,998.66,488.73,2.67,Yes,8921
52269,Decathlon Fitness Premium 1,Sports,Fitness Equipment,DECATHLON,890.92,392.87,4.72,Yes,7226
52270,Forest Essentials Mens Max 5,Beauty,Mens Grooming,FOREST ESSENTIALS,37356.19,23423.87,2.8,Yes,8994
52271,amul Beverages Premium 3,Grocery,Beverages,AMUL,3998.99,2225.25,3.04,Yes,7053
52272,Fastrack Kids Active 7,Fashion,Kids Wear,FASTRACK,12574.28,8710.58,2.86,Yes,7007
52273,Under Armour Fitness Ultra 6,Sports,Fitness Equipment,UNDER ARMOUR,14951.9,8982.27,4.36,Yes,8533
52274,HarperCollins Fiction Ultra 2,Books,Unknown,HARPERCOLLINS,7154.84,4161.28,3.75,Yes,8653
52275,Dove Haircare Flex 1,Beauty,Haircare,DOVE,54118.89,32015.03,2.82,Yes,7899
52276,Scholastic Academic Smart 3,Books,Academic,SCHOLASTIC,14335.79,9352.8,3.99,Yes,7941
52277,Funskool Puzzles Pro 1,Toys,Puzzles,FUNSKOOL,747.47,330.64,4.8,Yes,7491
52278,Boat Accessories Pro 8,Electronics,Accessories,BOAT,4926.16,2764.35,2.5,Yes,8135
52279,Healthkart Supplements Elite 1,Health,Supplements,HEALTHKART,6927.98,3171.76,4.88,No,7706
52280,Forest Essentials Fragrances Lite 9,Beauty,Fragrances,FOREST ESSENTIALS,592.14,246.72,2.79,Yes,8844
52281,Pearson Fiction Max 3,Books,Fiction,PEARSON,65564.59,41934.23,4.9,Yes,7540
52282,Lego Educational X 8,Toys,Educational,LEGO,3264.56,1341.65,2.77,No,8717
52283,Canon Mobiles Premium 7,Electronics,Mobiles,CANON,1992.27,1344.58,3.22,Yes,8772
52284,Dabur Vitamins Flex 9,Health,Vitamins,DABUR,2543.31,1462.35,4.84,No,7040
52285,Milton Storage Max 3,Home Kitchen,Storage,MILTON,232.58,127.35,2.58,Yes,7559
52286,castrol Tyres Lite 1,Automotive,Tyres,CASTROL,1555.38,707.91,3.57,Yes,7998
52287,Van Heusen Watches Edge 8,Fashion,Watches,VAN HEUSEN,791.1,569.53,3.5,Yes,7854
52288,Butterfly Lighting Flex 7,Home Kitchen,Lighting,BUTTERFLY,2513.49,1730.18,3.2,No,8057
52289,HarperCollins Academic Smart 7,Books,Academic,HARPERCOLLINS,86153.83,58245.67,2.85,Yes,7159
52290,Dell Laptops Lite 2,Electronics,Laptops,DELL,2630.36,1858.76,4.99,No,8964
52291,Shell Tyres Lite 5,Automotive,Tyres,SHELL,568.66,357.95,3.92,Yes,8355
52292,Amul Snacks Neo 7,Grocery,Snacks,AMUL,2644.28,1735.58,3.83,Yes,7269
52293,Speedo Swimming X 1,Sports,Swimming,SPEEDO,193.47,116.84,3.62,Yes,8269
52294,Decathlon Badminton Ultra 9,Sports,Badminton,DECATHLON,345.03,226.88,2.54,Yes,8603
52295,Maybelline Skincare X 3,Beauty,Skincare,MAYBELLINE,64770.7,30552.63,2.91,Yes,8509
52296,MRF Running Lite 4,Sports,Running,MRF,16675.36,11115.13,4.9,Yes,7223
52297,Vega Lubricants Air 7,Automotive,Lubricants,VEGA,1659.74,772.77,4.65,Yes,8704
52298,Canon Accessories Mini 2,Electronics,Accessories,CANON,528.56,313.74,3.08,No,7104
52299,Pigeon Bedding Mini 4,Home Kitchen,Bedding,PIGEON,667.44,396.73,4.7,Yes,8620
52300,Pigeon Cookware Max 5,Home Kitchen,Cookware,PIGEON,148.47,106.68,4.71,Yes,7995
52301,Shell Tools Premium 1,Automotive,Tools,SHELL,44065.37,29939.0,3.85,Yes,7695
52302,Dabur Protein Elite 4,Health,Protein,DABUR,1444.05,912.96,2.86,No,8527
52303,Titan Jewellery Neo 4,Fashion,Jewellery,TITAN,68057.54,45650.38,2.79,Yes,7259
52304,Webby Remote Smart 1,Toys,Remote Control,WEBBY,325.14,233.31,3.77,Yes,7708
52305,Michelin Lubricants Premium 8,Automotive,Lubricants,MICHELIN,456.84,253.75,2.54,Yes,8077
52306,lakme Mens Plus 5,Beauty,Unknown,LAKME,2960.34,1291.28,2.67,Yes,8445
52307,Webby Educational Plus 2,Toys,Educational,WEBBY,2587.54,1307.74,3.05,Yes,8669
52308,S.Chand Academic Plus 8,Books,Academic,S.CHAND,10748.87,5551.83,3.79,Yes,7801
52309,HarperCollins Non Mini 9,Books,Non Fiction,HARPERCOLLINS,2141.36,1304.71,3.05,Yes,8311
52310,Prestige Lighting Neo 7,Home Kitchen,Lighting,PRESTIGE,3850.03,2104.9,3.96,Yes,8606
52311,Muscleblaze Protein Pro 4,Health,Protein,MUSCLEBLAZE,4768.15,3375.73,2.64,Yes,8863
52312,Yonex Swimming Active 8,Sports,Swimming,YONEX,9316.98,5288.43,4.62,No,8152
52313,Canon Cameras Air 7,Electronics,Cameras,CANON,744.74,484.29,3.98,Yes,8969
52314,Nike Kids Air 3,Fashion,Kids Wear,NIKE,9205.09,4624.8,4.18,Yes,7624
52315,ITC Staples Max 5,Grocery,Staples,ITC,4557.02,2258.87,2.98,Yes,7090
52316,Philips Storage Premium 7,Home Kitchen,Storage,PHILIPS,74101.94,43765.38,4.67,No,8136
52317,Fast&Up Protein Edge 5,Health,Protein,FAST&UP,627.27,346.54,2.96,No,8337
52318,Healthkart Vitamins Smart 9,Health,Vitamins,HEALTHKART,19187.23,13482.07,3.01,Yes,8285
52319,ITC Dairy X 5,Grocery,Dairy,ITC,28387.83,16638.46,3.6,No,8409
52320,Lakme Haircare Active 9,Beauty,Haircare,LAKME,4230.04,1886.91,4.57,Yes,7483
52321,Dabur First Smart 1,Health,First Aid,DABUR,750.94,378.8,2.71,Yes,7113
52322,Ok Play Remote Ultra 5,Toys,Remote Control,OK PLAY,42038.12,21985.42,4.66,Yes,7269
52323,Britannia Fruits Mini 3,Grocery,Fruits Vegetables,BRITANNIA,21925.02,10309.54,3.16,No,8414
52324,Steelbird Tools Premium 6,Automotive,Tools,STEELBIRD,2087.87,1121.28,4.3,Yes,7519
52325,Michelin Tyres Smart 9,Automotive,Tyres,MICHELIN,244.37,167.0,3.25,Yes,7986
52326,SG Running Plus 2,Sports,Running,SG,19694.03,13500.92,4.58,Yes,7987
52327,Bosch Tyres Smart 5,Automotive,Tyres,BOSCH,308.96,197.02,3.14,No,7448
52328,Penguin Fiction Pro 5,Books,Fiction,PENGUIN,602.14,425.55,2.82,No,8131
52329,Arihant Academic X 9,Books,Academic,ARIHANT,238304.13,149707.98,4.83,Yes,7230
52330,Cosco Running Lite 9,Sports,Running,COSCO,174518.46,98100.13,4.95,Yes,7749
52331,Boat Rockerz 550,Fashion,Unknown,UCB,16938.92,8586.0,2.76,Yes,7451
52332,Samsung Laptops Lite 1,Electronics,Laptops,SAMSUNG,146.68,80.46,4.72,No,8465
52333,Pearson Self Ultra 8,Books,Self Help,PEARSON,2283.89,1607.78,4.13,Yes,8684
52334,3M Lubricants Air 7,Automotive,Lubricants,3M,659.39,377.07,4.69,Yes,8847
52335,Orient Lighting Neo 3,Home Kitchen,Lighting,ORIENT,17620.11,12151.59,3.86,Yes,7801
52336,Steelbird Lubricants Premium 2,Automotive,Lubricants,STEELBIRD,129392.9,86565.91,4.03,No,8725
52337,Ok Play Puzzles Neo 6,Toys,Puzzles,OK PLAY,646.62,425.03,3.51,No,8938
52338,dove Fragrances Ultra 7,Beauty,Fragrances,DOVE,197361.53,83800.94,2.6,Yes,8222
52339,Abbott Ayurveda Active 4,Health,Ayurveda,ABBOTT,4503.75,2886.89,4.54,Yes,8751
52340,Van Heusen Men Active 3,Fashion,Men Clothing,VAN HEUSEN,823.87,442.91,2.72,Yes,7558
52341,Logitech Headphones Edge 9,Electronics,Headphones,LOGITECH,2025.92,908.57,3.62,No,7140
52342,Scholastic Academic Edge 2,Books,Academic,SCHOLASTIC,225.92,127.91,5.0,Yes,7457
52343,Himalaya Protein Edge 6,Health,Protein,HIMALAYA,5573.2,645.45,4.09,Yes,8435
52344,Oxford Self Neo 7,Books,Self Help,OXFORD,8599.6,3820.36,4.34,Yes,8499
52345,Samsung Galaxy M35 5G,Home Kitchen,Appliances,PHILIPS,7862.37,3835.56,4.21,Yes,8557
52346,Muscleblaze Protein Elite 3,Health,Protein,MUSCLEBLAZE,76696.47,37352.43,4.81,Yes,7092
52347,Samsung Mobiles Pro 1,Electronics,Mobiles,SAMSUNG,880.39,499.57,3.86,No,7353
52348,Butterfly Storage Plus 9,Home Kitchen,Storage,BUTTERFLY,608.21,432.97,3.65,No,8250
52349,Penguin Fiction Max 9,Books,Fiction,PENGUIN,2951.16,1755.58,4.64,No,7846
52350,Parle Fruits Smart 3,Grocery,Fruits Vegetables,PARLE,13946.38,8729.44,3.17,Yes,8767
52351,Maybelline Mens Air 5,Beauty,Mens Grooming,MAYBELLINE,68260.15,34338.12,4.16,Yes,7078
52352,Mattel Board Mini 6,Toys,Board Games,MATTEL,36034.86,20587.58,4.89,Yes,8738
52353,Under Armour Running Neo 4,Sports,Running,UNDER ARMOUR,65837.26,40542.22,2.53,Yes,7398
52354,Philips Garden Air 1,Home Kitchen,Garden,PHILIPS,45540.06,27876.04,4.88,Yes,8749
52355,Penguin Biographies Pro 6,Books,Biographies,PENGUIN,631.54,381.35,4.23,Yes,8623
52356,Woodland Jewellery Mini 6,Fashion,Jewellery,WOODLAND,12791.36,5617.74,3.93,Yes,8481
52357,Gillette Fragrances Mini 4,Beauty,Fragrances,GILLETTE,176058.3,105073.78,4.06,Yes,8991
52358,Pigeon Garden Max 6,Home Kitchen,Garden,PIGEON,73904.06,32127.64,3.74,Yes,7654
52359,Vega Tools Pro 3,Automotive,Tools,VEGA,359.57,191.91,2.83,Yes,8776
52360,Hasbro Puzzles Air 6,Toys,Puzzles,HASBRO,8799.67,3854.79,3.06,Yes,8881
52361,Bosch Tools Lite 3,Automotive,Tools,BOSCH,169116.31,78235.79,4.89,No,7029
52362,Dabur First Max 2,Health,First Aid,DABUR,15310.51,6491.45,2.65,Yes,7608
52363,Steelbird Car Max 8,Automotive,Car Accessories,STEELBIRD,32778.63,20063.72,4.44,Yes,8655
52364,Britannia Staples Max 2,Grocery,Staples,BRITANNIA,8819.95,3704.23,3.17,Yes,8320
52365,Havells Cookware Smart 1,Home Kitchen,Cookware,HAVELLS,971.3,687.16,4.77,No,7232
52366,Amul Beverages Flex 3,Grocery,Beverages,AMUL,12158.45,5383.43,3.18,Yes,8867
52367,S.Chand Academic Premium 1,Books,Academic,S.CHAND,188.77,82.12,4.78,Yes,7986
52368,Lego Action Mini 8,Toys,Action Figures,LEGO,107693.72,64821.11,4.74,Yes,8663
52369,Butterfly Garden Plus 9,Home Kitchen,Garden,BUTTERFLY,74669.82,48762.57,4.05,Yes,8624
52370,LG Mobiles Elite 4,Electronics,Unknown,LG,3336.09,1959.21,3.06,No,7962
52371,Cipla Supplements Premium 6,Health,Supplements,CIPLA,80336.83,34661.57,4.9,Yes,7936
52372,Samsung Mobiles Elite 4,Electronics,Mobiles,SAMSUNG,72407.95,40724.65,4.49,Yes,8154
52373,Lakme Skincare Neo 7,Beauty,Skincare,LAKME,8781.5,5960.69,4.63,Yes,8876
52374,Sony Accessories Pro 6,Electronics,Accessories,SONY,6046.49,3980.75,4.59,Yes,8254
52375,Vega Car Edge 6,Automotive,Car Accessories,VEGA,4872.23,2082.23,4.08,Yes,8879
52376,Usha Bedding Plus 6,Home Kitchen,Bedding,USHA,1519.59,641.03,3.69,Yes,7315
52377,Bosch Tools Mini 4,Automotive,Tools,BOSCH,607.78,343.16,3.07,Yes,7267
52378,HarperCollins Non Premium 7,Books,Non Fiction,HARPERCOLLINS,26512.17,12783.15,2.53,Yes,7655
52379,michelin Car Ultra 4,Automotive,Car Accessories,MICHELIN,4604.53,2082.89,2.76,Yes,8472
52380,Havells Bedding Mini 3,Home Kitchen,Bedding,HAVELLS,404.45,189.72,4.43,Yes,8487
52381,Patanjali Baby Active 8,Grocery,Baby Products,PATANJALI,13777.02,8372.81,4.64,No,8229
52382,Van Heusen Kids Ultra 3,Fashion,Kids Wear,VAN HEUSEN,2903.93,1686.05,2.71,Yes,7851
52383,ITC Snacks Premium 3,Grocery,Snacks,ITC,1182.03,552.44,2.81,No,8733
52384,Zara Men Lite 9,Fashion,Men Clothing,ZARA,17189.22,9789.47,3.6,Yes,8336
52385,S.Chand Academic Premium 7,Books,Academic,S.CHAND,4784.02,2175.52,4.79,Yes,7008
52386,Under Armour Swimming Smart 1,Sports,Swimming,UNDER ARMOUR,765.38,533.29,2.84,Yes,8304
52387,Webby Educational Plus 9,Toys,Educational,WEBBY,19546.16,13525.09,2.99,Yes,7504
52388,ITC Baby Air 2,Grocery,Baby Products,ITC,2636.49,1817.81,3.84,Yes,8634
52389,Fisher Price Board Smart 6,Toys,Board Games,FISHER PRICE,1079.92,631.74,4.81,No,7670
52390,Fast&Up Protein Premium 1,Health,Protein,FAST&UP,154.39,93.48,3.04,No,7472
52391,Arihant Self Smart 6,Books,Self Help,ARIHANT,7135.53,4054.64,4.56,Yes,8518
52392,Britannia Staples Plus 4,Grocery,Unknown,BRITANNIA,3438.165,69.51,3.9,No,7050
52393,Bata Kids Air 7,Fashion,Kids Wear,BATA,296095.43,131908.76,3.58,Yes,7164
52394,Vivo Headphones Lite 8,Electronics,Headphones,VIVO,18906.5,12145.28,3.68,Yes,7507
52395,Fastrack Men Flex 3,Fashion,Men Clothing,FASTRACK,604.67,323.52,4.33,Yes,7391
52396,3M Tools Flex 6,Automotive,Tools,3M,17330.67,12227.96,3.53,Yes,7071
52397,Mattel Educational Neo 8,Toys,Educational,MATTEL,137.16,70.15,2.58,Yes,7711
52398,Yonex Cycling Neo 4,Sports,Cycling,YONEX,7271.54,3173.32,3.7,No,7815
52399,Steelbird Tools Premium 3,Automotive,Tools,STEELBIRD,316.95,194.86,2.66,No,7671
52400,Bosch Bike Air 8,Automotive,Bike Accessories,BOSCH,423.49,196.12,3.42,Yes,8322
52401,ITC Fruits Max 7,Grocery,Fruits Vegetables,ITC,54826.81,22763.04,4.95,No,7124
52402,Prestige Lighting Air 2,Home Kitchen,Lighting,PRESTIGE,4668.86,2794.31,2.74,Yes,8892
52403,Funskool Soft Neo 5,Toys,Soft Toys,FUNSKOOL,482.3,213.63,4.78,Yes,7974
52404,Himalaya Ayurveda Air 7,Health,Ayurveda,HIMALAYA,51905.41,25515.47,3.26,Yes,7992
52405,Shell Bike Active 8,Automotive,Bike Accessories,SHELL,2486.23,1571.62,4.64,Yes,8579
52406,Bajaj Cookware Mini 8,Home Kitchen,Cookware,BAJAJ,13465.18,7042.43,4.81,Yes,8958
52407,Fisher Price Board Flex 7,Toys,Board Games,FISHER PRICE,2890.79,1879.0135,2.75,Yes,7669
52408,Abbott Medical Ultra 7,Health,Medical Devices,ABBOTT,599.57,358.67,2.93,Yes,8494
52409,Prestige Cookware Air 3,Home Kitchen,Cookware,PRESTIGE,1677.16,885.84,3.76,No,7846
52410,Hasbro Action Edge 4,Toys,Action Figures,HASBRO,19846.32,9984.83,3.71,Yes,8442
52411,Castrol Tools Lite 8,Automotive,Tools,CASTROL,632.84,371.35,3.83,Yes,8361
52412,Castrol Car Max 4,Automotive,Car Accessories,CASTROL,389.31,213.62,4.56,Yes,7644
52413,Canon Cameras Pro 3,Electronics,Cameras,CANON,1424.63,624.24,3.11,No,7896
52414,Puma Footwear Elite 1,Fashion,Footwear,PUMA,9738.27,6643.92,4.92,Yes,7128
52415,Lakme Haircare Ultra 1,Beauty,Haircare,LAKME,3239.75,1353.61,4.04,Yes,7711
52416,Funskool Remote Flex 1,Toys,Remote Control,FUNSKOOL,39631.84,19276.92,3.72,Yes,8311
52417,Pigeon Cookware Premium 6,Home Kitchen,Cookware,PIGEON,214.58,115.68,2.86,Yes,7277
52418,SG Running Active 5,Sports,Running,SG,2696.71,1113.31,3.35,Yes,8381
52419,SG Cycling Air 8,Sports,Cycling,SG,184.18,121.58,2.83,Yes,8102
52420,Amul Staples Elite 4,Grocery,Staples,AMUL,3051.23,1741.91,4.79,No,8485
52421,S.Chand Self Max 1,Books,Self Help,S.CHAND,666.6,306.86,3.95,Yes,8009
52422,Himalaya Vitamins Edge 1,Health,Vitamins,HIMALAYA,4655.62,3491.715,4.43,Yes,8975
52423,adidas Footwear Mini 5,Fashion,Footwear,ADIDAS,2929.86,1768.61,3.86,Yes,8242
52424,Reebok Cycling X 9,Sports,Cycling,REEBOK,96038.71,38539.54,2.58,Yes,8893
52425,Fisher Price Remote Flex 8,Toys,Remote Control,FISHER PRICE,7216.42,3411.17,3.43,Yes,8750
52426,Dabur Vitamins Ultra 3,Health,Vitamins,DABUR,685.26,300.46,4.91,Yes,7233
52427,Havells Bedding Air 4,Home Kitchen,Bedding,HAVELLS,16703.44,9995.69,4.41,No,7780
52428,Pantene Fragrances Neo 2,Beauty,Fragrances,PANTENE,6689.41,3806.87,3.54,Yes,7368
52429,Maybelline Makeup Edge 7,Beauty,Makeup,MAYBELLINE,372.92,222.12,4.04,Yes,8014
52430,Prestige Appliances Neo 2,Home Kitchen,Appliances,PRESTIGE,38207.39,18603.19,3.79,Yes,7504
52431,Funskool Educational Mini 3,Toys,Educational,FUNSKOOL,847.01,500.72,3.88,Yes,8287
52432,LEVIS Jewellery X 9,Fashion,Jewellery,LEVIS,12211.29,5684.97,3.47,Yes,7386
52433,HarperCollins Non Smart 4,Books,Non Fiction,HARPERCOLLINS,1105.27,666.51,3.89,Yes,8523
52434,Milton Garden Premium 8,Home Kitchen,Garden,MILTON,278.92,177.79,3.17,No,8402
52436,Britannia Beverages Max 6,Grocery,Beverages,BRITANNIA,63458.74,27528.22,3.41,Yes,8387
52437,Puma Watches Plus 8,Fashion,Watches,PUMA,3129.79,1945.67,3.57,Yes,8804
52438,Speedo Running X 1,Sports,Running,SPEEDO,59233.0,28530.14,3.96,No,7507
52439,Dabur Baby Mini 9,Grocery,Baby Products,DABUR,3525.11,1533.83,3.36,Yes,8318
52440,Muscleblaze Supplements Active 8,Health,Supplements,MUSCLEBLAZE,329.93,170.59,2.57,Yes,8016
52441,Forest Essentials Haircare Active 3,Beauty,Haircare,FOREST ESSENTIALS,2931.5,1976.68,3.96,Yes,7616
52442,Oxford Biographies Flex 4,Books,Biographies,OXFORD,48717.76,29730.55,3.0,No,7268
52443,Noise Cameras Plus 4,Electronics,Cameras,NOISE,157753.23,103331.72,2.68,No,7841
52444,Nestle Staples Mini 3,Grocery,Staples,NESTLE,1376.81,777.87,4.73,Yes,8905
52445,Webby Action Ultra 2,Toys,Action Figures,WEBBY,953.96,428.96,4.22,Yes,8371
52446,OPPO Accessories Smart 4,Electronics,Accessories,OPPO,38944.48,20971.22,2.61,Yes,8727
52447,Reebok Swimming Mini 1,Sports,Unknown,REEBOK,41374.99,23532.95,4.24,No,8940
52448,Parle Personal Edge 8,Grocery,Personal Care,PARLE,2454.95,1710.63,3.5,Yes,7595
52449,Noise Tablets Premium 4,Electronics,Tablets,NOISE,9388.8,4465.7,4.75,No,8591
52450,Funskool Board Smart 4,Toys,Board Games,FUNSKOOL,1140.18,531.8,2.99,Yes,8667
52451,Penguin Self Elite 8,Books,Self Help,PENGUIN,269358.39,186075.13,3.15,Yes,7457
52452,Yonex Fitness Plus 1,Sports,Fitness Equipment,YONEX,45981.97,22571.26,3.61,Yes,8055
52453,Prestige Furniture X 9,Home Kitchen,Furniture,PRESTIGE,17739.4,12679.95,3.81,Yes,7667
52454,Funskool Remote Max 8,Toys,Remote Control,FUNSKOOL,4155.3,2542.52,3.73,Yes,8900
52455,Reebok Yoga Smart 1,Sports,Yoga,REEBOK,15921.88,10080.24,4.84,Yes,7092
52456,Samsung Galaxy M35 5G,Automotive,Tyres,STEELBIRD,983.56,537.57,4.77,No,7767
52457,Pearson Biographies Flex 9,Books,Biographies,PEARSON,3019.32,1832.49,3.71,No,7161
52458,Abbott Medical Plus 9,Health,Medical Devices,ABBOTT,369.36,155.15,3.07,Yes,8307
52459,Pearson Self Lite 9,Books,Self Help,PEARSON,490.84,271.06,3.17,Yes,8262
52460,HP Headphones X 4,Electronics,Headphones,HP,23276.12,15226.75,2.77,No,8215
52461,Fisher Price Board Flex 1,Toys,Board Games,FISHER PRICE,3570.08,2320.552,4.63,Yes,8771
52462,Nikon Gaming X 2,Electronics,Gaming,NIKON,19442.03,8745.02,4.68,No,7031
52463,Zara Footwear Elite 1,Fashion,Footwear,ZARA,4875.61,2496.13,3.28,No,7247
52464,Canon Laptops Ultra 1,Electronics,Laptops,CANON,4528.27,2045.79,3.34,Yes,7125
52465,Cipla First Premium 4,Health,First Aid,CIPLA,75700.65,48236.69,2.71,Yes,8907
52466,Vega Car Lite 6,Automotive,Car Accessories,VEGA,108.0,54.94,2.65,Yes,8992
52467,Pearson Fiction Lite 2,Books,Fiction,PEARSON,418.19,175.41,4.99,Yes,8137
52468,HUL Staples Pro 2,Grocery,Staples,HUL,4751.92,3106.57,3.28,Yes,8820
52469,Muscleblaze First Edge 9,Health,First Aid,MUSCLEBLAZE,72453.81,43421.44,4.67,Yes,7116
52470,Milton Garden Neo 5,Home Kitchen,Garden,MILTON,17537.11,7832.27,4.04,Yes,8023
52471,Bosch Lubricants Air 3,Automotive,Lubricants,BOSCH,976.31,678.39,3.0,Yes,7206
52472,Himalaya Vitamins Flex 2,Health,Vitamins,HIMALAYA,10373.4,4368.43,3.81,Yes,7039
52473,Oxford Self X 7,Books,Self Help,OXFORD,4645.51,2681.28,3.12,Yes,7519
52474,Amul Personal Active 7,Grocery,Personal Care,AMUL,3212.73,1831.52,4.9,Yes,7805
52475,WOODLAND Footwear Pro 4,Fashion,Footwear,WOODLAND,16943.38,9115.32,4.29,Yes,7369
52476,Acer Smartwatches Flex 5,Electronics,Smartwatches,ACER,7032.44,3507.26,4.79,Yes,7926
52477,Acer Tablets Elite 6,Electronics,Tablets,ACER,14436.64,7734.73,4.85,No,7177
52478,SG Running Plus 9,Sports,Running,SG,960.42,625.7,4.92,Yes,7209
52479,Muscleblaze Ayurveda Pro 3,Health,Ayurveda,MUSCLEBLAZE,584.0,265.18,2.88,No,7160
52480,Hasbro Board Max 7,Toys,Board Games,HASBRO,693.72,311.37,3.79,Yes,7668
52482,Scholastic Self Smart 9,Books,Self Help,SCHOLASTIC,934.24,448.44,2.66,Yes,7834
52483,Arihant Non Ultra 2,Books,Non Fiction,ARIHANT,4403.62,2252.11,3.84,Yes,7430
52484,LOreal Skincare Ultra 5,Beauty,Skincare,LOREAL,132893.04,69245.61,4.93,Yes,7749
52485,Gillette Mens Smart 3,Beauty,Mens Grooming,GILLETTE,76862.77,49424.0,4.96,Yes,8916
52486,Funskool Board Edge 4,Toys,Board Games,FUNSKOOL,892.54,580.151,3.69,Yes,7893
52487,HarperCollins Non Ultra 7,Books,Non Fiction,HARPERCOLLINS,77929.8,32009.14,4.01,Yes,7818
52488,Lakme Haircare Premium 8,Beauty,Haircare,LAKME,209554.81,118087.93,2.69,Yes,7356
52489,Reebok Running Plus 7,Sports,Running,REEBOK,1722.76,779.21,3.26,Yes,8051
52490,Logitech Tablets Max 2,Electronics,Tablets,LOGITECH,218108.69,129402.16,4.68,Yes,8746
52491,Cosco Cycling Premium 3,Sports,Unknown,COSCO,565.26,315.78,4.3,Yes,7913
52492,Pantene Skincare Neo 3,Beauty,Skincare,PANTENE,6238.04,79.91,4.03,No,8353
52493,Abbott First Premium 6,Health,First Aid,ABBOTT,250.41,178.75,3.28,Yes,7287
52494,Adidas Footwear Neo 6,Fashion,Footwear,ADIDAS,2467.17,1082.61,3.84,Yes,7884
52495,Oxford Fiction Plus 3,Books,Fiction,OXFORD,168.68,83.66,4.01,Yes,7644
52496,SG Badminton X 4,Sports,Badminton,SG,2955.21,1285.32,3.18,Yes,7409
52497,3M Car Neo 1,Automotive,Car Accessories,3M,4740.75,2864.42,3.8,Yes,8984
52498,Mattel Educational Plus 8,Toys,Educational,MATTEL,322.48,151.29,3.02,No,7920
52499,LOreal Skincare Lite 1,Beauty,Skincare,LOREAL,214957.3,142211.84,4.63,No,7215
52500,Lego Remote Max 1,Toys,Unknown,LEGO,105188.39,56749.03,4.26,No,8332
52501,H&M Jewellery Mini 3,Fashion,Jewellery,H&M,86274.73,55738.92,3.31,Yes,7524
52502,Abbott Ayurveda Flex 6,Health,Ayurveda,ABBOTT,819.83,482.98,3.75,Yes,8894
52503,Pearson Fiction Elite 4,Books,Fiction,PEARSON,14899.95,10225.01,3.19,No,8787
52504,Vivo Mobiles Plus 1,Electronics,Mobiles,VIVO,1136.88,685.63,2.83,Yes,8553
52505,S.Chand Children Mini 2,Books,Children Books,S.CHAND,55455.01,37402.36,4.55,Yes,7762
52506,Lakme Mens Smart 7,Beauty,Mens Grooming,LAKME,14743.82,6642.42,2.8,Yes,7368
52507,Pearson Children Smart 8,Books,Children Books,PEARSON,35916.03,25170.35,2.95,Yes,8415
52508,Tanishq Jewellery Neo 7,Fashion,Jewellery,TANISHQ,872.36,616.92,4.84,No,8279
52509,Nike Sports Shoes Pro,Electronics,Laptops,JBL,1315.94,807.11,4.48,Yes,8117
52510,Himalaya Vitamins Air 8,Health,Vitamins,HIMALAYA,4158.15,2119.38,4.23,Yes,7858
52511,Shell Lubricants Flex 9,Automotive,Unknown,SHELL,1602.5,866.94,3.51,Yes,8605
52512,Borosil Bedding Max 4,Home Kitchen,Bedding,BOROSIL,24626.99,12206.37,4.89,Yes,7091
52513,Scholastic Children Plus 1,Books,Children Books,SCHOLASTIC,295676.8,172780.49,4.7,Yes,7745
52514,Reebok Fitness Pro 6,Sports,Fitness Equipment,REEBOK,70670.28,34276.46,3.33,Yes,8103
52515,Bata Kids Active 1,Fashion,Kids Wear,BATA,850.74,502.18,4.41,Yes,8661
52516,Vega Car X 3,Automotive,Car Accessories,VEGA,15104.06,9994.49,2.82,Yes,8032
52517,Usha Appliances Mini 9,Home Kitchen,Appliances,USHA,4139.6,2618.64,3.3,Yes,8302
52518,Dove Skincare Smart 1,Beauty,Skincare,DOVE,6238.04,4054.726,4.98,No,8768
52519,Orient Lighting Premium 9,Home Kitchen,Lighting,ORIENT,609.84,261.17,4.08,Yes,8147
52520,Bata Sunglasses Neo 6,Fashion,Sunglasses,BATA,109808.02,75564.02,3.41,Yes,8315
52521,Mattel Soft Neo 8,Toys,Soft Toys,MATTEL,770.67,538.85,4.98,Yes,8914
52522,Adidas Kids Pro 2,Fashion,Kids Wear,ADIDAS,593.94,315.51,4.72,Yes,8371
52523,Pantene Fragrances Air 1,Beauty,Fragrances,PANTENE,2067.61,1357.09,4.4,Yes,8215
52524,shell Car Flex 1,Automotive,Car Accessories,SHELL,15051.99,7564.99,3.44,No,8213
52525,ITC Cleaning Plus 4,Grocery,Cleaning,ITC,600.51,353.33,3.08,No,7836
52526,Amul Cleaning Premium 7,Grocery,Cleaning,AMUL,4769.94,3031.08,4.12,No,8538
52527,Cosco Running Premium 2,Sports,Running,COSCO,206.37,123.23,3.83,Yes,8012
52528,Tata Staples Pro 3,Grocery,Staples,TATA,18677.08,9959.18,3.96,Yes,7506
52529,Bajaj Appliances Smart 9,Home Kitchen,Appliances,BAJAJ,5100.59,2774.16,4.67,Yes,8800
52530,Funskool Remote Flex 4,Toys,Remote Control,FUNSKOOL,68815.56,31247.66,3.72,No,7261
52531,Dove Haircare Elite 9,Beauty,Haircare,DOVE,400.75,211.67,4.23,Yes,7815
52532,Fast&Up Supplements Premium 5,Health,Supplements,FAST&UP,231.53,113.67,4.64,Yes,7190
52533,Bosch Car Active 7,Automotive,Car Accessories,BOSCH,2286.18,1375.67,2.9,Yes,7709
52534,Nivia Yoga Air 7,Sports,Yoga,NIVIA,253.39,117.2,2.91,Yes,7960
52535,Hasbro Remote Active 6,Toys,Remote Control,HASBRO,610.12,381.33,4.23,Yes,7603
52536,Patanjali Fruits Elite 6,Grocery,Fruits Vegetables,PATANJALI,184.28,127.74,2.69,Yes,8046
52537,Hasbro Board Smart 4,Toys,Board Games,HASBRO,1243.6,647.59,3.65,Yes,7090
52538,Noise Laptops Lite 7,Electronics,Laptops,NOISE,1501.49,1075.64,4.03,No,7728
52539,Forest Essentials Haircare Neo 4,Beauty,Haircare,FOREST ESSENTIALS,803.38,324.8,2.54,Yes,8080
52540,Pantene Mens Plus 6,Beauty,Mens Grooming,PANTENE,30940.39,19339.27,4.91,Yes,8299
52541,Woodland Men Flex 9,Fashion,Men Clothing,WOODLAND,462.99,258.88,4.48,Yes,8561
52542,Michelin Car Max 7,Automotive,Car Accessories,MICHELIN,905.49,573.8,4.21,No,7413
52543,Xiaomi Gaming Plus 2,Electronics,Gaming,XIAOMI,185365.54,107466.46,3.58,Yes,7076
52544,Lego Educational X 7,Toys,Educational,LEGO,1175.99,837.85,3.14,Yes,8658
52545,Orient Furniture Air 2,Home Kitchen,Furniture,ORIENT,834.39,390.14,4.99,Yes,8818
52546,Hasbro Board Edge 1,Toys,Board Games,HASBRO,7014.72,4573.25,2.87,Yes,7938
52547,Himalaya First Elite 5,Health,First Aid,HIMALAYA,76073.01,40301.96,3.21,Yes,7186
52548,Nivea Mens Pro 4,Beauty,Mens Grooming,NIVEA,332.11,225.46,3.93,Yes,7135
52549,Dabur First Neo 6,Health,First Aid,DABUR,3820.94,1876.93,2.86,Yes,8964
52550,HP Tablets Flex 6,Electronics,Tablets,HP,5390.81,3479.02,2.53,Yes,8427
52551,Nike Sports Shoes Pro,Sports,Badminton,REEBOK,4639.81,2799.8,4.34,No,8407
52552,Steelbird Bike Max 4,Automotive,Bike Accessories,STEELBIRD,11647.08,7775.57,2.86,Yes,8746
52553,Yonex Cricket Mini 3,Sports,Cricket,YONEX,2442.89,1644.54,3.14,Yes,8963
52554,Louis Philippe Jewellery X 6,Fashion,Jewellery,LOUIS PHILIPPE,2688.05,1321.93,2.83,Yes,8786
52555,Acer Smartwatches X 2,Electronics,Smartwatches,ACER,329.59,144.01,3.67,Yes,8243
52556,Havells Storage X 2,Home Kitchen,Storage,HAVELLS,41967.03,26095.1,3.39,Yes,8135
52557,Ok Play Educational Active 1,Toys,Educational,OK PLAY,677.34,279.04,3.72,Yes,8611
52558,Mattel Action Air 7,Toys,Action Figures,MATTEL,7089.2,4991.18,3.18,Yes,7329
52559,Vega Bike Max 6,Automotive,Bike Accessories,VEGA,2181.36,997.35,3.14,Yes,8459
52560,Logitech Smartwatches Premium 6,Electronics,Smartwatches,LOGITECH,15834.76,6515.57,3.21,No,8395
52561,SG Badminton Flex 3,Sports,Badminton,SG,4836.26,2582.9,3.25,No,8438
52562,Forest Essentials Skincare Active 6,Beauty,Skincare,FOREST ESSENTIALS,309.72,168.53,2.83,Yes,7249
52563,Penguin Non Neo 7,Books,Non Fiction,PENGUIN,30061.83,19978.12,4.19,Yes,8559
52564,Milton Furniture Mini 9,Home Kitchen,Furniture,MILTON,464.21,278.62,4.22,No,8000
52565,s.chand Academic Premium 2,Books,Academic,S.CHAND,139.98,66.17,4.78,Yes,8602
52566,Milton Appliances Premium 7,Home Kitchen,Appliances,MILTON,544.81,260.05,4.48,Yes,8836
52567,Bosch Tools Smart 5,Automotive,Tools,BOSCH,10850.7,7612.54,2.92,Yes,8050
52568,Decathlon Badminton Premium 7,Sports,Badminton,DECATHLON,10183.22,4672.82,4.55,Yes,8347
52569,Amul Baby Plus 8,Grocery,Baby Products,AMUL,216.17,145.2,4.53,Yes,7894
52570,Xiaomi Laptops Neo 6,Electronics,Laptops,XIAOMI,3591.32,2345.74,4.92,Yes,7475
52571,Dove Skincare Active 8,Beauty,Skincare,DOVE,9275.13,6244.44,3.64,Yes,8556
52572,Fisher Price Educational Lite 7,Toys,Educational,FISHER PRICE,3444.83,1463.11,4.69,Yes,8617
52573,Cipla Medical Smart 1,Health,Medical Devices,CIPLA,10895.2,6381.5,3.63,No,8506
52574,Logitech Smartwatches Ultra 3,Electronics,Smartwatches,LOGITECH,18982.41,12367.09,4.26,Yes,7645
52575,Usha Decor Edge 3,Home Kitchen,Decor,USHA,74804.74,38060.98,3.43,Yes,8662
52576,Maybelline Haircare Ultra 7,Beauty,Haircare,MAYBELLINE,403.27,234.75,3.39,Yes,7310
52577,Under Armour Cycling Pro 9,Sports,Cycling,UNDER ARMOUR,734.63,492.47,3.23,Yes,7565
52578,Steelbird Tools Pro 1,Automotive,Tools,STEELBIRD,46403.91,28347.62,3.32,Yes,7345
52579,Titan Jewellery Neo 9,Fashion,Jewellery,TITAN,106170.12,63992.06,4.58,Yes,7038
52580,Nike Kids X 6,Fashion,Kids Wear,NIKE,2686.62,1930.64,4.84,No,8795
52581,Maybelline Fragrances Plus 3,Beauty,Fragrances,MAYBELLINE,763.56,537.85,5.0,Yes,7005
52582,Oxford Children Smart 4,Books,Children Books,OXFORD,67446.1,29315.51,3.68,Yes,7519
52583,Puma Sunglasses Elite 9,Fashion,Sunglasses,PUMA,5263.04,2998.91,4.26,Yes,7478
52584,Nike Footwear Smart 6,Fashion,Footwear,NIKE,248.86,125.94,4.89,No,8734
52585,MRF Running Ultra 1,Sports,Running,MRF,58730.51,26593.21,2.8,Yes,8719
52586,Nivea Skincare Plus 9,Beauty,Skincare,NIVEA,46648.82,20115.03,4.31,Yes,7990
52587,Parle Personal Elite 2,Grocery,Personal Care,PARLE,3394.99,1759.63,4.53,Yes,8455
52588,Abbott First Lite 3,Health,First Aid,ABBOTT,2827.3,1515.82,2.68,No,8667
52589,HarperCollins Self Pro 1,Books,Self Help,HARPERCOLLINS,11905.24,6477.07,2.99,Yes,7071
52590,Britannia Staples Air 4,Grocery,Staples,BRITANNIA,647.7,330.54,3.87,No,8909
52591,Fastrack Jewellery Lite 4,Fashion,Jewellery,FASTRACK,996.72,415.24,2.84,Yes,8729
52592,Muscleblaze Supplements Plus 3,Health,Supplements,MUSCLEBLAZE,5925.33,2717.37,2.91,Yes,7014
52593,Under Armour Running Lite 6,Sports,Running,UNDER ARMOUR,3707.79,2267.38,2.53,Yes,7004
52594,Cipla Medical Ultra 5,Health,Medical Devices,CIPLA,230619.27,158040.37,4.11,Yes,8957
52595,HarperCollins Biographies Air 6,Books,Biographies,HARPERCOLLINS,63853.78,27307.67,2.96,Yes,8077
52596,Funskool Board Smart 3,Toys,Board Games,FUNSKOOL,2267.06,1566.49,4.31,Yes,7432
52597,Vega Lubricants Max 5,Automotive,Lubricants,VEGA,38449.79,16885.05,3.6,Yes,8866
52598,Lenovo Smartwatches Lite 6,Electronics,Smartwatches,LENOVO,1197.4,776.14,3.97,Yes,8062
52599,Decathlon Fitness Pro 5,Sports,Fitness Equipment,DECATHLON,241.19,154.43,4.87,Yes,7196
52600,Havells Appliances Edge 8,Home Kitchen,Appliances,HAVELLS,418.07,290.98,3.43,Yes,7139
52601,Gillette Mens Premium 5,Beauty,Mens Grooming,GILLETTE,395.6,163.8,3.45,Yes,8409
52602,Nivia Yoga Pro 6,Sports,Yoga,NIVIA,178.42,113.22,4.95,Yes,7229
52603,Dabur Medical Edge 7,Health,Medical Devices,DABUR,2849.56,1398.82,4.11,Yes,8759
52604,Fast&Up Supplements Pro 9,Health,Supplements,FAST&UP,48444.07,32312.88,3.23,Yes,7102
52605,Steelbird Lubricants Smart 8,Automotive,Lubricants,STEELBIRD,3860.14,2613.72,2.78,Yes,7266
52606,Cipla Supplements Pro 9,Health,Supplements,CIPLA,2815.46,1131.49,3.29,Yes,8305
52607,Nestle Beverages Premium 8,Grocery,Beverages,NESTLE,14024.52,9874.8,4.3,Yes,7413
52608,Dabur Staples Air 5,Grocery,Staples,DABUR,718.81,351.89,4.29,Yes,8322
52609,Reebok Cricket X 3,Sports,Cricket,REEBOK,279.11,128.85,4.64,Yes,7048
52610,HUL Baby Edge 5,Grocery,Baby Products,HUL,7647.52,4291.84,4.21,Yes,8240
52611,Funskool Soft Ultra 1,Toys,Soft Toys,FUNSKOOL,22092.21,10679.48,4.44,Yes,7412
52612,Abbott First Flex 3,Health,First Aid,ABBOTT,2712.89,1660.83,3.77,Yes,7944
52613,OPPO Tablets X 7,Electronics,Tablets,OPPO,58088.79,33831.9,4.39,No,8507
52614,Oxford Self Active 5,Books,Self Help,OXFORD,278375.9,130113.4,3.69,Yes,7491
52615,HUL Cleaning Mini 5,Grocery,Cleaning,HUL,3313.59,1398.01,4.5,Yes,7664
52616,Bata Jewellery Elite 7,Fashion,Jewellery,BATA,3370.93,2139.98,3.55,Yes,8536
52617,SG Cycling Mini 6,Sports,Cycling,SG,456.49,221.8,2.72,Yes,7967
52618,Lakme Mens Elite 5,Beauty,Mens Grooming,LAKME,10826.75,4779.14,3.27,No,8668
52619,Tanishq Sunglasses X 2,Fashion,Sunglasses,TANISHQ,11980.89,8406.13,4.65,Yes,7078
52620,Oxford Fiction Elite 2,Books,Fiction,OXFORD,63764.75,37313.58,3.51,Yes,7720
52621,MRF Cricket Flex 9,Sports,Cricket,MRF,363.02,229.13,3.93,No,8100
52622,JBL Accessories Premium 8,Electronics,Accessories,JBL,377.59,218.88,4.78,Yes,7281
52623,Shell Car Neo 9,Automotive,Car Accessories,SHELL,18287.46,8835.45,3.84,No,7016
52624,Fast&Up Vitamins Max 2,Health,Vitamins,FAST&UP,558.53,260.39,3.22,Yes,8145
52625,Pantene Makeup Plus 7,Beauty,Makeup,PANTENE,2232.89,897.69,4.67,Yes,8435
52626,VEGA Tyres Lite 2,Automotive,Tyres,VEGA,57002.48,37713.45,3.89,Yes,8754
52627,Scholastic Fiction Premium 6,Books,Fiction,SCHOLASTIC,138272.95,59507.36,2.98,Yes,7646
52628,Cipla Medical Lite 7,Health,Medical Devices,CIPLA,13384.23,7775.77,4.9,No,7523
52629,P&G Snacks Neo 5,Grocery,Snacks,P&G,4345.89,2209.84,3.47,Yes,7338
52630,Forest Essentials Haircare Neo 2,Beauty,Haircare,FOREST ESSENTIALS,18906.69,11758.7,3.37,Yes,8680
52631,Fast&Up Supplements Lite 4,Health,Supplements,FAST&UP,699.75,343.49,4.68,Yes,8282
52632,Arihant Fiction Max 9,Books,Fiction,ARIHANT,326.6,188.22,3.37,Yes,7871
52633,Pigeon Furniture Air 7,Home Kitchen,Furniture,PIGEON,134087.14,89699.1,4.35,Yes,7415
52634,UCB Kids Ultra 3,Fashion,Kids Wear,UCB,68739.4,28786.57,3.52,Yes,8086
52635,Vega Bike Elite 6,Automotive,Bike Accessories,VEGA,12065.52,5035.89,3.1,Yes,8765
52636,Decathlon Swimming Active 7,Sports,Swimming,DECATHLON,67340.2,32519.85,4.73,Yes,8156
52637,Xiaomi Gaming Neo 6,Electronics,Gaming,XIAOMI,2171.34,1226.23,3.12,Yes,8800
52638,Samsung Galaxy M35 5G,Books,Academic,PEARSON,160.7,89.7,2.84,Yes,8754
52639,Lakme Skincare Mini 6,Beauty,Skincare,LAKME,18243.72,10508.7,3.27,Yes,8338
52640,Abbott First Max 4,Health,First Aid,ABBOTT,2099.96,1192.68,3.01,Yes,7232
52641,Lego Educational Flex 5,Toys,Educational,LEGO,34088.41,20233.91,3.38,Yes,7898
52642,Nikon Headphones Smart 9,Electronics,Headphones,NIKON,8079.02,4604.71,3.01,Yes,8641
52643,Michelin Tyres Premium 6,Automotive,Tyres,MICHELIN,2726.35,1757.32,3.56,Yes,7065
52644,Titan Kids Flex 9,Fashion,Kids Wear,TITAN,2867.26,1383.76,3.89,Yes,8074
52645,Abbott Medical Mini 1,Health,Medical Devices,ABBOTT,1454.93,1009.0,3.91,Yes,8248
52646,Arihant Academic Lite 6,Books,Academic,ARIHANT,1451.57,965.6,3.4,Yes,7135
52647,LOreal Mens Plus 3,Beauty,Mens Grooming,LOREAL,4968.16,3259.27,4.59,Yes,7776
52648,Healthkart Ayurveda Max 9,Health,Ayurveda,HEALTHKART,332.76,158.45,4.58,Yes,8695
52649,Parle Snacks Plus 6,Grocery,Snacks,PARLE,114092.63,51157.45,3.37,Yes,7037
52650,Ok Play Soft Smart 1,Toys,Soft Toys,OK PLAY,13383.03,7711.44,3.08,Yes,7620
52651,Vega Bike Lite 5,Automotive,Bike Accessories,VEGA,223379.65,99744.79,2.86,Yes,7929
52652,MRF Yoga Active 5,Sports,Yoga,MRF,19415.55,13634.45,4.35,Yes,8835
52653,Philips Appliances Flex 6,Home Kitchen,Appliances,PHILIPS,3700.24,2210.08,2.82,No,7940
52654,Lego Soft Plus 4,Toys,Soft Toys,LEGO,3217.41,1958.98,2.62,Yes,8438
52655,Pigeon Storage Plus 5,Home Kitchen,Storage,PIGEON,643.72,450.74,3.61,Yes,7975
52656,Bosch Lubricants Mini 1,Automotive,Lubricants,BOSCH,61786.21,37514.95,4.81,No,7368
52657,Nestle Personal Pro 2,Grocery,Personal Care,NESTLE,3580.24,2368.0,4.55,Yes,7451
52658,Zara Watches Neo 1,Fashion,Watches,ZARA,1584.75,1111.09,3.76,No,8512
52659,Dove Haircare Flex 1,Beauty,Haircare,DOVE,23781.21,11094.07,2.98,Yes,8931
52660,HarperCollins Non Max 6,Books,Non Fiction,HARPERCOLLINS,11852.6,7524.91,3.75,Yes,7408
52661,Himalaya Supplements Mini 7,Health,Supplements,HIMALAYA,161.57,109.2,4.26,Yes,7905
52662,Cosco Badminton Flex 1,Sports,Badminton,COSCO,281535.38,130078.87,4.94,Yes,7594
52663,Logitech Tablets Lite 4,Electronics,Tablets,LOGITECH,7219.55,3864.12,4.96,No,7904
52664,Butterfly Lighting Smart 1,Home Kitchen,Lighting,BUTTERFLY,2411.26,1427.58,3.32,No,8681
52665,Havells Bedding Active 4,Home Kitchen,Bedding,HAVELLS,18437.38,11541.47,4.38,Yes,8854
52666,SG Running Edge 9,Sports,Running,SG,9574.77,4934.67,2.55,Yes,8442
52667,OPPO Smartwatches Premium 8,Electronics,Smartwatches,OPPO,221879.23,153809.61,5.0,No,8115
52668,Shell Bike Air 3,Automotive,Bike Accessories,SHELL,3123.96,1512.75,3.81,Yes,7703
52669,Webby Board Ultra 7,Toys,Board Games,WEBBY,3570.08,2523.16,3.23,Yes,8797
52670,Acer Gaming Neo 1,Electronics,Gaming,ACER,2380.34,1109.88,2.57,No,7826
52671,S.Chand Fiction Active 1,Books,Fiction,S.CHAND,11812.36,7803.32,4.97,Yes,7452
52672,Michelin Bike Pro 5,Automotive,Bike Accessories,MICHELIN,17323.36,10916.63,4.62,Yes,8710
52673,Biotique Makeup X 8,Beauty,Makeup,BIOTIQUE,19569.65,12383.26,4.98,Yes,7234
52674,Steelbird Bike Pro 3,Automotive,Bike Accessories,STEELBIRD,1217.28,699.46,4.46,Yes,8851
52675,Philips Storage Mini 2,Home Kitchen,Storage,PHILIPS,945.06,672.49,4.22,Yes,8166
52676,Apple Headphones Elite 8,Electronics,Headphones,APPLE,2264.83,988.66,3.01,Yes,7593
52677,amul Fruits Active 9,Grocery,Fruits Vegetables,AMUL,15608.8,8230.43,2.69,No,8254
52678,Oxford Non Lite 1,Books,Non Fiction,OXFORD,909.99,628.07,3.8,Yes,7768
52679,Xiaomi Accessories Active 6,Electronics,Accessories,XIAOMI,17408.05,10707.35,4.82,Yes,8766
52680,Hasbro Educational Premium 6,Toys,Educational,HASBRO,178159.19,83782.76,4.9,Yes,7972
52681,Nike Men Smart 5,Fashion,Men Clothing,NIKE,78765.36,47259.216,2.98,No,8549
52682,Forest Essentials Makeup Smart 4,Beauty,Makeup,FOREST ESSENTIALS,2705.48,1613.25,4.91,Yes,8694
52684,Mattel Board Ultra 8,Toys,Board Games,MATTEL,2257.63,1165.5,4.2,Yes,7883
52685,bajaj Cookware X 3,Home Kitchen,Cookware,BAJAJ,199562.34,99554.71,2.93,Yes,7805
52686,Tanishq Bags Pro 6,Fashion,Bags,TANISHQ,3377.41,2108.97,3.52,Yes,8882
52687,Samsung Smart Air 2,Electronics,Smart Tvs,SAMSUNG,10919.75,6694.99,3.47,Yes,7490
52688,Maybelline Makeup Pro 5,Beauty,Makeup,MAYBELLINE,101168.36,55130.02,2.92,Yes,7836
52689,healthkart Vitamins Ultra 1,Health,Vitamins,HEALTHKART,3249.02,2206.43,3.35,Yes,7694
52690,Lenovo Headphones Plus 1,Electronics,Headphones,LENOVO,53841.87,26022.34,4.1,Yes,7234
52691,Peter England Sunglasses Edge 5,Fashion,Sunglasses,PETER ENGLAND,107921.42,77363.11,5.0,Yes,8587
52692,Oxford Children Smart 5,Books,Children Books,OXFORD,733.39,435.23,3.63,No,8590
52693,ABBOTT Ayurveda Flex 2,Health,Ayurveda,ABBOTT,33548.89,18680.85,4.99,Yes,7646
52694,Samsung Galaxy M35 5G,Electronics,Smart Tvs,XIAOMI,33780.33,17923.42,3.11,Yes,8826
52695,Nivea Makeup Elite 7,Beauty,Makeup,NIVEA,27030.6,16097.87,3.43,No,8864
52696,Pantene Skincare Ultra 7,Beauty,Skincare,PANTENE,387.54,235.46,4.28,Yes,7358
52697,S.Chand Children Neo 5,Books,Children Books,S.CHAND,15969.39,10198.63,5.0,Yes,8550
52698,Webby Board Plus 3,Toys,Board Games,WEBBY,3395.52,2047.9,3.07,Yes,7332
52699,Oxford Biographies Lite 6,Books,Biographies,OXFORD,54999.5,24384.97,3.88,Yes,8199
52700,Lakme Makeup Smart 9,Beauty,Makeup,LAKME,407.2,177.12,4.73,Yes,7569
52701,Prestige Garden Ultra 5,Home Kitchen,Garden,PRESTIGE,11370.54,8142.76,4.35,No,7961
52702,Tanishq Women Max 2,Fashion,Women Clothing,TANISHQ,1560.77,980.71,3.44,Yes,7356
52703,Muscleblaze First Mini 5,Health,First Aid,MUSCLEBLAZE,4892.96,2772.97,4.07,Yes,7208
52704,Butterfly Cookware Max 5,Home Kitchen,Cookware,BUTTERFLY,147008.37,79113.03,4.97,Yes,8047
52705,Reebok Cricket Lite 7,Sports,Cricket,REEBOK,73887.3,42385.41,3.91,Yes,8078
52706,HarperCollins Academic Max 5,Books,Academic,HARPERCOLLINS,2998.98,1836.72,3.47,Yes,8117
52707,Patanjali Beverages Pro 8,Grocery,Beverages,PATANJALI,3971.2,2158.79,4.33,Yes,7549
52708,Bosch Bike Flex 8,Automotive,Bike Accessories,BOSCH,11741.02,5763.06,3.84,Yes,7380
52709,Vega Lubricants Elite 5,Automotive,Lubricants,VEGA,460.51,252.58,2.52,Yes,8082
52710,Shell Lubricants X 7,Automotive,Lubricants,SHELL,7771.65,4014.46,2.63,Yes,7639
52711,Scholastic Academic Elite 9,Books,Academic,SCHOLASTIC,4334.73,2402.87,3.89,Yes,7377
52712,Castrol Bike Premium 4,Automotive,Bike Accessories,CASTROL,263344.6,137809.94,3.58,No,7297
52713,FOREST ESSENTIALS Mens Max 8,Beauty,Mens Grooming,FOREST ESSENTIALS,2776.75,1649.41,4.4,Yes,8991
52715,Butterfly Furniture Air 8,Home Kitchen,Furniture,BUTTERFLY,228477.98,96658.53,4.18,Yes,8465
52716,Muscleblaze Medical Active 8,Health,Medical Devices,MUSCLEBLAZE,11468.82,5220.13,4.09,Yes,7611
52717,LOreal Mens Elite 3,Beauty,Mens Grooming,LOREAL,2141.67,1170.79,4.47,Yes,7944
52718,Ok Play Soft Neo 6,Toys,Soft Toys,OK PLAY,143899.89,102791.23,4.75,Yes,8724
52719,Maybelline Makeup X 5,Beauty,Makeup,MAYBELLINE,7517.76,4885.96,3.04,Yes,7349
52720,S.Chand Academic Plus 8,Books,Academic,S.CHAND,59119.29,42041.11,3.23,Yes,8451
52721,ITC Baby Air 7,Grocery,Baby Products,ITC,3748.11,1554.13,3.16,Yes,8920
52722,Lenovo Smart Flex 2,Electronics,Smart Tvs,LENOVO,9561.08,5186.82,4.68,No,7062
52723,ITC Snacks Ultra 9,Grocery,Snacks,ITC,5907.6,4033.4,3.62,Yes,7405
52724,HEALTHKART Medical Pro 1,Health,Medical Devices,HEALTHKART,1344.58,603.61,2.74,Yes,7261
52725,HarperCollins Self Max 9,Books,Self Help,HARPERCOLLINS,14718.4,6982.88,4.77,No,7711
52726,Healthkart Ayurveda Flex 1,Health,Ayurveda,HEALTHKART,742.1,306.02,3.84,Yes,7864
52727,Pigeon Appliances Max 2,Home Kitchen,Appliances,PIGEON,162.21,81.37,2.99,Yes,8361
52728,Steelbird Tools Smart 7,Automotive,Tools,STEELBIRD,17252.56,11695.72,4.61,Yes,7665
52729,Pantene Mens Smart 8,Beauty,Unknown,PANTENE,4994.1,3125.3,3.94,Yes,8547
52730,Asus Accessories Ultra 1,Electronics,Accessories,ASUS,964.32,533.72,2.86,No,8882
52731,Samsung Galaxy M35 5G,Grocery,Beverages,BRITANNIA,90722.57,50440.95,3.76,No,7735
52732,Usha Decor Pro 5,Home Kitchen,Decor,USHA,15918.28,7208.36,2.66,Yes,7628
52733,Under Armour Cricket Edge 4,Sports,Cricket,UNDER ARMOUR,82130.12,36754.08,2.95,Yes,8250
52734,S.Chand Fiction Pro 6,Books,Fiction,S.CHAND,726.21,436.46,4.26,No,8998
52735,Vega Tools Ultra 4,Automotive,Tools,VEGA,4907.18,3468.08,3.18,No,8074
52736,SG Swimming Flex 2,Sports,Swimming,SG,69428.28,40863.89,3.07,Yes,8780
52737,Dabur Ayurveda X 7,Health,Ayurveda,DABUR,193616.67,94941.16,3.76,No,7887
52738,Oxford Non Max 2,Books,Non Fiction,OXFORD,4092.09,2748.89,4.34,No,8514
52739,Muscleblaze Supplements Elite 6,Health,Supplements,MUSCLEBLAZE,32643.0,14037.29,3.55,Yes,8721
52740,Hasbro Action Edge 1,Toys,Action Figures,HASBRO,3520.11,1906.71,4.26,Yes,8612
52741,Patanjali Beverages Ultra 1,Grocery,Beverages,PATANJALI,22655.18,12967.63,4.96,Yes,7343
52742,Tanishq Footwear Smart 6,Fashion,Footwear,TANISHQ,815.41,335.86,2.98,Yes,8096
52743,Reebok Swimming X 3,Sports,Swimming,REEBOK,344.94,225.5,4.87,No,8217
52744,Philips Furniture Active 3,Home Kitchen,Furniture,PHILIPS,12736.33,5654.83,4.25,Yes,8940
52745,Adidas Watches Mini 2,Fashion,Watches,ADIDAS,15414.61,7601.35,3.2,Yes,7407
52746,Realme Mobiles Max 8,Electronics,Mobiles,REALME,33627.42,17949.5,4.65,No,8380
52747,Cipla Ayurveda X 8,Health,Ayurveda,CIPLA,280.11,138.25,4.5,Yes,7631
52748,Steelbird Lubricants X 4,Automotive,Lubricants,STEELBIRD,3108.85,2131.53,3.15,Yes,8709
52749,Lakme Fragrances Elite 4,Beauty,Fragrances,LAKME,215.01,125.07,4.41,No,7688
52750,Samsung Laptops X 9,Electronics,Laptops,SAMSUNG,62016.26,38927.37,4.7,No,8909
52751,Funskool Educational Neo 7,Toys,Educational,FUNSKOOL,86120.11,60128.76,4.02,Yes,7211
52752,Prestige Storage Neo 7,Home Kitchen,Storage,PRESTIGE,595.3,402.53,4.69,Yes,7168
52753,Orient Decor Plus 7,Home Kitchen,Decor,ORIENT,25699.42,13225.87,3.43,No,8359
52754,Webby Remote Air 1,Toys,Remote Control,WEBBY,601.32,392.18,4.51,No,7539
52755,Boat Cameras Flex 1,Electronics,Cameras,BOAT,449.18,294.61,4.33,Yes,8998
52756,Ok Play Soft Flex 8,Toys,Soft Toys,OK PLAY,241.97,126.52,4.44,No,8447
52757,Michelin Tools Premium 2,Automotive,Tools,MICHELIN,877.69,431.7,4.36,Yes,7869
52758,Orient Decor X 8,Home Kitchen,Decor,ORIENT,1694.19,1070.32,3.96,No,7040
52759,Castrol Lubricants Edge 3,Automotive,Lubricants,CASTROL,4622.45,1860.69,2.79,Yes,8851
52760,Usha Garden Air 7,Home Kitchen,Garden,USHA,698.89,379.14,3.29,Yes,8695
52762,Nivia Cycling Edge 3,Sports,Cycling,NIVIA,44635.72,29301.63,4.94,Yes,8783
52763,Nestle Dairy Max 2,Grocery,Dairy,NESTLE,1291.87,779.78,4.63,Yes,8459
52764,Vega Bike Ultra 3,Automotive,Bike Accessories,VEGA,2837.31,1224.11,2.63,Yes,8299
52765,Pigeon Garden Smart 3,Home Kitchen,Garden,PIGEON,71038.27,49345.65,4.44,No,8518
52766,Gillette Mens Flex 5,Beauty,Mens Grooming,GILLETTE,308.84,213.48,3.35,Yes,7286
52767,Funskool Board Mini 5,Toys,Board Games,FUNSKOOL,711.43,462.42949999999996,4.26,Yes,8750
52768,Funskool Educational X 5,Toys,Educational,FUNSKOOL,65738.63,26410.67,3.24,Yes,8826
52769,Hasbro Action Max 7,Toys,Action Figures,HASBRO,185.9,80.2,4.72,Yes,8051
52770,Webby Soft Plus 2,Toys,Soft Toys,WEBBY,62363.18,29511.56,4.91,Yes,8195
52771,Nivea Makeup Active 1,Beauty,Makeup,NIVEA,701.21,504.09,4.31,Yes,8712
52772,Lego Board Premium 3,Toys,Board Games,LEGO,4750.75,2113.41,4.74,Yes,7663
52773,Maybelline Skincare Air 6,Beauty,Skincare,MAYBELLINE,125.7,88.77,2.55,Yes,7076
52774,Yonex Badminton Flex 5,Sports,Badminton,YONEX,1921.76,1200.5,4.72,Yes,7176
52775,Michelin Lubricants Smart 2,Automotive,Lubricants,MICHELIN,516.13,331.64,3.1,Yes,7321
52776,HP Mobiles Elite 1,Electronics,Mobiles,HP,85268.12,54059.27,3.58,Yes,7352
52777,Maybelline Makeup X 2,Beauty,Makeup,MAYBELLINE,421.26,185.35,4.94,Yes,8863
52778,Parle Personal Pro 8,Grocery,Personal Care,PARLE,62838.28,40067.13,4.04,Yes,7705
52779,Fisher Price Remote Mini 4,Toys,Remote Control,FISHER PRICE,9441.47,6113.94,3.99,No,7416
52780,S.Chand Biographies Ultra 2,Books,Biographies,S.CHAND,3268.74,1519.98,2.93,Yes,8608
52781,Patanjali Fruits Premium 1,Grocery,Fruits Vegetables,PATANJALI,1783.76,910.2,4.38,No,8400
52782,Cipla Supplements Flex 6,Health,Supplements,CIPLA,5812.53,4009.97,4.16,Yes,7691
52783,ok play Soft Air 5,Toys,Soft Toys,OK PLAY,17650.68,12024.27,4.42,Yes,8945
52784,Parle Staples Max 3,Grocery,Staples,PARLE,84824.48,39332.44,4.18,Yes,8229
52785,Nike Sports Shoes Pro,Beauty,Haircare,DOVE,655.23,308.49,3.89,Yes,7329
52786,Borosil Appliances Pro 2,Home Kitchen,Appliances,BOROSIL,532.42,289.1,4.0,No,7280
52787,Hasbro Educational Active 4,Toys,Educational,HASBRO,8729.14,4124.96,3.27,No,8655
52788,Dove Makeup Pro 2,Beauty,Makeup,DOVE,5267.39,3137.28,4.76,No,8095
52789,Lakme Skincare Edge 5,Beauty,Skincare,LAKME,212.35,139.2,2.9,Yes,7175
52790,Under Armour Yoga Mini 4,Sports,Yoga,UNDER ARMOUR,14632.34,9214.85,3.4,Yes,8458
52791,Castrol Tools X 4,Automotive,Tools,CASTROL,3762.54,2100.7,2.94,No,7786
52792,Fisher Price Remote Plus 4,Toys,Remote Control,FISHER PRICE,2314.83,1434.43,3.36,Yes,7130
52793,Vega Bike Mini 6,Automotive,Bike Accessories,VEGA,1785.25,758.47,4.99,Yes,8362
52794,Levis Sunglasses Pro 8,Fashion,Sunglasses,LEVIS,17567.08,9155.4,2.83,Yes,7018
52795,Lego Puzzles Pro 6,Toys,Puzzles,LEGO,287.63,156.9,3.75,Yes,7307
52796,Oxford Self Pro 3,Books,Self Help,OXFORD,44611.86,21745.44,4.87,Yes,8485
52797,Muscleblaze Medical X 3,Health,Medical Devices,MUSCLEBLAZE,273858.38,139350.91,4.78,Yes,7008
52798,Maybelline Haircare X 4,Beauty,Haircare,MAYBELLINE,1719.29,850.14,4.83,No,8696
52799,Arihant Academic Mini 6,Books,Academic,ARIHANT,215318.43,138236.77,3.88,No,7582
52800,Orient Appliances Lite 5,Home Kitchen,Appliances,ORIENT,408.7,287.23,4.16,No,7219
52801,Amul Snacks Active 8,Grocery,Snacks,AMUL,70864.58,49664.41,3.17,Yes,8669
52802,3M Car Pro 6,Automotive,Car Accessories,3M,17081.54,8825.03,3.7,Yes,7423
52803,Woodland Watches Ultra 1,Fashion,Watches,WOODLAND,31310.07,18119.09,4.41,Yes,8827
52804,Boat Rockerz 550,Fashion,Kids Wear,ZARA,1123.63,564.82,4.53,Yes,8087
52805,Havells Bedding Flex 5,Home Kitchen,Bedding,HAVELLS,523.47,366.429,2.8,Yes,7996
52806,Forest Essentials Skincare Ultra 4,Beauty,Skincare,FOREST ESSENTIALS,979.32,470.35,4.35,Yes,8913
52807,UCB Bags Air 7,Fashion,Bags,UCB,24745.28,11363.22,2.84,No,8906
52808,Dabur Protein Max 6,Health,Protein,DABUR,77246.19,46538.17,3.25,No,7129
52809,Biotique Haircare Premium 6,Beauty,Haircare,BIOTIQUE,748.53,483.6,4.59,Yes,8033
52810,DABUR Medical Mini 5,Health,Medical Devices,DABUR,1101.2,784.65,2.88,No,8086
52811,Acer Accessories Flex 4,Electronics,Accessories,ACER,278.58,167.67,3.43,No,8803
52812,Gillette Fragrances X 5,Beauty,Fragrances,GILLETTE,13200.03,8261.38,4.17,No,8518
52813,S.Chand Fiction Elite 6,Books,Fiction,S.CHAND,8062.71,3660.13,4.86,No,8993
52814,Penguin Non Air 1,Books,Non Fiction,PENGUIN,4058.41,1798.07,4.84,Yes,8185
52815,LOreal Mens Air 1,Beauty,Mens Grooming,LOREAL,926.63,630.46,3.79,No,7327
52816,Shell Car Air 5,Automotive,Car Accessories,SHELL,9750.84,6787.66,3.11,Yes,7863
52817,Boat Rockerz 550,Grocery,Beverages,BRITANNIA,157.78,88.76,3.43,Yes,8798
52818,Castrol Car Air 9,Automotive,Car Accessories,CASTROL,103.32,70.16,3.5,No,7032
52819,Pantene Mens Air 5,Beauty,Mens Grooming,PANTENE,19545.35,12352.1,3.91,Yes,8963
52820,Shell Lubricants Ultra 9,Automotive,Lubricants,SHELL,53211.56,24907.85,4.52,Yes,8189
52821,Levis Women Pro 1,Fashion,Women Clothing,LEVIS,16870.36,11822.5,2.98,Yes,7629
52822,Speedo Cricket Lite 5,Sports,Cricket,SPEEDO,69000.82,38783.65,3.42,Yes,7946
52823,Forest Essentials Haircare X 7,Beauty,Haircare,FOREST ESSENTIALS,34277.46,17803.03,3.06,Yes,8761
52824,Amul Baby Plus 8,Grocery,Baby Products,AMUL,862.91,564.53,2.74,Yes,8004
52825,Reebok Swimming Edge 9,Sports,Swimming,REEBOK,115076.51,78054.99,2.6,Yes,7502
52826,Muscleblaze Ayurveda Ultra 1,Health,Ayurveda,MUSCLEBLAZE,41379.99,21973.54,3.75,Yes,7516
52827,Muscleblaze Vitamins Elite 6,Health,Vitamins,MUSCLEBLAZE,42426.15,31819.612500000003,4.19,No,7659
52828,Canon Headphones Flex 2,Electronics,Headphones,CANON,198687.03,83439.31,3.1,No,8504
52829,Fast&Up First Mini 7,Health,First Aid,FAST&UP,2007.08,939.23,4.52,Yes,8832
52830,Usha Bedding Max 3,Home Kitchen,Bedding,USHA,3973.51,2053.04,3.4,No,7542
52831,Puma Women X 6,Fashion,Women Clothing,PUMA,79061.26,54089.05,4.89,Yes,7960
52832,Orient Storage Smart 1,Home Kitchen,Storage,ORIENT,48447.6,25840.32,3.44,Yes,7315
52833,Vega Bike Edge 3,Automotive,Bike Accessories,VEGA,50318.55,32914.9,4.05,Yes,7045
52834,Arihant Academic Max 7,Books,Academic,ARIHANT,278356.3,189531.54,4.21,Yes,7841
52835,Van Heusen Footwear Premium 8,Fashion,Footwear,VAN HEUSEN,266418.95,163548.42,2.68,Yes,8938
52836,Decathlon Badminton Pro 3,Sports,Badminton,DECATHLON,900.2,379.91,4.84,Yes,7343
52837,Lego Remote Active 2,Toys,Remote Control,LEGO,118589.92,64481.17,2.7,Yes,7609
52838,Havells Appliances Smart 1,Home Kitchen,Appliances,HAVELLS,4779.77,2457.46,3.27,Yes,8209
52839,OnePlus Cameras Edge 5,Electronics,Cameras,ONEPLUS,2285.82,1201.47,2.56,Yes,7587
52840,Abbott Ayurveda Lite 9,Health,Ayurveda,ABBOTT,949.26,522.37,3.25,No,8007
52841,Hasbro Board Mini 3,Toys,Board Games,HASBRO,7624.74,4183.52,2.88,Yes,8613
52842,S.Chand Biographies Plus 7,Books,Biographies,S.CHAND,62370.87,44245.17,3.38,Yes,7434
52843,S.Chand Self Mini 2,Books,Self Help,S.CHAND,15600.81,8512.63,4.61,Yes,7667
52844,Healthkart Ayurveda Edge 1,Health,Ayurveda,HEALTHKART,308.28,149.4,3.76,Yes,8581
52845,Hasbro Action Premium 8,Toys,Action Figures,HASBRO,112579.1,79168.27,3.42,No,8959
52846,Nike Sports Shoes Pro,Automotive,Lubricants,3M,10751.43,6405.38,4.54,No,7439
52847,Nivia Cycling Neo 4,Sports,Cycling,NIVIA,3938.95,682.66,2.53,Yes,7240
52848,Fisher Price Puzzles Premium 3,Toys,Puzzles,FISHER PRICE,8498.34,5572.51,4.48,No,7068
52849,LOreal Makeup Pro 8,Beauty,Makeup,LOREAL,3698.07,1583.37,3.06,Yes,7196
52850,Biotique Skincare Edge 2,Beauty,Skincare,BIOTIQUE,91486.85,41484.45,2.88,Yes,8082
52851,Arihant Self Plus 1,Books,Unknown,ARIHANT,2593.45,1670.46,3.18,Yes,7187
52852,Dabur Baby X 3,Grocery,Baby Products,DABUR,122.28,78.19,4.37,Yes,8009
52853,Canon Headphones Elite 1,Electronics,Headphones,CANON,51939.7,31987.51,4.21,Yes,7626
52854,Havells Storage Lite 2,Home Kitchen,Storage,HAVELLS,75412.15,41811.09,4.2,Yes,7031
52855,Adidas Bags Neo 3,Fashion,Bags,ADIDAS,4296.13,2599.85,4.64,Yes,7920
52856,Arihant Self Flex 6,Books,Self Help,ARIHANT,5517.34,3293.99,3.34,Yes,7845
52857,Funskool Soft Neo 7,Toys,Soft Toys,FUNSKOOL,228.6,104.46,3.89,Yes,8198
52858,Himalaya Medical Lite 4,Health,Medical Devices,HIMALAYA,781.46,328.34,4.36,Yes,8082
52859,Maybelline Mens Active 3,Beauty,Mens Grooming,MAYBELLINE,56588.53,39599.26,4.22,Yes,7770
52860,Realme Accessories Air 1,Electronics,Accessories,REALME,34815.8,21766.25,2.93,Yes,7317
52861,Usha Appliances Smart 1,Home Kitchen,Appliances,USHA,4076.85,2642.3,3.35,Yes,7642
52862,Nivea Haircare Smart 3,Beauty,Haircare,NIVEA,11850.36,6199.35,3.48,No,8941
52863,MICHELIN Lubricants Pro 6,Automotive,Lubricants,MICHELIN,147832.8,103579.73,4.08,No,8958
52864,OPPO Tablets Elite 4,Electronics,Tablets,OPPO,96686.4,46201.56,3.18,No,7480
52865,hasbro Puzzles Neo 4,Toys,Puzzles,HASBRO,11654.42,5217.21,4.73,Yes,7065
52866,Dabur Ayurveda Air 9,Health,Ayurveda,DABUR,1209.02,773.9,3.16,Yes,7103
52867,Dove Skincare Elite 9,Beauty,Skincare,DOVE,1426.82,802.58,4.51,Yes,7279
52868,Ok Play Board Active 3,Toys,Board Games,OK PLAY,387.66,174.52,4.57,No,7062
52869,Louis Philippe Watches X 8,Fashion,Watches,LOUIS PHILIPPE,1069.34,675.52,4.75,Yes,8496
52870,ITC Staples Smart 9,Grocery,Staples,ITC,40365.02,20727.73,4.86,Yes,8694
52871,Abbott Medical Smart 5,Health,Medical Devices,ABBOTT,529.82,273.03,2.62,Yes,8302
52872,Penguin Academic Neo 1,Books,Academic,PENGUIN,332.41,196.78,2.78,Yes,8447
52873,Funskool Board Pro 6,Toys,Board Games,FUNSKOOL,20000.76,12133.5,4.62,Yes,8004
52874,Ok Play Board Mini 7,Toys,Board Games,OK PLAY,321.6,215.27,3.89,Yes,7359
52875,Shell Lubricants Mini 9,Automotive,Lubricants,SHELL,57103.13,33653.63,4.94,No,7904
52876,Pearson Children Mini 3,Books,Children Books,PEARSON,146.04,86.08,2.73,Yes,8791
52877,Abbott Ayurveda Edge 2,Health,Ayurveda,ABBOTT,822.78,588.89,5.0,Yes,8746
52878,Muscleblaze Medical Smart 6,Health,Medical Devices,MUSCLEBLAZE,197.58,106.31,3.58,Yes,8515
52879,Abbott Vitamins Lite 6,Health,Vitamins,ABBOTT,6422.42,3645.57,4.97,Yes,7804
52880,Decathlon Cycling Air 1,Sports,Cycling,DECATHLON,615.53,290.42,4.69,No,7011
52881,Gillette Fragrances Max 6,Beauty,Fragrances,GILLETTE,241.37,114.53,3.98,Yes,7296
52882,Vega Car Max 3,Automotive,Car Accessories,VEGA,229313.68,110569.66,3.58,Yes,7467
52883,Decathlon Yoga Lite 5,Sports,Yoga,DECATHLON,44772.74,23635.82,3.71,Yes,7806
52884,Hasbro Educational Plus 6,Toys,Educational,HASBRO,1203.81,726.45,3.26,No,8809
52885,Abbott Medical Air 2,Health,Medical Devices,ABBOTT,6125.59,3160.59,4.71,Yes,8318
52886,Fisher Price Remote Pro 9,Toys,Remote Control,FISHER PRICE,10051.79,6004.78,3.93,Yes,7784
52887,Nivea Skincare Max 6,Beauty,Skincare,NIVEA,1723.38,826.22,4.46,No,8118
52888,P&G Snacks Premium 8,Grocery,Snacks,P&G,19104.13,13251.32,4.16,Yes,8720
52889,Webby Remote Smart 5,Toys,Remote Control,WEBBY,227.13,107.31,2.83,No,7865
52890,Acer Tablets Active 4,Electronics,Tablets,ACER,1972.14,884.17,4.49,Yes,7915
52891,Nike Sports Shoes Pro,Automotive,Lubricants,MICHELIN,62118.09,29109.89,4.79,Yes,7654
52892,Arihant Biographies Flex 3,Books,Unknown,ARIHANT,22221.49,9643.26,4.82,Yes,7417
52893,Steelbird Tools Air 7,Automotive,Tools,STEELBIRD,983.33,662.08,4.07,Yes,7864
52894,Funskool Action Premium 4,Toys,Action Figures,FUNSKOOL,113157.12,49892.03,2.92,Yes,7820
52895,HUL Snacks Premium 9,Grocery,Snacks,HUL,4258.12,2166.65,3.55,No,8295
52896,Hasbro Puzzles Smart 4,Toys,Puzzles,HASBRO,18156.17,11233.83,3.1,Yes,7927
52897,P&G Personal Smart 9,Grocery,Personal Care,P&G,290569.6,122805.44,3.57,Yes,7464
52898,SG Cycling Ultra 8,Sports,Cycling,SG,15464.94,10390.93,3.55,No,8412
52899,Asus Headphones Mini 3,Electronics,Headphones,ASUS,1566.86,737.18,2.87,No,8937
52900,Michelin Tools Active 7,Automotive,Tools,MICHELIN,460.72,188.92,4.3,Yes,7644
52901,Scholastic Children Pro 7,Books,Children Books,SCHOLASTIC,2830.15,1926.34,4.47,Yes,8049
52902,Lenovo Laptops Ultra 8,Electronics,Laptops,LENOVO,19196.37,12627.1,4.96,Yes,7435
52903,Parle Snacks X 3,Grocery,Snacks,PARLE,9985.78,6820.72,4.43,No,7363
52904,Lenovo Cameras Smart 4,Electronics,Cameras,LENOVO,675.51,387.51,4.91,Yes,8080
52905,Lego Educational Premium 4,Toys,Educational,LEGO,797.89,327.93,2.82,Yes,7966
52906,Nikon Headphones Edge 2,Electronics,Headphones,NIKON,246307.12,100868.92,4.12,No,7306
52907,HUL Snacks Elite 7,Grocery,Snacks,HUL,1229.62,869.66,3.69,Yes,8100
52908,Logitech Smart Flex 9,Electronics,Smart Tvs,LOGITECH,16440.09,6831.0,4.39,No,8806
52909,Pearson Academic Active 6,Books,Academic,PEARSON,1535.52,1084.32,2.58,Yes,7184
52910,Butterfly Bedding Ultra 1,Home Kitchen,Bedding,BUTTERFLY,655.78,289.98,4.36,Yes,8320
52911,Realme Tablets Elite 1,Electronics,Tablets,REALME,7790.7,3690.92,3.87,Yes,7217
52912,Dove Fragrances Flex 1,Beauty,Fragrances,DOVE,2407.61,1681.02,3.67,Yes,8410
52913,Tata Baby Elite 8,Grocery,Baby Products,TATA,624.84,400.61,3.68,Yes,7643
52914,Orient Bedding Neo 1,Home Kitchen,Bedding,ORIENT,263271.17,126702.28,2.81,Yes,7864
52915,Milton Furniture Flex 8,Home Kitchen,Furniture,MILTON,130.53,54.27,4.51,Yes,7382
52916,Peter England Kids Premium 7,Fashion,Kids Wear,PETER ENGLAND,290.09,205.87,4.08,Yes,7777
52917,Lakme Fragrances Mini 1,Beauty,Fragrances,LAKME,25298.88,10451.83,4.73,Yes,8440
52918,Puma Bags Smart 6,Fashion,Bags,PUMA,2055.96,1232.08,2.97,Yes,8255
52919,Funskool Soft Edge 3,Toys,Soft Toys,FUNSKOOL,4682.58,2412.71,3.8,Yes,8967
52920,Pearson Biographies Air 1,Books,Biographies,PEARSON,2005.62,1115.49,3.95,No,8724
52921,MRF Badminton Ultra 4,Sports,Badminton,MRF,129375.63,52113.54,2.51,Yes,7274
52922,Philips Garden X 8,Home Kitchen,Garden,PHILIPS,156.26,111.26,4.68,No,7524
52923,Biotique Fragrances Max 2,Beauty,Fragrances,BIOTIQUE,2322.57,944.0,4.14,Yes,7062
52924,Pigeon Garden Flex 5,Home Kitchen,Garden,PIGEON,196033.56,134933.04,4.28,No,7451
52925,under armour Fitness Lite 1,Sports,Fitness Equipment,UNDER ARMOUR,597.53,242.79,4.14,Yes,7272
52926,Amul Baby Air 2,Grocery,Baby Products,AMUL,4787.24,2801.55,3.68,Yes,8786
52927,Parle Personal Max 6,Grocery,Unknown,PARLE,12262.91,7734.71,2.92,Yes,7590
52928,Vega Bike Lite 7,Automotive,Bike Accessories,VEGA,11037.67,7775.0,4.75,No,7031
52929,Milton Garden Lite 1,Home Kitchen,Garden,MILTON,2084.89,1331.85,5.0,No,7998
52930,Abbott Medical Edge 8,Health,Medical Devices,ABBOTT,11139.17,5658.29,4.08,Yes,7536
52932,Fastrack Jewellery Premium 9,Fashion,Jewellery,FASTRACK,133737.32,77269.27,4.89,Yes,7851
52933,Arihant Non X 5,Books,Non Fiction,ARIHANT,1767.62,853.04,3.93,Yes,8262
52934,Nivia Running Premium 2,Sports,Running,NIVIA,792.6,554.8199999999999,2.98,Yes,7470
52935,Sony Smartwatches Pro 6,Electronics,Smartwatches,SONY,201440.48,121962.65,3.54,No,7973
52936,Dove Skincare Elite 6,Beauty,Skincare,DOVE,1180.43,582.32,3.82,Yes,7900
52937,Under Armour Swimming Ultra 5,Sports,Swimming,UNDER ARMOUR,498.98,331.37,3.97,Yes,7378
52938,Peter England Men X 3,Fashion,Men Clothing,PETER ENGLAND,455.68,251.33,3.69,Yes,8631
52939,Fast&Up Ayurveda Mini 5,Health,Ayurveda,FAST&UP,121.8,58.92,2.9,Yes,7029
52940,Gillette Skincare Flex 3,Beauty,Unknown,GILLETTE,10160.97,5767.73,4.66,No,7554
52941,Noise Tablets Smart 1,Electronics,Tablets,NOISE,4030.35,2799.52,3.63,No,7528
52942,Canon Tablets Flex 1,Electronics,Tablets,CANON,482.4,237.1,2.7,Yes,8235
52943,Vega Tools Smart 5,Automotive,Tools,VEGA,7344.54,3437.0,2.74,No,7568
52944,Lego Educational Plus 1,Toys,Educational,LEGO,10264.94,6498.3,3.92,No,7851
52945,OPPO Cameras Max 8,Electronics,Cameras,OPPO,15587.91,8223.38,3.51,Yes,7254
52947,Bosch Tyres Pro 8,Automotive,Tyres,BOSCH,3689.84,1747.73,2.6,Yes,7467
52948,Shell Lubricants X 9,Automotive,Lubricants,SHELL,1107562.97,570007.7,3.03,No,8188
52949,Apple Smartwatches Mini 5,Electronics,Smartwatches,APPLE,2389.92,992.92,2.84,Yes,7405
52950,hp Gaming X 3,Electronics,Gaming,HP,3333.46,1815.08,3.0,Yes,8879
52951,Fisher Price Puzzles Ultra 9,Toys,Puzzles,FISHER PRICE,10828.18,7741.86,4.55,Yes,7179
52952,Lakme Makeup Flex 7,Beauty,Makeup,LAKME,1487.49,710.61,3.28,Yes,8325
52953,Cipla First Active 4,Health,First Aid,CIPLA,4160.42,2772.03,4.19,No,7705
52954,HUL Beverages Edge 8,Grocery,Beverages,HUL,4450.44,2041.09,3.37,Yes,8681
52955,BOROSIL Decor Elite 2,Home Kitchen,Unknown,BOROSIL,6288.59,4521.22,3.83,Yes,8546
52956,Maybelline Haircare Edge 4,Beauty,Haircare,MAYBELLINE,1973.09,821.05,4.08,No,8754
52957,Penguin Children Max 8,Books,Children Books,PENGUIN,4544.33,4500.16,3.64,Yes,8449
52958,MUSCLEBLAZE Supplements X 6,Health,Supplements,MUSCLEBLAZE,537.87,275.87,4.42,Yes,8084
52959,H&M Watches Plus 3,Fashion,Watches,H&M,229345.85,113953.38,2.7,No,7501
52960,Funskool Educational Premium 1,Toys,Educational,FUNSKOOL,10557.6,5192.91,4.12,Yes,8098
52961,Steelbird Bike Elite 1,Automotive,Bike Accessories,STEELBIRD,48313.33,25279.82,4.0,Yes,7350
52962,Havells Storage Lite 2,Home Kitchen,Storage,HAVELLS,2474.96,1074.25,2.51,Yes,7074
52963,Orient Bedding Lite 5,Home Kitchen,Bedding,ORIENT,742.87,466.41,4.78,Yes,8466
52964,MRF Cycling Edge 3,Sports,Cycling,MRF,2882.91,1335.81,3.07,Yes,7252
52965,Nivia Yoga Air 6,Sports,Yoga,NIVIA,233.47,153.74,2.74,Yes,8404
52966,Nivia Yoga X 3,Sports,Yoga,NIVIA,16599.83,11481.44,4.38,No,8991
52967,Levis Sunglasses Plus 9,Fashion,Sunglasses,LEVIS,2854.46,1802.24,2.54,Yes,7858
52968,Tata Staples Elite 5,Grocery,Staples,TATA,15039.06,9304.28,4.05,Yes,8521
52969,Abbott First Elite 6,Health,First Aid,ABBOTT,2178.22,1065.78,3.63,No,8463
52970,Apple Accessories Edge 2,Electronics,Accessories,APPLE,11870.43,6515.63,4.37,Yes,8291
52971,LG Gaming Active 5,Electronics,Gaming,LG,64371.04,37454.65,3.03,Yes,8257
52972,Bata Bags Air 4,Fashion,Bags,BATA,851.74,486.57,3.33,No,7580
52974,webby Educational Air 3,Toys,Educational,WEBBY,1044.37,535.15,4.71,No,7917
52975,Nivea Fragrances Air 4,Beauty,Fragrances,NIVEA,14591.95,7402.78,4.91,Yes,7432
52976,Levis Footwear Flex 8,Fashion,Footwear,LEVIS,4852.65,3417.71,4.02,Yes,8179
52977,Penguin Non X 5,Books,Non Fiction,PENGUIN,3429.95,1990.05,4.5,Yes,7912
52978,Bosch Car Mini 4,Automotive,Car Accessories,BOSCH,12649.7,6978.16,2.53,Yes,7815
52979,P&G Staples Air 7,Grocery,Staples,P&G,53052.81,23234.88,3.37,Yes,8233
52980,Biotique Mens X 4,Beauty,Unknown,BIOTIQUE,20791.42,12450.32,3.08,No,8208
52981,Parle Staples Mini 8,Grocery,Staples,PARLE,48622.92,31259.97,3.9,No,7606
52982,Michelin Bike Premium 1,Automotive,Bike Accessories,MICHELIN,8008.82,4166.06,3.62,No,8166
52983,Dove Skincare Air 8,Beauty,Skincare,DOVE,873.99,526.6,4.76,Yes,8630
52984,Fast&Up Medical Edge 9,Health,Medical Devices,FAST&UP,2139.04,1110.54,4.66,No,8944
52985,3M Lubricants Lite 8,Automotive,Lubricants,3M,274.44,141.07,3.83,Yes,7558
52986,SG Swimming Neo 5,Sports,Swimming,SG,78095.4,43479.79,2.65,Yes,8730
52987,ITC Personal Premium 3,Grocery,Personal Care,ITC,164491.98,88892.28,2.73,No,8872
52988,Titan Women Plus 5,Fashion,Women Clothing,TITAN,177211.16,114397.51,3.5,Yes,8540
52989,Lakme Fragrances X 2,Beauty,Fragrances,LAKME,53502.42,26942.43,2.95,Yes,8617
52990,Adidas Sunglasses Ultra 7,Fashion,Sunglasses,ADIDAS,9275.53,5565.318,3.2,Yes,8531
52991,Decathlon Running Pro 8,Sports,Running,DECATHLON,51216.75,32964.34,4.47,Yes,8308
52992,Dabur Cleaning Lite 6,Grocery,Cleaning,DABUR,7449.03,4901.71,4.12,Yes,8647
52993,Bosch Tools X 9,Automotive,Tools,BOSCH,298.58,179.27,2.51,Yes,8874
52994,Amul Staples Edge 3,Grocery,Staples,AMUL,16069.94,9325.88,4.47,No,8288
52995,orient Appliances Max 1,Home Kitchen,Appliances,ORIENT,3398.38,1490.11,3.26,Yes,7412
52996,Britannia Personal Mini 7,Grocery,Personal Care,BRITANNIA,508.38,305.78,2.99,No,7782
52997,Bosch Lubricants Smart 1,Automotive,Lubricants,BOSCH,19223.61,9712.41,3.45,Yes,7649
52998,Pantene Haircare Ultra 1,Beauty,Haircare,PANTENE,71351.18,46378.267,3.49,Yes,7751
52999,Cipla Ayurveda Lite 8,Health,Unknown,CIPLA,487.56,253.37,3.71,Yes,8283
53000,Dabur Vitamins Neo 2,Health,Vitamins,DABUR,47800.75,27381.19,2.56,Yes,7949
53001,Lego Soft Elite 4,Toys,Soft Toys,LEGO,195404.87,137440.8,3.27,No,7349
53002,Pigeon Storage Edge 8,Home Kitchen,Storage,PIGEON,4439.06,2209.05,3.46,Yes,8116
53003,Ok Play Soft Active 7,Toys,Soft Toys,OK PLAY,3217.89,2091.6285,3.99,Yes,8908
53004,Scholastic Fiction Flex 9,Books,Fiction,SCHOLASTIC,64714.29,36029.95,4.58,Yes,7526
53005,Britannia Beverages Premium 8,Grocery,Beverages,BRITANNIA,18212.1,9498.32,4.44,Yes,8679
53006,Funskool Soft Premium 6,Toys,Soft Toys,FUNSKOOL,258.52,182.01,4.7,Yes,7712
53007,Muscleblaze Supplements Elite 6,Health,Supplements,MUSCLEBLAZE,2488.28,1036.33,2.57,Yes,8755
53008,HarperCollins Academic Max 7,Books,Academic,HARPERCOLLINS,664.74,403.6,3.87,No,7035
53009,Puma Watches Flex 8,Fashion,Watches,PUMA,3897.96,1743.73,3.49,No,8146
53010,Philips Decor Neo 9,Home Kitchen,Decor,PHILIPS,143.0,71.86,4.69,Yes,7981
53011,Lakme Skincare Neo 8,Beauty,Skincare,LAKME,4478.9,1931.11,3.37,Yes,7487
53012,Fisher Price Puzzles Lite 4,Toys,Puzzles,FISHER PRICE,1741.51,1048.19,3.7,No,7480
53013,Under Armour Yoga Max 5,Sports,Yoga,UNDER ARMOUR,8576.64,5704.87,3.03,Yes,7583
53014,oppo Headphones Air 3,Electronics,Headphones,OPPO,3349.31,1941.62,2.82,No,7600
53015,Cipla Protein Ultra 3,Health,Protein,CIPLA,120374.98,72199.28,3.37,Yes,7409
53016,Michelin Tyres Lite 1,Automotive,Tyres,MICHELIN,106687.66,60525.94,4.57,Yes,7438
53017,Tanishq Jewellery Lite 6,Fashion,Jewellery,TANISHQ,968.44,477.63,3.78,Yes,8491
53018,Lego Remote Edge 5,Toys,Remote Control,LEGO,9240.33,5660.14,4.06,No,7972
53019,Ok Play Puzzles Neo 2,Toys,Puzzles,OK PLAY,11661.02,5185.23,3.28,No,7999
53020,Nestle Baby Ultra 7,Grocery,Baby Products,NESTLE,15987.07,9966.89,4.96,Yes,8791
53021,MUSCLEBLAZE Protein Pro 2,Health,Protein,MUSCLEBLAZE,1602.75,796.37,4.0,Yes,7181
53022,Castrol Lubricants Edge 3,Automotive,Lubricants,CASTROL,76228.42,34271.09,3.86,Yes,8291
53023,Levis Footwear Active 7,Fashion,Footwear,LEVIS,8725.89,4604.28,4.39,Yes,7439
53024,Acer Tablets X 3,Electronics,Tablets,ACER,5858.61,4021.36,4.54,Yes,7869
53025,Funskool Educational Air 7,Toys,Educational,FUNSKOOL,252.06,106.29,3.55,Yes,8691
53026,3M Bike X 6,Automotive,Bike Accessories,3M,185629.34,83984.46,2.9,Yes,8624
53027,Mattel Soft Flex 8,Toys,Soft Toys,MATTEL,2739.32,1318.12,3.52,Yes,7043
53028,Pigeon Bedding Lite 1,Home Kitchen,Bedding,PIGEON,622.49,407.03,3.58,Yes,7539
53029,Nivia Cricket Lite 6,Sports,Cricket,NIVIA,20633.61,14680.35,4.84,No,7895
53030,Cipla Medical Air 1,Health,Medical Devices,CIPLA,3636.23,2056.64,4.33,Yes,8922
53031,Amul Baby Active 4,Grocery,Baby Products,AMUL,3758.78,1835.65,3.86,Yes,8772
53032,Steelbird Car Elite 9,Automotive,Car Accessories,STEELBIRD,2724.6,1282.89,4.68,Yes,7884
53033,Fisher Price Board Plus 1,Toys,Board Games,FISHER PRICE,742.95,391.32,3.13,Yes,8949
53034,SG Fitness Plus 4,Sports,Fitness Equipment,SG,36780.33,22151.55,4.78,Yes,8300
53035,Bosch Lubricants Lite 6,Automotive,Lubricants,BOSCH,25260.29,15404.2,3.09,No,8454
53036,Dove Mens Lite 2,Beauty,Mens Grooming,DOVE,581.43,330.74,4.95,Yes,8441
53037,Maybelline Fragrances Max 6,Beauty,Fragrances,MAYBELLINE,18941.75,8751.26,4.07,Yes,7702
53038,Dabur First Premium 6,Health,First Aid,DABUR,141610.91,74059.42,3.65,Yes,7048
53039,Oxford Self Pro 2,Books,Self Help,OXFORD,101665.05,62133.18,2.5,Yes,7393
53040,Lakme Haircare X 8,Beauty,Unknown,LAKME,33576.7,20036.84,2.71,Yes,7013
53041,Dabur Supplements Elite 3,Health,Supplements,DABUR,32061.88,24046.41,4.35,Yes,8835
53042,MRF Fitness Smart 8,Sports,Fitness Equipment,MRF,228005.01,99778.34,4.33,Yes,8109
53043,Nivea Mens Edge 6,Beauty,Mens Grooming,NIVEA,62230.35,39739.98,3.15,Yes,8639
53044,Pigeon Garden Active 3,Home Kitchen,Garden,PIGEON,19415.46,10517.05,4.9,Yes,8100
53045,Michelin Bike Mini 9,Automotive,Bike Accessories,MICHELIN,938.83,494.35,4.38,Yes,8432
53046,Webby Board Edge 7,Toys,Unknown,WEBBY,239459.86,165880.74,3.01,Yes,7941
53047,ITC Cleaning Mini 5,Grocery,Cleaning,ITC,673.1,378.65,2.8,No,8393
53048,Oxford Biographies Active 6,Books,Biographies,OXFORD,3608.08,1557.73,3.32,Yes,7061
53049,HP Accessories Smart 2,Electronics,Accessories,HP,14474.92,9497.53,4.55,Yes,7794
53050,Speedo Swimming Max 5,Sports,Swimming,SPEEDO,1000.36,631.22,3.26,No,7685
53051,Pigeon Garden Premium 8,Home Kitchen,Garden,PIGEON,1033.99,643.56,2.9,Yes,7009
53052,Funskool Educational Neo 1,Toys,Educational,FUNSKOOL,724.74,395.26,2.51,Yes,8304
53053,MUSCLEBLAZE First X 7,Health,First Aid,MUSCLEBLAZE,3131.39,1831.69,4.16,Yes,7767
53054,Healthkart Vitamins Pro 7,Health,Vitamins,HEALTHKART,38546.81,27652.26,4.75,Yes,7638
53055,HUL Cleaning Edge 8,Grocery,Cleaning,HUL,2487.58,1653.19,3.04,Yes,8931
53056,Titan Sunglasses Smart 7,Fashion,Sunglasses,TITAN,117798.08,82655.34,3.99,Yes,8045
53057,lg Tablets Flex 6,Electronics,Tablets,LG,7481.78,4985.85,3.57,Yes,7234
53058,Forest Essentials Mens Smart 7,Beauty,Mens Grooming,FOREST ESSENTIALS,11612.37,6262.42,4.96,Yes,7614
53059,Dell Smart Plus 5,Electronics,Unknown,DELL,674.45,365.85,3.25,Yes,7592
53060,HUL Staples Flex 6,Grocery,Staples,HUL,7298.68,4009.33,3.06,Yes,7203
53061,Tata Cleaning Active 5,Grocery,Cleaning,TATA,72366.56,50021.9,3.89,Yes,7997
53062,Borosil Storage Max 6,Home Kitchen,Storage,BOROSIL,30619.92,20779.01,4.76,Yes,7801
53063,FAST&UP Medical Neo 9,Health,Medical Devices,FAST&UP,3195.56,2297.22,4.39,Yes,7965
53064,Maybelline Makeup Neo 5,Beauty,Makeup,MAYBELLINE,4645.1,349.81,2.57,Yes,7822
53065,Nivia Yoga Max 3,Sports,Yoga,NIVIA,4965.19,3174.57,2.8,Yes,7733
53066,Prestige Lighting Lite 2,Home Kitchen,Lighting,PRESTIGE,21079.32,11302.9,4.59,Yes,7948
53067,LG Smart Air 7,Electronics,Smart Tvs,LG,19265.86,13278.14,4.34,Yes,8289
53068,Pantene Mens Flex 2,Beauty,Mens Grooming,PANTENE,167259.86,104838.86,3.89,No,7347
53069,S.Chand Academic Ultra 2,Books,Academic,S.CHAND,72708.89,47942.44,3.23,Yes,7841
53070,HarperCollins Academic Plus 9,Books,Academic,HARPERCOLLINS,58620.07,35435.71,4.73,Yes,7354
53071,Biotique Makeup Smart 9,Beauty,Makeup,BIOTIQUE,95566.24,63586.48,3.95,Yes,8383
53072,OnePlus Smartwatches Neo 4,Electronics,Smartwatches,ONEPLUS,2754.77,2479.293,3.58,Yes,7633
53073,HP Smart Premium 1,Electronics,Smart Tvs,HP,75549.85,53757.31,2.8,Yes,8727
53074,Biotique Mens Plus 8,Beauty,Mens Grooming,BIOTIQUE,292.39,126.66,2.74,Yes,8694
53075,Oxford Self Lite 1,Books,Self Help,OXFORD,3615.3,1549.27,4.98,Yes,7651
53076,Fast&Up Supplements Mini 5,Health,Supplements,FAST&UP,4076.02,2814.85,2.8,Yes,8964
53077,Dabur Snacks X 4,Grocery,Snacks,DABUR,3148.94,2223.05,3.15,No,8056
53078,Pigeon Decor X 7,Home Kitchen,Decor,PIGEON,949.26,510.25,2.65,Yes,7956
53079,usha Bedding Premium 5,Home Kitchen,Bedding,USHA,134483.89,66982.12,4.07,Yes,7882
53080,Scholastic Academic Flex 4,Books,Academic,SCHOLASTIC,210.44,105.08,4.54,No,8467
53082,bosch Car Neo 9,Automotive,Car Accessories,BOSCH,1801.21,893.68,2.74,Yes,7285
53083,Borosil Bedding Mini 4,Home Kitchen,Bedding,BOROSIL,286704.93,195846.36,3.42,Yes,7664
53084,Himalaya Medical Lite 4,Health,Medical Devices,HIMALAYA,2892.83,1331.43,2.66,Yes,7938
53085,Gillette Skincare Air 2,Beauty,Skincare,GILLETTE,49327.21,28696.47,4.46,No,7653
53086,Bosch Bike Flex 9,Automotive,Bike Accessories,BOSCH,56080.5,36038.78,3.66,No,8574
53087,Tata Beverages Neo 7,Grocery,Beverages,TATA,674.64,462.03,3.78,Yes,7911
53088,Philips Lighting Mini 5,Home Kitchen,Lighting,PHILIPS,4250.49,2751.65,4.78,Yes,7530
53089,Pearson Biographies Lite 2,Books,Biographies,PEARSON,203636.95,101498.33,4.74,Yes,8946
53090,borosil Garden Active 3,Home Kitchen,Garden,BOROSIL,4061.22,2052.18,4.66,Yes,7552
53091,Fisher Price Action Flex 9,Toys,Action Figures,FISHER PRICE,10693.81,6350.85,2.6,Yes,7206
53092,Reebok Cycling Max 2,Sports,Cycling,REEBOK,4259.87,2292.66,3.01,Yes,8952
53093,Webby Educational Mini 4,Toys,Educational,WEBBY,2769.89,1187.52,3.51,Yes,8249
53094,Himalaya First Pro 9,Health,First Aid,HIMALAYA,18409.56,9552.61,4.37,Yes,7980
53095,Nike Kids Plus 6,Fashion,Kids Wear,NIKE,8883.38,5573.0,2.96,Yes,7819
53096,MRF Badminton Premium 7,Sports,Badminton,MRF,25196.49,15388.32,4.31,Yes,7816
53097,Nike Women Neo 4,Fashion,Women Clothing,NIKE,5918.76,3551.256,3.86,No,7354
53098,ADIDAS Jewellery Ultra 7,Fashion,Jewellery,ADIDAS,7069.85,3037.22,2.61,Yes,7139
53099,Michelin Car Mini 1,Automotive,Car Accessories,MICHELIN,66664.93,44144.76,2.86,Yes,7745
53100,Mattel Remote Edge 9,Toys,Remote Control,MATTEL,837.5,434.37,4.66,Yes,7932
53101,Nikon Laptops Air 6,Electronics,Laptops,NIKON,751.81,520.97,2.76,Yes,7411
53102,Borosil Garden Lite 6,Home Kitchen,Garden,BOROSIL,457.92,254.4,4.81,Yes,7923
53103,Dove Skincare Ultra 9,Beauty,Skincare,DOVE,4252.88,2460.34,3.09,Yes,7421
53104,Borosil Appliances Elite 2,Home Kitchen,Appliances,BOROSIL,1513.78,1059.646,3.69,Yes,8238
53106,Biotique Skincare Flex 4,Beauty,Skincare,BIOTIQUE,4859.1,2615.86,2.93,Yes,8703
53107,Havells Cookware Plus 5,Home Kitchen,Cookware,HAVELLS,1838.45,1183.46,4.44,Yes,7053
53108,Butterfly Garden X 4,Home Kitchen,Unknown,BUTTERFLY,862.27,351.57,4.27,Yes,8229
53109,Pigeon Storage Mini 1,Home Kitchen,Storage,PIGEON,842.37,591.45,4.2,Yes,8805
53110,Usha Garden Edge 1,Home Kitchen,Garden,USHA,15251.24,7815.26,3.36,Yes,7768
53111,Castrol Tools Flex 6,Automotive,Tools,CASTROL,85292.91,54797.31,4.65,Yes,8103
53112,Steelbird Car Pro 9,Automotive,Car Accessories,STEELBIRD,424.26,197.94,2.52,No,7308
53113,Healthkart First Edge 5,Health,First Aid,HEALTHKART,18139.72,12438.9,4.27,No,7895
53114,Xiaomi Headphones Mini 4,Electronics,Headphones,XIAOMI,9333.99,4297.23,4.64,Yes,8720
53115,Usha Garden Air 5,Home Kitchen,Garden,USHA,482.83,316.86,3.68,Yes,7279
53116,Philips Furniture Premium 8,Home Kitchen,Furniture,PHILIPS,3244.15,1955.16,4.32,Yes,7229
53117,Webby Educational Pro 7,Toys,Educational,WEBBY,300.47,211.89,2.86,Yes,7037
53118,Nivea Mens Active 8,Beauty,Mens Grooming,NIVEA,4400.15,1792.68,3.22,Yes,8273
53120,Michelin Bike Pro 8,Automotive,Bike Accessories,MICHELIN,57532.83,23631.16,4.71,Yes,8677
53121,P&G Cleaning Mini 4,Grocery,Unknown,P&G,17314.34,12155.24,3.36,No,7468
53122,Havells Storage Lite 5,Home Kitchen,Storage,HAVELLS,15689.91,7458.63,3.66,Yes,8150
53123,puma Watches Neo 3,Fashion,Watches,PUMA,272.84,125.58,4.1,No,7395
53124,Cosco Cycling Premium 8,Sports,Cycling,COSCO,1717.74,936.6,3.23,Yes,8849
53125,Lenovo Mobiles Neo 9,Electronics,Mobiles,LENOVO,18661.1,10698.3,4.87,Yes,7845
53126,Sony Laptops Lite 2,Electronics,Laptops,SONY,475.13,261.92,4.42,Yes,8719
53127,Forest Essentials Mens Flex 4,Beauty,Mens Grooming,FOREST ESSENTIALS,917.3,569.93,3.39,Yes,7394
53128,SG Cricket Active 7,Sports,Cricket,SG,4795.84,3357.0879999999997,4.76,Yes,8785
53129,Zara Bags Lite 1,Fashion,Bags,ZARA,770.04,546.43,3.46,No,8784
53130,Yonex Badminton Elite 4,Sports,Badminton,YONEX,45778.57,23626.84,4.9,No,7808
53131,Nikon Mobiles Lite 3,Electronics,Mobiles,NIKON,213475.55,116368.64,4.28,Yes,8158
53132,Gillette Haircare Active 9,Beauty,Haircare,GILLETTE,747.8,486.07,4.52,No,7092
53133,Samsung Gaming Plus 3,Electronics,Gaming,SAMSUNG,275975.35,130484.72,3.83,Yes,8853
53134,Fast&Up Supplements Elite 9,Health,Supplements,FAST&UP,472.84,278.11,3.47,No,7623
53135,Zara Watches Premium 1,Fashion,Watches,ZARA,225241.07,139844.2,2.7,Yes,8313
53136,Oxford Non Ultra 5,Books,Non Fiction,OXFORD,2130.59,1049.74,3.18,Yes,8923
53137,3M Lubricants Lite 8,Automotive,Lubricants,3M,256112.46,147347.2,3.86,Yes,8577
53138,Bata Kids Ultra 8,Fashion,Kids Wear,BATA,354.89,150.92,3.26,Yes,8224
53139,Titan Bags Elite 1,Fashion,Bags,TITAN,66949.84,27203.29,4.52,Yes,8436
53140,Reebok Fitness Mini 2,Sports,Fitness Equipment,REEBOK,309.93,216.951,2.75,No,7837
53141,Pigeon Furniture Flex 1,Home Kitchen,Furniture,PIGEON,23152.02,15550.86,4.96,Yes,7147
53142,HarperCollins Non Mini 3,Books,Non Fiction,HARPERCOLLINS,7321.06,5215.33,3.58,Yes,7214
53143,Mattel Board Plus 9,Toys,Board Games,MATTEL,3815.18,1568.34,2.85,No,8600
53144,Pantene Mens Pro 3,Beauty,Mens Grooming,PANTENE,194516.59,78677.52,2.95,Yes,7108
53145,Pantene Skincare Elite 1,Beauty,Skincare,PANTENE,3812.12,2095.43,4.31,No,7431
53146,Samsung Galaxy M35 5G,Toys,Educational,MATTEL,6484.31,4527.77,4.93,Yes,7539
53147,Puma Kids Max 1,Fashion,Unknown,PUMA,760.05,458.21,2.62,Yes,8908
53148,Canon Gaming Pro 2,Electronics,Gaming,CANON,1286.71,581.84,4.87,Yes,8744
53149,Biotique Makeup Mini 2,Beauty,Makeup,BIOTIQUE,43752.15,17611.76,4.5,Yes,8809
53150,Logitech Cameras Edge 2,Electronics,Cameras,LOGITECH,19062.33,12427.15,2.55,Yes,8408
53151,Usha Bedding X 2,Home Kitchen,Bedding,USHA,51708.73,24376.64,2.59,Yes,8903
53152,Muscleblaze Vitamins Neo 5,Health,Vitamins,MUSCLEBLAZE,940.48,632.25,3.04,No,8515
53153,Speedo Badminton Ultra 8,Sports,Badminton,SPEEDO,16839.91,11868.04,3.24,Yes,8336
53154,Dabur Medical Max 1,Health,Medical Devices,DABUR,18803.21,8070.28,4.49,Yes,7131
53155,usha Furniture Air 6,Home Kitchen,Furniture,USHA,8619.22,5483.08,2.85,No,8291
53156,Vega Lubricants Active 5,Automotive,Lubricants,VEGA,83226.9,48837.68,3.7,Yes,8057
53157,Funskool Soft Smart 5,Toys,Soft Toys,FUNSKOOL,1675.96,838.94,4.38,No,7755
53158,Maybelline Fragrances Lite 4,Beauty,Fragrances,MAYBELLINE,4281.42,2780.08,4.11,Yes,7643
53159,Orient Lighting Plus 8,Home Kitchen,Lighting,ORIENT,11989.5,5159.36,3.96,Yes,8689
53160,Adidas Watches Max 9,Fashion,Watches,ADIDAS,50917.49,36336.69,3.53,Yes,8249
53161,HUL Beverages Active 9,Grocery,Beverages,HUL,1771.75,760.59,2.89,Yes,7979
53162,Dove Mens Premium 2,Beauty,Mens Grooming,DOVE,745.01,308.73,3.28,Yes,7774
53163,Webby Soft Edge 4,Toys,Soft Toys,WEBBY,396.51,205.76,3.51,Yes,8149
53164,Amul Personal Active 2,Grocery,Personal Care,AMUL,1593.38,853.02,2.76,Yes,8685
53165,Tata Dairy Flex 8,Grocery,Dairy,TATA,29141.26,11673.72,3.21,Yes,8868
53166,Lego Board Lite 8,Toys,Board Games,LEGO,309.28,208.2,3.06,Yes,8293
53167,Lego Board Mini 8,Toys,Board Games,LEGO,926.84,383.75,3.06,Yes,8400
53168,Vega Bike Air 8,Automotive,Bike Accessories,VEGA,19031.12,11863.48,4.07,Yes,7368
53169,OPPO Mobiles Elite 3,Electronics,Mobiles,OPPO,167.3,98.6,4.45,Yes,7376
53170,Tata Fruits Plus 7,Grocery,Fruits Vegetables,TATA,89578.25,45473.1,4.38,Yes,7770
53171,UCB Jewellery Neo 7,Fashion,Jewellery,UCB,66327.91,31811.17,2.8,Yes,8428
53172,Lakme Makeup Ultra 5,Beauty,Makeup,LAKME,1352.94,919.03,4.45,Yes,8774
53173,Dabur Baby Pro 1,Grocery,Baby Products,DABUR,79006.43,56089.93,3.24,Yes,8429
53174,P&G Fruits Smart 6,Grocery,Fruits Vegetables,P&G,5150.1,2347.18,4.55,Yes,7010
53175,UCB Sunglasses Flex 9,Fashion,Sunglasses,UCB,17731.18,10616.66,3.55,Yes,7020
53176,Lenovo Cameras Premium 2,Electronics,Cameras,LENOVO,18352.52,12676.8,2.86,Yes,8890
53177,Shell Lubricants Mini 4,Automotive,Lubricants,SHELL,8473.35,3545.51,2.76,No,8119
53178,Ok Play Soft Elite 6,Toys,Soft Toys,OK PLAY,619.36,407.91,3.99,Yes,8903
53179,Van Heusen Women Flex 3,Fashion,Women Clothing,VAN HEUSEN,15990.43,6421.24,3.67,Yes,7929
53180,SG Cycling Premium 1,Sports,Cycling,SG,287328.72,116334.69,3.14,Yes,8338
53181,Gillette Mens Premium 9,Beauty,Mens Grooming,GILLETTE,70035.13,30211.06,4.48,Yes,8614
53182,Britannia Dairy Premium 2,Grocery,Dairy,BRITANNIA,6193.85,3666.12,4.91,Yes,7154
53183,Oxford Non Edge 8,Books,Non Fiction,OXFORD,3403.51,2416.25,3.85,No,7420
53184,Maybelline Skincare Flex 6,Beauty,Skincare,MAYBELLINE,15307.61,9029.38,3.19,Yes,7553
53185,H&M Sunglasses Lite 5,Fashion,Sunglasses,H&M,14024.39,9321.36,3.82,No,7967
53186,Lenovo Cameras Ultra 6,Electronics,Cameras,LENOVO,34469.58,24779.13,4.93,Yes,7084
53187,Lenovo Tablets Air 4,Electronics,Tablets,LENOVO,1282.42,535.19,4.87,Yes,8352
53188,Fast&Up Vitamins Pro 3,Health,Vitamins,FAST&UP,3201.65,2102.28,4.75,Yes,8075
53189,Webby Action Max 4,Toys,Action Figures,WEBBY,256234.29,154837.56,3.65,Yes,8395
53190,Bosch Tyres Pro 7,Automotive,Tyres,BOSCH,394.84,266.31,3.54,No,8070
53191,Cipla First Mini 7,Health,First Aid,CIPLA,1366.81,867.19,4.09,Yes,8458
53192,Decathlon Running Flex 9,Sports,Running,DECATHLON,2060.75,974.31,2.94,Yes,7932
53193,Tata Personal Edge 8,Grocery,Personal Care,TATA,232301.85,150223.64,4.94,No,7001
53194,Bata Bags Max 2,Fashion,Bags,BATA,34357.54,24725.78,3.63,Yes,8514
53195,Himalaya Protein Plus 2,Health,Protein,HIMALAYA,8591.84,3822.42,4.99,No,7424
53197,Dabur Supplements Pro 4,Health,Supplements,DABUR,54539.72,35592.08,3.37,Yes,7212
53198,Lego Action Smart 9,Toys,Action Figures,LEGO,636.53,424.39,4.44,Yes,8600
53199,Nike Sports Shoes Pro,Toys,Soft Toys,OK PLAY,2307.69,1071.56,4.49,No,8974
53200,LOreal Skincare Smart 8,Beauty,Skincare,LOREAL,6554.86,3346.25,4.06,Yes,7999
53201,Pearson Non Pro 4,Books,Non Fiction,PEARSON,289.22,171.41,4.74,Yes,8257
53202,Nestle Staples Lite 8,Grocery,Staples,NESTLE,15768.77,6766.83,3.22,Yes,7217
53203,Under Armour Yoga Elite 2,Sports,Yoga,UNDER ARMOUR,11954.63,6465.63,5.0,Yes,7283
53204,Nestle Snacks Pro 6,Grocery,Snacks,NESTLE,3220.28,1635.3,3.16,Yes,8267
53205,Yonex Cricket Ultra 9,Sports,Cricket,YONEX,17596.65,12481.59,3.64,Yes,7127
53206,Fisher Price Board Premium 5,Toys,Board Games,FISHER PRICE,11798.18,5437.62,2.64,Yes,8478
53207,Boat Smart Air 9,Electronics,Smart Tvs,BOAT,75464.85,33739.69,3.57,Yes,7595
53208,Pearson Non Ultra 1,Books,Non Fiction,PEARSON,19684.87,12008.53,4.04,Yes,7964
53209,MRF Running Pro 4,Sports,Running,MRF,438.78,296.0,3.03,Yes,7462
53210,Himalaya Protein Edge 9,Health,Protein,HIMALAYA,14643.48,7190.14,3.51,Yes,7045
53211,HarperCollins Self Plus 6,Books,Self Help,HARPERCOLLINS,102053.35,71675.17,3.82,Yes,7809
53212,Logitech Accessories Elite 3,Electronics,Accessories,LOGITECH,836.61,482.68,3.79,Yes,8071
53213,Michelin Lubricants Plus 8,Automotive,Lubricants,MICHELIN,3558.68,1956.02,3.41,Yes,7113
53214,Cipla Medical Neo 7,Health,Medical Devices,CIPLA,4148.47,1813.6,3.14,No,7351
53215,Peter England Bags Edge 6,Fashion,Bags,PETER ENGLAND,3513.05,2270.99,2.82,Yes,8078
53216,Britannia Baby Edge 5,Grocery,Baby Products,BRITANNIA,265893.39,144840.68,2.98,Yes,7503
53217,Boat Gaming Lite 7,Electronics,Gaming,BOAT,64112.43,28847.12,4.5,Yes,8377
53218,Hasbro Remote Lite 7,Toys,Remote Control,HASBRO,2763.48,1119.14,4.3,Yes,8228
53219,Yonex Cycling Lite 9,Sports,Cycling,YONEX,297.36,127.95,3.15,No,8150
53220,nivea Makeup Smart 6,Beauty,Makeup,NIVEA,763.06,432.78,3.89,Yes,7194
53221,Webby Soft Smart 2,Toys,Soft Toys,WEBBY,202.84,106.69,3.36,Yes,8418
53222,Forest Essentials Mens Elite 3,Beauty,Mens Grooming,FOREST ESSENTIALS,4798.93,2500.09,3.44,Yes,8278
53223,Milton Appliances Mini 6,Home Kitchen,Appliances,MILTON,273.09,153.04,3.81,No,7046
53224,Sony Gaming Pro 7,Electronics,Gaming,SONY,1379.72,869.46,4.22,Yes,7023
53225,Nivea Haircare Active 4,Beauty,Haircare,NIVEA,26847.42,17943.61,3.84,Yes,8895
53226,Prestige Storage Flex 6,Home Kitchen,Storage,PRESTIGE,27511.62,14957.95,3.04,Yes,7422
53227,OnePlus Smartwatches Flex 7,Electronics,Smartwatches,ONEPLUS,186232.57,107627.81,4.43,Yes,8138
53228,Mattel Soft Neo 4,Toys,Soft Toys,MATTEL,25956.64,11034.77,4.71,Yes,8808
53229,Shell Tools Edge 3,Automotive,Tools,SHELL,38114.81,30491.847999999998,3.28,No,8686
53230,Dabur Ayurveda Smart 4,Health,Ayurveda,DABUR,2441.43,1831.0724999999998,4.69,Yes,7681
53231,Parle Fruits Air 7,Grocery,Unknown,PARLE,4614.2,2578.51,3.14,No,7525
53232,Dabur Ayurveda Lite 2,Health,Ayurveda,DABUR,15673.12,8320.17,4.19,Yes,7360
53233,Butterfly Decor Elite 4,Home Kitchen,Decor,BUTTERFLY,22514.9,9561.99,3.68,Yes,8863
53234,Hasbro Board Pro 4,Toys,Board Games,HASBRO,27676.48,13327.16,3.47,Yes,8064
53235,Philips Lighting Flex 6,Home Kitchen,Lighting,PHILIPS,4910.42,2478.96,4.96,Yes,8041
53236,Hasbro Remote Smart 8,Toys,Remote Control,HASBRO,12489.76,6022.51,3.72,Yes,8398
53237,Steelbird Bike Plus 8,Automotive,Bike Accessories,STEELBIRD,4544.31,1994.66,2.79,Yes,8792
53238,Patanjali Fruits Air 8,Grocery,Fruits Vegetables,PATANJALI,1943.48,1148.54,4.36,Yes,8838
53239,Nivia Cycling Elite 5,Sports,Cycling,NIVIA,1861.77,762.87,3.15,Yes,8804
53240,Yonex Running Elite 6,Sports,Running,YONEX,4254.54,1965.01,4.57,No,7526
53241,Speedo Badminton Pro 1,Sports,Badminton,SPEEDO,12863.2,8959.04,3.22,Yes,7606
53242,Mattel Board Neo 2,Toys,Board Games,MATTEL,205719.19,129391.14,4.04,Yes,7097
53243,Mattel Soft Active 9,Toys,Soft Toys,MATTEL,927.11,398.69,4.95,Yes,7717
53244,Fisher Price Action Plus 9,Toys,Action Figures,FISHER PRICE,15164.16,10014.8,4.73,Yes,8787
53245,Nivea Skincare Flex 8,Beauty,Skincare,NIVEA,48475.0,24990.28,2.71,No,8219
53246,Hasbro Educational Edge 8,Toys,Educational,HASBRO,4672.11,2449.07,4.66,Yes,7296
53247,Reebok Badminton Elite 4,Sports,Badminton,REEBOK,13702.52,8898.67,2.51,No,8115
53248,Funskool Remote Flex 1,Toys,Remote Control,FUNSKOOL,269390.5,145524.78,3.64,Yes,7711
53249,Cipla First Plus 3,Health,First Aid,CIPLA,764.12,333.97,3.11,Yes,8691
53250,Arihant Fiction X 9,Books,Fiction,ARIHANT,80503.97,44223.0,4.47,Yes,7957
53251,Adidas Bags Plus 2,Fashion,Bags,ADIDAS,146290.01,85916.1,4.49,Yes,8800
53252,harpercollins Non Elite 3,Books,Non Fiction,HARPERCOLLINS,1691.0,1182.07,3.27,Yes,8101
53253,P&G Cleaning Smart 5,Grocery,Cleaning,P&G,70198.47,34107.88,4.57,Yes,7061
53254,Cipla Vitamins Plus 5,Health,Vitamins,CIPLA,13405.05,8608.87,4.7,Yes,8982
53255,S.Chand Children Pro 3,Books,Children Books,S.CHAND,2860.8,1868.92,3.25,Yes,7768
53256,Prestige Garden Active 1,Home Kitchen,Garden,PRESTIGE,1967.01,1260.03,3.49,Yes,8154
53257,Penguin Non Active 3,Books,Non Fiction,PENGUIN,974.24,541.2,4.94,Yes,7825
53258,Patanjali Fruits Neo 3,Grocery,Fruits Vegetables,PATANJALI,29149.18,20145.27,4.3,No,8691
53259,Havells Appliances Edge 5,Home Kitchen,Appliances,HAVELLS,2451.56,1261.25,3.6,Yes,7456
53260,Michelin Bike Edge 5,Automotive,Bike Accessories,MICHELIN,943.8,445.33,4.93,No,7399
53261,HUL Staples Active 7,Grocery,Staples,HUL,2852.61,1655.53,3.07,Yes,7032
53262,Cosco Cycling Active 9,Sports,Cycling,COSCO,466.75,237.4,4.14,Yes,8887
53263,Penguin Fiction Flex 2,Books,Fiction,PENGUIN,69947.24,28651.15,2.72,Yes,7054
53264,Milton Lighting Flex 2,Home Kitchen,Lighting,MILTON,450.8,303.17,2.56,Yes,8802
53265,Webby Remote Plus 4,Toys,Remote Control,WEBBY,109.7,77.5,4.54,No,8777
53266,Reebok Cycling Plus 9,Sports,Cycling,REEBOK,338.99,187.67,4.73,Yes,7731
53267,Prestige Decor Edge 9,Home Kitchen,Decor,PRESTIGE,1468.93,714.48,3.97,No,8558
53268,P&G Staples Neo 8,Grocery,Staples,P&G,12848.25,6325.5,4.11,Yes,7523
53269,Fast&Up First Plus 1,Health,First Aid,FAST&UP,644.05,296.1,3.3,Yes,8019
53270,DOVE Mens Neo 9,Beauty,Mens Grooming,DOVE,4490.85,2977.68,4.27,No,8375
53271,Decathlon Yoga Ultra 9,Sports,Yoga,DECATHLON,14911.94,6744.23,4.68,Yes,8911
53272,Scholastic Non Elite 3,Books,Non Fiction,SCHOLASTIC,36892.94,19677.94,2.68,Yes,7287
53273,bosch Car Lite 6,Automotive,Car Accessories,BOSCH,155858.11,72987.34,4.52,Yes,8388
53274,LOreal Fragrances Pro 9,Beauty,Fragrances,LOREAL,8064.71,5688.29,4.59,No,7149
53275,Himalaya Protein Max 7,Health,Protein,HIMALAYA,288.21,121.69,3.63,Yes,7629
53276,P&G Personal Air 6,Grocery,Personal Care,P&G,70540.81,42802.74,4.45,Yes,7367
53277,Hasbro Puzzles Edge 3,Toys,Puzzles,HASBRO,33921.28,13890.02,4.02,Yes,7583
53278,Shell Tyres Mini 3,Automotive,Tyres,SHELL,16634.48,7994.79,2.9,Yes,8983
53279,Woodland Sunglasses Plus 1,Fashion,Sunglasses,WOODLAND,13990.07,7895.71,3.43,Yes,7081
53280,Penguin Non Max 4,Books,Unknown,PENGUIN,455.9,323.87,4.43,Yes,8588
53281,Bata Sunglasses Active 4,Fashion,Sunglasses,BATA,14824.55,10458.74,4.23,Yes,8322
53282,Prestige Bedding Plus 2,Home Kitchen,Bedding,PRESTIGE,54565.35,27850.05,2.72,Yes,8930
53283,Himalaya Medical Mini 4,Health,Medical Devices,HIMALAYA,3697.66,1660.81,3.97,No,8613
53284,Muscleblaze Supplements Max 4,Health,Supplements,MUSCLEBLAZE,8765.6,5632.66,4.5,Yes,8650
53285,Van Heusen Sunglasses Smart 6,Fashion,Sunglasses,VAN HEUSEN,10369.69,4291.21,5.0,Yes,8065
53286,Milton Decor Edge 9,Home Kitchen,Decor,MILTON,103301.3,44543.9,3.17,Yes,7012
53287,Cipla Vitamins X 7,Health,Vitamins,CIPLA,130915.56,55553.54,4.15,No,7024
53288,Pearson Non Flex 6,Books,Non Fiction,PEARSON,8764.84,5376.4,3.3,Yes,7029
53289,Cosco Badminton Flex 1,Sports,Badminton,COSCO,15249.59,10769.29,4.17,No,7421
53290,Fisher Price Educational Pro 7,Toys,Educational,FISHER PRICE,228.03,93.16,4.16,Yes,8302
53291,Funskool Puzzles Plus 5,Toys,Puzzles,FUNSKOOL,477.34,238.82,4.89,Yes,8992
53292,Healthkart Ayurveda Smart 2,Health,Ayurveda,HEALTHKART,272144.03,153671.91,3.9,Yes,8372
53293,Castrol Lubricants Flex 3,Automotive,Lubricants,CASTROL,13255.28,8664.5,4.05,Yes,7140
53294,Cipla Medical Neo 6,Health,Medical Devices,CIPLA,295.8,148.52,3.78,No,7637
53295,MUSCLEBLAZE Medical Ultra 4,Health,Medical Devices,MUSCLEBLAZE,627.27,259.94,4.06,No,8859
53296,Speedo Fitness Elite 7,Sports,Fitness Equipment,SPEEDO,17331.67,8583.25,2.82,No,7817
53297,Oxford Academic Smart 3,Books,Academic,OXFORD,397.24,185.5,2.83,Yes,7244
53298,Bajaj Bedding Plus 4,Home Kitchen,Bedding,BAJAJ,12178.52,7103.26,4.03,No,7939
53299,Steelbird Tyres Lite 2,Automotive,Tyres,STEELBIRD,3958.98,1862.83,4.45,Yes,7930
53300,Arihant Self Max 5,Books,Self Help,ARIHANT,15900.47,10734.28,3.47,No,8026
53301,Cipla Supplements Lite 3,Health,Supplements,CIPLA,34824.46,20439.36,2.55,Yes,7631
53302,Patanjali Personal Neo 3,Grocery,Personal Care,PATANJALI,4809.53,2044.08,3.77,Yes,7161
53303,Bosch Tyres Smart 4,Automotive,Tyres,BOSCH,3362.79,1902.26,2.5,No,7585
53304,Dabur Protein Premium 8,Health,Protein,DABUR,551.8,374.34,3.66,Yes,7758
53305,Abbott First Lite 9,Health,First Aid,ABBOTT,211371.18,112041.17,4.91,Yes,8581
53306,TATA Dairy Ultra 3,Grocery,Dairy,TATA,1150.95,659.85,3.17,Yes,7125
53307,Havells Cookware Flex 1,Home Kitchen,Cookware,HAVELLS,14247.36,9215.24,3.73,No,8299
53308,Apple Smartwatches Plus 2,Electronics,Smartwatches,APPLE,2207.24,1440.21,3.08,Yes,8250
53309,HEALTHKART Vitamins Max 4,Health,Vitamins,HEALTHKART,6193.68,3645.25,4.69,Yes,8101
53310,Sony Tablets Ultra 4,Electronics,Tablets,SONY,294494.86,142625.32,3.25,Yes,8748
53311,Havells Decor Mini 8,Home Kitchen,Decor,HAVELLS,4403.82,3068.96,2.71,Yes,7343
53312,Pearson Children Elite 6,Books,Children Books,PEARSON,618.94,311.94,3.18,Yes,8644
53313,HarperCollins Fiction Mini 2,Books,Fiction,HARPERCOLLINS,1596.62,677.5,3.15,Yes,7871
53314,Van Heusen Watches Active 5,Fashion,Watches,VAN HEUSEN,626.27,252.19,4.21,Yes,7167
53315,JBL Gaming Air 7,Electronics,Gaming,JBL,3303.39,1539.27,4.37,Yes,8547
53316,Muscleblaze Ayurveda Max 6,Health,Ayurveda,MUSCLEBLAZE,401.45,182.8,4.06,No,8966
53317,Samsung Galaxy M35 5G,Home Kitchen,Furniture,USHA,2234.82,1214.75,2.53,Yes,7151
53319,Philips Decor X 7,Home Kitchen,Decor,PHILIPS,3795.38,2046.56,4.47,Yes,7947
53320,HUL Personal Smart 3,Grocery,Personal Care,HUL,70352.44,45020.2,4.77,Yes,7905
53321,Healthkart First Elite 2,Health,First Aid,HEALTHKART,11737.47,4929.46,2.77,Yes,7064
53322,SG Badminton X 6,Sports,Badminton,SG,1533.96,785.75,4.48,Yes,7314
53323,Lenovo Smartwatches Edge 2,Electronics,Smartwatches,LENOVO,197.45,136.67,3.89,Yes,8442
53324,Bata Footwear Pro 4,Fashion,Footwear,BATA,519.8,226.14,3.24,No,7782
53325,Abbott Medical Mini 6,Health,Medical Devices,ABBOTT,686.65,297.71,2.8,Yes,7402
53326,Pantene Mens Elite 7,Beauty,Mens Grooming,PANTENE,19378.59,12410.03,4.53,Yes,7505
53327,Pantene Mens Plus 2,Beauty,Mens Grooming,PANTENE,9103.41,5299.1,3.34,No,7238
53328,Reebok Cycling Plus 1,Sports,Cycling,REEBOK,11847.2,7203.41,4.18,Yes,7754
53329,LG Mobiles Pro 6,Electronics,Mobiles,LG,930.35,645.3,4.4,Yes,7885
53330,Scholastic Non Pro 3,Books,Non Fiction,SCHOLASTIC,4548.14,2820.26,4.28,Yes,8479
53331,Abbott Protein Lite 6,Health,Protein,ABBOTT,16178.33,11076.59,3.54,Yes,8617
53332,Speedo Fitness Lite 1,Sports,Fitness Equipment,SPEEDO,128498.45,86360.02,3.07,Yes,8140
53333,3M Tools X 8,Automotive,Tools,3M,272.12,190.03,3.03,No,8479
53334,Dabur Medical Flex 3,Health,Medical Devices,DABUR,3176.15,2167.46,3.78,No,8619
53335,Reebok Cycling Neo 3,Sports,Cycling,REEBOK,484.09,243.53,2.76,No,7476
53336,HP Mobiles Smart 2,Electronics,Mobiles,HP,239.31,165.86,4.75,Yes,7756
53337,Usha Storage X 7,Home Kitchen,Storage,USHA,3993.82,2745.25,3.48,Yes,7001
53338,Scholastic Non Pro 6,Books,Non Fiction,SCHOLASTIC,72456.35,36756.28,3.44,No,8347
53339,Fastrack Men Air 9,Fashion,Men Clothing,FASTRACK,46684.93,30091.28,3.08,No,7803
53340,HarperCollins Self Plus 5,Books,Self Help,HARPERCOLLINS,10177.41,5752.68,4.15,Yes,7891
53341,Pigeon Lighting Smart 9,Home Kitchen,Lighting,PIGEON,981.53,672.04,4.96,Yes,8570
53342,Himalaya Protein Air 7,Health,Protein,HIMALAYA,636.47,281.21,2.69,No,7620
53343,Yonex Badminton Plus 5,Sports,Badminton,YONEX,18772.06,12025.94,4.77,Yes,7745
53344,Arihant Academic Pro 4,Books,Academic,ARIHANT,216.01,92.7,2.88,Yes,7454
53345,Van Heusen Bags Flex 5,Fashion,Bags,VAN HEUSEN,274095.15,124046.07,2.52,Yes,7129
53346,Havells Decor X 4,Home Kitchen,Decor,HAVELLS,14792.43,10592.56,4.46,No,7446
53347,Lenovo Laptops Plus 5,Electronics,Laptops,LENOVO,18637.66,9800.64,4.43,Yes,7245
53348,Abbott Ayurveda Lite 8,Health,Ayurveda,ABBOTT,1179.33,582.76,3.9,Yes,8676
53349,Orient Cookware Pro 6,Home Kitchen,Cookware,ORIENT,3306.08,1510.99,3.68,No,7814
53350,ITC Dairy Elite 8,Grocery,Dairy,ITC,127.86,61.17,2.9,No,8197
53351,Bata Watches Premium 8,Fashion,Watches,BATA,3720.4,1538.28,3.19,No,8487
53352,Steelbird Bike Ultra 2,Automotive,Bike Accessories,STEELBIRD,919.13,520.28,3.0,Yes,7655
53353,Vega Car Active 5,Automotive,Car Accessories,VEGA,84577.56,50450.49,2.81,No,8663
53354,Woodland Bags Plus 9,Fashion,Bags,WOODLAND,24636.5,14620.3,4.0,No,7634
53355,Dabur Supplements Lite 9,Health,Supplements,DABUR,21793.99,14642.38,3.7,Yes,8800
53356,reebok Badminton Ultra 4,Sports,Badminton,REEBOK,13365.34,6502.43,2.61,Yes,8208
53357,Decathlon Fitness Air 9,Sports,Fitness Equipment,DECATHLON,183.31,120.25,3.03,Yes,7047
53358,Speedo Badminton Flex 4,Sports,Badminton,SPEEDO,24292.61,9767.48,4.3,Yes,7205
53359,Puma Kids Neo 1,Fashion,Kids Wear,PUMA,4338.8,2866.18,2.55,Yes,8817
53360,Asus Cameras Smart 4,Electronics,Cameras,ASUS,18819.17,9447.99,2.66,No,7646
53361,Scholastic Academic Smart 4,Books,Academic,SCHOLASTIC,124.15,86.94,4.4,Yes,7811
53362,Nestle Fruits Plus 9,Grocery,Fruits Vegetables,NESTLE,18870.25,11794.27,2.78,No,8841
53363,Fast&Up Supplements Air 9,Health,Supplements,FAST&UP,10922.95,4482.08,4.44,Yes,8091
53364,SG Badminton Edge 3,Sports,Badminton,SG,3692.98,2225.96,3.23,Yes,8098
53365,S.Chand Non Flex 5,Books,Non Fiction,S.CHAND,4412.73,2880.31,2.95,Yes,7245
53366,tanishq Bags Active 3,Fashion,Bags,TANISHQ,3758.87,2026.17,2.5,Yes,7294
53367,ITC Fruits Lite 9,Grocery,Fruits Vegetables,ITC,5221.425,4438.21125,3.99,Yes,8139
53368,Boat Laptops Elite 8,Electronics,Laptops,BOAT,661.14,409.15,3.73,No,8466
53369,Bajaj Decor Air 4,Home Kitchen,Decor,BAJAJ,877.92,441.04,2.79,No,8229
53370,Usha Storage Edge 1,Home Kitchen,Storage,USHA,3643.46,2220.98,3.04,Yes,7893
53371,Castrol Bike Plus 2,Automotive,Bike Accessories,CASTROL,3378.46,2380.48,3.99,Yes,7942
53372,Gillette Makeup Air 2,Beauty,Makeup,GILLETTE,63312.24,43583.07,3.55,Yes,8365
53373,Penguin Children X 2,Books,Children Books,PENGUIN,13631.86,7991.5,2.57,Yes,7070
53374,Gillette Fragrances Pro 7,Beauty,Fragrances,GILLETTE,217.74,140.19,2.73,No,8451
53375,HarperCollins Academic Ultra 2,Books,Academic,HARPERCOLLINS,115789.64,48524.54,3.61,Yes,8361
53376,Forest Essentials Fragrances Mini 7,Beauty,Fragrances,FOREST ESSENTIALS,623.64,313.45,4.58,No,7081
53377,Borosil Appliances Flex 9,Home Kitchen,Appliances,BOROSIL,3879.74,2135.75,4.17,No,7135
53378,Castrol Tyres Elite 7,Automotive,Tyres,CASTROL,194103.19,81791.1,4.88,Yes,8834
53379,Dabur Vitamins Flex 2,Health,Vitamins,DABUR,36899.6,22764.39,4.08,Yes,7861
53380,Muscleblaze Protein Smart 3,Health,Protein,MUSCLEBLAZE,882.78,483.83,4.21,Yes,8931
53381,Mattel Educational Mini 8,Toys,Unknown,MATTEL,994.55,646.4575,4.41,Yes,8275
53382,Reebok Swimming Mini 9,Sports,Swimming,REEBOK,398.83,244.03,4.14,Yes,7350
53383,Noise Smart Air 2,Electronics,Smart Tvs,NOISE,845.34,563.92,4.33,No,8985
53384,Vega Tyres Lite 6,Automotive,Tyres,VEGA,625.68,344.49,2.76,Yes,8982
53385,Cosco Swimming Ultra 6,Sports,Swimming,COSCO,261.13,106.24,3.74,No,8056
53386,Noise Accessories Max 5,Electronics,Accessories,NOISE,97003.96,52989.84,2.74,Yes,7209
53387,Arihant Academic Smart 9,Books,Academic,ARIHANT,759.06,455.48,3.33,No,7811
53388,Parle Staples Lite 4,Grocery,Staples,PARLE,3775.09,1990.37,2.58,No,7823
53389,Mattel Remote Lite 6,Toys,Remote Control,MATTEL,19865.51,8435.3,3.66,Yes,7819
53390,Bajaj Garden Pro 3,Home Kitchen,Garden,BAJAJ,813.95,433.33,3.15,No,7714
53391,Lenovo Laptops X 6,Electronics,Laptops,LENOVO,27950.44,12944.01,4.57,Yes,8078
53392,Orient Bedding Neo 5,Home Kitchen,Bedding,ORIENT,23780.42,14016.89,4.2,Yes,7920
53393,Xiaomi Laptops Plus 9,Electronics,Laptops,XIAOMI,8040.96,5184.27,3.83,Yes,8214
53394,Noise Smart X 3,Electronics,Smart Tvs,NOISE,192553.87,134703.1,3.08,Yes,8547
53395,UCB Jewellery Plus 3,Fashion,Jewellery,UCB,227905.16,153229.88,3.17,Yes,7785
53396,Michelin Tools Premium 6,Automotive,Tools,MICHELIN,15463.31,6668.49,4.28,No,8416
53397,SG Swimming Smart 6,Sports,Swimming,SG,231.77,112.25,3.48,Yes,7566
53398,Shell Tyres Air 7,Automotive,Tyres,SHELL,14487.97,7962.85,2.74,Yes,8535
53399,H&M Bags X 2,Fashion,Bags,H&M,44281.36,19483.88,2.79,Yes,8011
53400,Levis Jewellery Pro 7,Fashion,Jewellery,LEVIS,138705.06,82519.89,2.92,Yes,8640
53401,Realme Gaming Neo 9,Electronics,Gaming,REALME,79984.05,56352.67,3.12,Yes,7047
53402,Dell Tablets Air 9,Electronics,Tablets,DELL,300.84,146.42,4.47,No,7123
53403,Bajaj Decor Air 8,Home Kitchen,Decor,BAJAJ,24142.62,16899.834,2.82,Yes,8775
53404,Nivia Fitness Pro 1,Sports,Fitness Equipment,NIVIA,597.93,360.83,4.78,Yes,8205
53405,Nivia Yoga Edge 9,Sports,Yoga,NIVIA,63933.34,43766.31,3.64,Yes,8451
53406,Dell Tablets Max 5,Electronics,Tablets,DELL,17113.5,10352.69,3.5,Yes,8720
53407,Castrol Lubricants Pro 7,Automotive,Lubricants,CASTROL,153.73,71.17,2.95,No,8959
53408,Milton Cookware Smart 5,Home Kitchen,Cookware,MILTON,45766.36,25174.5,3.43,No,7625
53409,CASTROL Tools Max 8,Automotive,Unknown,CASTROL,38347.96,16106.13,4.16,Yes,8382
53410,Patanjali Fruits X 3,Grocery,Fruits Vegetables,PATANJALI,201891.59,84528.07,4.33,Yes,7533
53411,Nike Footwear Ultra 4,Fashion,Footwear,NIKE,346.95,171.55,4.65,Yes,8975
53412,acer Gaming Plus 5,Electronics,Gaming,ACER,67974.76,31070.9,3.71,No,7299
53413,PRESTIGE Cookware Air 2,Home Kitchen,Cookware,PRESTIGE,637.26,376.39,4.68,No,7850
53414,funskool Educational Smart 1,Toys,Educational,FUNSKOOL,371.2,220.46,3.6,Yes,7599
53415,MRF Cycling Plus 2,Sports,Cycling,MRF,3932.2,2441.04,3.82,Yes,7501
53416,Hasbro Puzzles Mini 3,Toys,Puzzles,HASBRO,1108.97,469.38,3.76,No,8094
53417,Nike Kids Smart 1,Fashion,Kids Wear,NIKE,4525.84,2232.07,4.08,Yes,8216
53418,Maybelline Skincare Flex 9,Beauty,Skincare,MAYBELLINE,48531.82,28149.09,4.1,Yes,7353
53419,SG Running Smart 3,Sports,Running,SG,2645.2,1674.51,3.44,Yes,8097
53420,Van Heusen Women Ultra 4,Fashion,Women Clothing,VAN HEUSEN,646.61,435.93,3.49,No,8698
53421,OnePlus Headphones Smart 4,Electronics,Headphones,ONEPLUS,19725.85,10068.86,3.86,Yes,7470
53422,SG Swimming Smart 6,Sports,Swimming,SG,28817.68,15330.18,3.74,Yes,7505
53423,Bosch Lubricants Smart 8,Automotive,Lubricants,BOSCH,11335.01,5973.77,4.34,Yes,7543
53424,AMUL Snacks Air 3,Grocery,Snacks,AMUL,4550.64,3043.39,4.0,Yes,7617
53425,Logitech Tablets Mini 3,Electronics,Tablets,LOGITECH,143756.58,58882.34,3.55,No,8946
53426,Pearson Non Pro 9,Books,Non Fiction,PEARSON,4850.9,2737.28,2.92,Yes,8654
53427,Milton Garden Premium 4,Home Kitchen,Garden,MILTON,2856.04,83.37,3.85,Yes,8459
53428,Muscleblaze Vitamins Mini 7,Health,Vitamins,MUSCLEBLAZE,278231.23,111919.83,2.81,Yes,8609
53429,H&M Jewellery X 5,Fashion,Jewellery,H&M,10854.01,7187.33,4.09,No,7635
53430,Boat Laptops Flex 2,Electronics,Laptops,BOAT,598.53,341.41,4.9,Yes,8027
53431,S.Chand Fiction Premium 1,Books,Fiction,S.CHAND,14639.11,8447.9,3.13,Yes,7876
53432,Peter England Footwear Plus 1,Fashion,Footwear,PETER ENGLAND,809.18,537.28,4.99,Yes,7070
53433,Scholastic Fiction Premium 6,Books,Fiction,SCHOLASTIC,58342.39,33973.42,4.95,Yes,7316
53434,Yonex Badminton Edge 1,Sports,Badminton,YONEX,17393.31,10357.16,2.56,Yes,7510
53435,Muscleblaze Ayurveda Elite 6,Health,Ayurveda,MUSCLEBLAZE,2603.86,1869.52,4.47,No,7776
53436,Dabur Vitamins Plus 4,Health,Vitamins,DABUR,345.97,204.72,2.98,Yes,8259
53437,SG Yoga Ultra 4,Sports,Yoga,SG,918.55,551.33,4.31,Yes,8757
53438,Fisher Price Puzzles Pro 2,Toys,Puzzles,FISHER PRICE,4299382.07,2580707.54,4.41,No,8319
53439,Adidas Jewellery X 1,Fashion,Jewellery,ADIDAS,1015.6,476.6,3.93,Yes,7337
53440,Dove Fragrances Mini 8,Beauty,Fragrances,DOVE,3781.08,2414.88,4.67,Yes,8553
53441,Bosch Lubricants Edge 9,Automotive,Lubricants,BOSCH,68160.17,42098.17,3.42,Yes,8201
53442,castrol Bike Air 5,Automotive,Bike Accessories,CASTROL,4985.48,3988.384,3.12,Yes,8608
53443,Butterfly Storage Air 2,Home Kitchen,Storage,BUTTERFLY,17279.22,11135.42,3.91,Yes,8395
53444,Lakme Haircare Lite 8,Beauty,Haircare,LAKME,697.76,359.4,3.13,Yes,7413
53445,Lego Remote Flex 8,Toys,Remote Control,LEGO,1851.67,957.7,4.98,Yes,7549
53446,Nikon Gaming Elite 6,Electronics,Gaming,NIKON,2952.88,1713.02,4.67,No,8902
53447,Forest Essentials Makeup X 2,Beauty,Makeup,FOREST ESSENTIALS,2863.65,2028.87,4.91,Yes,8648
53448,Havells Decor X 2,Home Kitchen,Decor,HAVELLS,295.07,176.55,4.63,Yes,8677
53449,3M Tyres Mini 7,Automotive,Tyres,3M,292.99,208.72,4.84,Yes,7456
53450,Pearson Self X 6,Books,Self Help,PEARSON,183000.59,108921.68,4.09,No,8192
53451,Biotique Fragrances Mini 4,Beauty,Fragrances,BIOTIQUE,207845.47,134051.49,3.95,Yes,7687
53452,Borosil Decor Lite 3,Home Kitchen,Decor,BOROSIL,226.8,149.89,2.59,Yes,8170
53453,Penguin Fiction Air 7,Books,Fiction,PENGUIN,4042.9,2013.71,3.1,Yes,7678
53454,biotique Fragrances Pro 5,Beauty,Fragrances,BIOTIQUE,2220.58,1506.82,4.72,Yes,8983
53455,Dabur Ayurveda Elite 9,Health,Ayurveda,DABUR,3628.19,1693.57,3.17,No,7763
53456,Fisher Price Soft Air 3,Toys,Soft Toys,FISHER PRICE,3217.89,2139.31,3.91,Yes,8523
53457,Nivia Cricket Mini 6,Sports,Cricket,NIVIA,48797.52,24758.73,4.24,Yes,8030
53458,Prestige Garden Mini 6,Home Kitchen,Garden,PRESTIGE,602.8,405.52,2.73,No,7574
53459,HarperCollins Academic Elite 9,Books,Academic,HARPERCOLLINS,3045.84,1671.63,4.52,Yes,8541
53460,Amul Fruits X 6,Grocery,Fruits Vegetables,AMUL,738.61,520.33,3.58,No,7652
53461,Philips Lighting Pro 3,Home Kitchen,Lighting,PHILIPS,16368.26,11491.8,3.33,No,8012
53462,OnePlus Accessories Edge 1,Electronics,Accessories,ONEPLUS,154949.62,106794.89,3.51,Yes,7788
53463,Xiaomi Laptops X 3,Electronics,Laptops,XIAOMI,4270.96,2280.24,2.72,No,8359
53464,Ok Play Soft Pro 9,Toys,Soft Toys,OK PLAY,7936.42,4822.95,3.8,Yes,7277
53465,Vega Lubricants Plus 6,Automotive,Lubricants,VEGA,284942.26,191155.52,3.03,Yes,8906
53466,Bata Footwear Mini 9,Fashion,Footwear,BATA,8266.92,4210.66,2.94,Yes,7925
53467,Tanishq Men Flex 6,Fashion,Men Clothing,TANISHQ,15455.7,10398.41,3.56,No,7349
53468,LOreal Makeup Neo 3,Beauty,Makeup,LOREAL,10638.97,6974.93,4.27,No,7091
53469,3M Tyres Mini 2,Automotive,Tyres,3M,34094.05,23683.36,2.83,Yes,8682
53470,Steelbird Tyres Mini 7,Automotive,Tyres,STEELBIRD,19442.99,9405.97,4.27,Yes,8705
53471,Bosch Car Active 1,Automotive,Car Accessories,BOSCH,331.31,141.88,3.84,Yes,8344
53472,Nike Women Ultra 5,Fashion,Women Clothing,NIKE,498.71,220.61,3.49,Yes,8415
53473,Bosch Car Edge 3,Automotive,Car Accessories,BOSCH,15137.42,8487.45,2.7,Yes,7707
53474,van heusen Jewellery Smart 2,Fashion,Jewellery,VAN HEUSEN,410.31,193.49,5.0,No,8488
53475,Oxford Academic Neo 3,Books,Academic,OXFORD,56213.09,22598.37,2.75,Yes,8138
53476,Bata Sunglasses Neo 6,Fashion,Sunglasses,BATA,767.71,440.84,4.39,Yes,8121
53477,Penguin Academic Edge 4,Books,Academic,PENGUIN,6714196.13,4379620.87,4.04,Yes,7705
53478,Samsung Galaxy M35 5G,Home Kitchen,Garden,PHILIPS,6588.34,2849.76,3.57,No,8527
53479,Dabur Ayurveda Lite 9,Health,Ayurveda,DABUR,398.67,269.99,2.58,Yes,7066
53480,Dove Mens Mini 7,Beauty,Mens Grooming,DOVE,3117.03,1773.86,4.25,Yes,7616
53481,Funskool Soft Plus 1,Toys,Soft Toys,FUNSKOOL,15700.95,6348.93,3.69,No,8263
53482,Havells Furniture Ultra 5,Home Kitchen,Furniture,HAVELLS,3364.76,1567.54,3.44,Yes,8475
53483,Usha Bedding Edge 4,Home Kitchen,Bedding,USHA,72233.23,30587.28,2.59,No,8841
53484,Xiaomi Mobiles Ultra 2,Electronics,Mobiles,XIAOMI,893.97,589.07,3.28,Yes,8086
53485,HP Mobiles Flex 9,Electronics,Mobiles,HP,509.61,228.29,4.5,Yes,8483
53486,3M Tools Ultra 8,Automotive,Tools,3M,698.45,389.94,4.64,Yes,7601
53487,Acer Accessories Flex 4,Electronics,Accessories,ACER,16972.65,8956.22,4.78,Yes,7654
53488,Biotique Fragrances Neo 6,Beauty,Fragrances,BIOTIQUE,4015.49,2323.49,3.36,No,8496
53489,Havells Cookware Ultra 6,Home Kitchen,Cookware,HAVELLS,270.66,164.35,5.0,Yes,7645
53490,HUL Snacks Pro 3,Grocery,Snacks,HUL,58444.42,41338.61,4.11,No,7924
53491,Orient Bedding Smart 7,Home Kitchen,Bedding,ORIENT,744.22,453.69,4.57,Yes,7024
53492,Yonex Running Mini 8,Sports,Running,YONEX,9997.12,6991.91,4.11,Yes,7804
53493,Van Heusen Sunglasses Premium 8,Fashion,Sunglasses,VAN HEUSEN,164.57,72.76,4.61,Yes,8907
53494,Prestige Appliances Edge 5,Home Kitchen,Appliances,PRESTIGE,264.3,117.54,4.54,No,7958
53495,JBL Smartwatches Elite 6,Electronics,Smartwatches,JBL,273621.71,186447.47,2.77,No,7045
53496,Woodland Kids Elite 4,Fashion,Unknown,WOODLAND,248.67,151.25,3.37,Yes,8619
53497,Ok Play Remote Plus 2,Toys,Remote Control,OK PLAY,1250.68,510.72,4.4,Yes,7800
53498,Cosco Fitness Neo 1,Sports,Fitness Equipment,COSCO,17640.31,11732.45,4.49,Yes,8193
53499,UNDER ARMOUR Yoga Smart 2,Sports,Yoga,UNDER ARMOUR,4397.29,3152.8,2.55,No,8983
53500,MRF Running Elite 4,Sports,Running,MRF,14381.55,6004.68,4.27,Yes,7992
53501,Nike Sports Shoes Pro,Health,Ayurveda,MUSCLEBLAZE,62358.92,28431.39,3.51,Yes,7984
53502,Realme Tablets Elite 6,Electronics,Tablets,REALME,4760.48,2090.42,4.81,Yes,7102
53503,Lakme Makeup Pro 2,Beauty,Makeup,LAKME,13074.18,5984.38,3.95,No,8949
53504,Decathlon Cricket Flex 8,Sports,Cricket,DECATHLON,836.4,520.55,2.8,Yes,8047
53505,Dabur Fruits Air 3,Grocery,Unknown,DABUR,235.95,165.63,3.8,No,8944
53506,HarperCollins Biographies Flex 9,Books,Biographies,HARPERCOLLINS,655.93,278.87,3.4,Yes,7483
53507,Decathlon Fitness Smart 3,Sports,Fitness Equipment,DECATHLON,4194.73,1787.9,3.13,Yes,7200
53508,Forest Essentials Mens Pro 5,Beauty,Mens Grooming,FOREST ESSENTIALS,318.71,190.32,4.87,Yes,8492
53509,Dabur Supplements Lite 8,Health,Supplements,DABUR,941.08,490.44,4.16,Yes,7477
53510,Mattel Remote Pro 5,Toys,Remote Control,MATTEL,310.98,197.23,3.43,Yes,8319
53511,Abbott Medical Edge 5,Health,Medical Devices,ABBOTT,25592.91,12607.3,4.52,Yes,8970
53512,Parle Dairy Lite 8,Grocery,Dairy,PARLE,1348.05,552.92,3.15,Yes,7122
53513,Under Armour Cricket Pro 9,Sports,Cricket,UNDER ARMOUR,28899.37,16688.81,4.85,Yes,8877
53515,Boat Laptops X 3,Electronics,Laptops,BOAT,60774.12,42889.18,4.34,No,7600
53516,Bosch Tools Pro 9,Automotive,Tools,BOSCH,19482.1,8333.27,3.9,No,7858
53517,Nike Men Pro 1,Fashion,Men Clothing,NIKE,4873.43,2894.91,2.63,Yes,7370
53518,Pigeon Appliances X 3,Home Kitchen,Appliances,PIGEON,278595.09,165517.78,3.73,Yes,7316
53519,DECATHLON Swimming Mini 6,Sports,Swimming,DECATHLON,3899.8,381.62,3.07,Yes,7513
53520,Tata Snacks Mini 3,Grocery,Snacks,TATA,928.8,446.37,3.18,Yes,8433
53521,Lenovo Smartwatches Smart 4,Electronics,Smartwatches,LENOVO,1920.93,890.79,2.86,Yes,8214
53522,Himalaya Ayurveda Air 1,Health,Ayurveda,HIMALAYA,933.11,647.57,4.13,Yes,7869
53523,Boat Rockerz 550,Automotive,Lubricants,VEGA,18629.01,11460.99,4.57,No,7614
53524,HarperCollins Fiction Lite 7,Books,Fiction,HARPERCOLLINS,8252.88,4721.67,3.34,Yes,7748
53525,LG Gaming Edge 1,Electronics,Gaming,LG,10406.08,5489.37,2.92,No,7753
53526,Dabur Dairy Smart 7,Grocery,Dairy,DABUR,78465.1,49477.44,4.09,Yes,7199
53527,Decathlon Yoga Flex 4,Sports,Yoga,DECATHLON,1078.55,592.74,2.99,Yes,8456
53528,Zara Bags Smart 9,Fashion,Bags,ZARA,3808.91,2066.64,2.74,No,8596
53529,Cosco Cricket Premium 8,Sports,Cricket,COSCO,643.75,426.72,4.63,Yes,7573
53530,Dabur Fruits Mini 5,Grocery,Fruits Vegetables,DABUR,887.79,399.65,4.5,Yes,8261
53531,Healthkart Ayurveda Mini 1,Health,Ayurveda,HEALTHKART,10187.09,6090.55,3.31,Yes,8685
53532,Decathlon Cycling Elite 7,Sports,Cycling,DECATHLON,47045.51,32931.856999999996,3.1,Yes,8612
53533,ITC Staples Edge 3,Grocery,Staples,ITC,2260.28,1051.88,4.09,Yes,8560
53534,Maybelline Mens Pro 4,Beauty,Mens Grooming,MAYBELLINE,211.63,101.43,3.03,Yes,8686
53535,Scholastic Academic Edge 8,Books,Academic,SCHOLASTIC,10968.32,5935.18,2.99,No,8374
53536,Muscleblaze Vitamins Flex 3,Health,Vitamins,MUSCLEBLAZE,41720.86,20493.44,2.61,Yes,7501
53537,Lego Board Mini 9,Toys,Board Games,LEGO,79658.51,41359.58,3.6,Yes,7314
53538,Nike Kids Edge 2,Fashion,Kids Wear,NIKE,967.02,419.75,3.9,No,7427
53539,Sony Smartwatches Edge 9,Electronics,Smartwatches,SONY,17286.43,10999.82,3.89,Yes,8097
53540,Zara Watches X 6,Fashion,Watches,ZARA,550.74,253.56,4.22,Yes,7113
53541,Patanjali Cleaning Max 6,Grocery,Cleaning,PATANJALI,418.54,172.45,3.08,No,7860
53542,Woodland Sunglasses Elite 2,Fashion,Sunglasses,WOODLAND,9232.16,6130.57,4.36,Yes,7436
53543,Fast&Up Ayurveda Neo 4,Health,Ayurveda,FAST&UP,61063.22,36174.17,3.6,Yes,7114
53544,Philips Storage Mini 4,Home Kitchen,Storage,PHILIPS,492.66,231.01,3.56,Yes,8465
53545,Forest Essentials Mens Pro 3,Beauty,Mens Grooming,FOREST ESSENTIALS,92766.49,39407.83,3.9,Yes,8315
53546,Gillette Mens Premium 6,Beauty,Mens Grooming,GILLETTE,766.74,349.27,3.26,Yes,8691
53547,Dove Makeup Edge 1,Beauty,Makeup,DOVE,16939.65,11166.61,4.5,Yes,7707
53548,Healthkart Ayurveda X 3,Health,Ayurveda,HEALTHKART,3492.79,1986.56,3.12,Yes,8320
53549,Gillette Makeup Plus 6,Beauty,Makeup,GILLETTE,359.26,148.98,3.35,Yes,7665
53550,Maybelline Skincare X 5,Beauty,Skincare,MAYBELLINE,215.01,152.57,4.64,Yes,8371
53551,Nikon Gaming Lite 7,Electronics,Gaming,NIKON,19322.46,8094.75,4.69,Yes,8412
53552,Under Armour Yoga Flex 1,Sports,Yoga,UNDER ARMOUR,228073.12,96724.23,2.92,No,8252
53553,Maybelline Haircare Ultra 7,Beauty,Haircare,MAYBELLINE,19919.09,11076.62,4.65,Yes,8360
53554,Butterfly Furniture Air 1,Home Kitchen,Furniture,BUTTERFLY,208843.28,149073.71,4.51,No,8369
53555,Oxford Biographies Flex 3,Books,Biographies,OXFORD,19246.44,8044.96,4.68,Yes,8188
53556,Castrol Bike Edge 4,Automotive,Bike Accessories,CASTROL,717.43,412.85,4.23,Yes,8444
53557,JBL Smartwatches Pro 9,Electronics,Smartwatches,JBL,50328.46,34410.87,4.55,Yes,7722
53558,Borosil Decor Premium 6,Home Kitchen,Decor,BOROSIL,27212.21,11486.96,3.66,No,8004
53559,Oxford Children Neo 2,Books,Children Books,OXFORD,16016.01,7943.37,4.25,Yes,8900
53560,Nestle Staples Smart 8,Grocery,Staples,NESTLE,262378.41,156957.42,2.69,Yes,7399
53561,Pigeon Appliances Premium 4,Home Kitchen,Appliances,PIGEON,125.25,67.2,4.92,Yes,7749
53562,Adidas Men X 2,Fashion,Men Clothing,ADIDAS,700.98,284.63,4.92,Yes,8739
53563,UCB Kids Neo 9,Fashion,Kids Wear,UCB,64222.34,39875.97,4.78,No,8148
53564,Lenovo Tablets Pro 8,Electronics,Tablets,LENOVO,573.75,393.73,4.9,Yes,8120
53565,Reebok Swimming X 3,Sports,Swimming,REEBOK,3257.4,1761.57,4.49,No,7784
53566,JBL Mobiles Flex 8,Electronics,Mobiles,JBL,149.43,88.36,4.25,No,7462
53567,Maybelline Fragrances Ultra 4,Beauty,Fragrances,MAYBELLINE,10641.15,7192.67,4.67,Yes,7344
53568,Samsung Accessories Lite 7,Electronics,Accessories,SAMSUNG,435.09,291.29,4.72,No,7607
53569,HP Tablets Premium 1,Electronics,Tablets,HP,47657.82,27994.4,4.76,No,7938
53570,Ok Play Remote Neo 6,Toys,Remote Control,OK PLAY,40234.57,28204.72,4.79,Yes,8779
53571,Steelbird Bike Lite 8,Automotive,Bike Accessories,STEELBIRD,158103.25,88677.26,4.96,Yes,8075
53572,Cipla Medical Elite 2,Health,Medical Devices,CIPLA,673.28,300.67,2.99,Yes,8080
53573,Pantene Mens Ultra 7,Beauty,Mens Grooming,PANTENE,299.14,147.61,3.27,No,7898
53574,SG Badminton X 2,Sports,Badminton,SG,857.78,494.7,4.11,Yes,7752
53575,SG Cricket Premium 3,Sports,Cricket,SG,10211.42,6516.65,4.97,No,8808
53576,Zara Footwear Neo 4,Fashion,Footwear,ZARA,599.99,337.76,5.0,No,8185
53577,Hasbro Educational Plus 3,Toys,Educational,HASBRO,825.79,459.91,3.82,Yes,8120
53578,Steelbird Tools Pro 8,Automotive,Tools,STEELBIRD,2349.69,1291.02,4.67,Yes,8117
53579,Himalaya First Ultra 4,Health,Unknown,HIMALAYA,5348.45,3612.24,3.25,Yes,7130
53580,Webby Action Edge 4,Toys,Action Figures,WEBBY,535.74,315.2,3.93,Yes,7493
53581,yonex Fitness X 1,Sports,Fitness Equipment,YONEX,1702.18,908.86,3.46,No,7401
53582,Under Armour Running Flex 2,Sports,Running,UNDER ARMOUR,105102.55,69946.66,2.69,No,8445
53583,Forest Essentials Mens Flex 1,Beauty,Mens Grooming,FOREST ESSENTIALS,765.77,442.08,4.08,Yes,7081
53584,Lakme Haircare Pro 7,Beauty,Haircare,LAKME,136369.2,62776.79,3.11,Yes,7535
53585,FISHER PRICE Remote Smart 9,Toys,Remote Control,FISHER PRICE,156293.66,83353.48,3.93,Yes,8596
53586,Orient Decor Premium 5,Home Kitchen,Decor,ORIENT,45023.89,29196.2,3.27,Yes,7186
53587,Nestle Snacks Neo 6,Grocery,Snacks,NESTLE,449.53,288.3,4.28,No,7051
53588,Nestle Cleaning Ultra 9,Grocery,Cleaning,NESTLE,9516.94,3813.91,4.65,Yes,7811
53589,Hasbro Action Edge 8,Toys,Unknown,HASBRO,41336.83,18520.11,3.0,Yes,7462
53590,UCB Women X 7,Fashion,Women Clothing,UCB,56289.47,29728.73,4.43,Yes,8008
53591,Pantene Makeup Neo 3,Beauty,Makeup,PANTENE,205.44,135.13,3.38,Yes,8110
53592,Vega Tyres Smart 8,Automotive,Tyres,VEGA,676.95,308.92,3.12,No,7029
53593,Fast&Up Medical Max 2,Health,Medical Devices,FAST&UP,868.03,458.31,3.58,Yes,7451
53595,Boat Gaming Max 8,Electronics,Gaming,BOAT,13706.43,7233.9,3.27,Yes,7439
53596,Shell Tools Mini 5,Automotive,Tools,SHELL,6140.7,3446.98,4.84,Yes,7215
53597,Asus Cameras Air 2,Electronics,Cameras,ASUS,2624.31,1320.02,3.55,Yes,7920
53598,Nivea Skincare Smart 3,Beauty,Skincare,NIVEA,697.39,449.05,4.91,No,8237
53599,Arihant Academic Mini 5,Books,Academic,ARIHANT,11339.23,7223.35,3.72,Yes,8662
53600,OPPO Mobiles Active 7,Electronics,Unknown,OPPO,3233.33,1757.12,2.97,No,8104
53601,Nivia Badminton X 2,Sports,Badminton,NIVIA,186723.43,95777.87,4.44,No,7872
53602,Pantene Mens Ultra 3,Beauty,Mens Grooming,PANTENE,13849.71,8737.84,2.75,Yes,7304
53603,Louis Philippe Bags Air 1,Fashion,Bags,LOUIS PHILIPPE,6760.83,2853.29,3.96,Yes,7200
53605,Britannia Fruits X 5,Grocery,Fruits Vegetables,BRITANNIA,156.88,84.0,2.74,No,7398
53606,Steelbird Car Flex 3,Automotive,Car Accessories,STEELBIRD,2785.76,1882.33,3.67,Yes,8531
53607,LOreal Haircare Elite 5,Beauty,Haircare,LOREAL,70723.12,46234.76,4.03,Yes,7311
53608,Under Armour Cycling Plus 8,Sports,Cycling,UNDER ARMOUR,12215.95,4942.12,4.41,No,8181
53609,Bosch Tools Elite 8,Automotive,Tools,BOSCH,142945.21,93826.73,2.66,No,7328
53610,Biotique Makeup Pro 6,Beauty,Makeup,BIOTIQUE,307.22,212.6,3.79,Yes,7180
53611,Fast&Up Ayurveda Premium 6,Health,Ayurveda,FAST&UP,125.48,63.7,2.83,Yes,8834
53612,Dabur Protein Smart 2,Health,Protein,DABUR,14916.21,10440.06,3.84,Yes,8944
53613,Xiaomi Smartwatches Smart 5,Electronics,Smartwatches,XIAOMI,351.6,143.82,4.19,Yes,7008
53614,VAN HEUSEN Men Lite 1,Fashion,Men Clothing,VAN HEUSEN,45791.1,32641.86,4.41,Yes,7026
53615,Nike Sports Shoes Pro,Home Kitchen,Cookware,PRESTIGE,4768.21,2809.17,2.56,Yes,8228
53616,Milton Garden Lite 9,Home Kitchen,Garden,MILTON,1816.92,1024.82,2.84,Yes,7502
53617,Samsung Laptops Plus 6,Electronics,Laptops,SAMSUNG,2015.6,1283.03,4.0,No,7127
53618,Hasbro Board Pro 5,Toys,Board Games,HASBRO,2182175.94,1185466.72,4.01,No,7115
53619,Webby Remote Pro 6,Toys,Remote Control,WEBBY,832.02,544.17,4.17,Yes,8489
53620,Michelin Tools Ultra 1,Automotive,Tools,MICHELIN,1048.59,631.45,4.65,No,8154
53621,Shell Car Ultra 3,Automotive,Car Accessories,SHELL,13284.62,7420.39,3.03,Yes,8722
53622,Amul Personal Mini 8,Grocery,Personal Care,AMUL,15947.11,10112.8,4.6,Yes,8720
53623,Levis Women Elite 4,Fashion,Women Clothing,LEVIS,856.35,470.38,4.37,Yes,7985
53624,Nivea Mens Max 7,Beauty,Mens Grooming,NIVEA,5476.87,2664.79,4.81,Yes,8051
53625,Parle Beverages Smart 2,Grocery,Beverages,PARLE,24349.78,15214.99,4.33,No,7747
53626,Forest Essentials Haircare Air 9,Beauty,Haircare,FOREST ESSENTIALS,7806.5,3790.28,3.75,Yes,7177
53627,SG Badminton Mini 2,Sports,Badminton,SG,163244.4,68754.74,3.03,No,8695
53628,Peter England Men Mini 7,Fashion,Men Clothing,PETER ENGLAND,862.25,563.76,2.81,Yes,8406
53629,Funskool Remote Edge 2,Toys,Remote Control,FUNSKOOL,3289.28,1374.56,3.07,Yes,8872
53630,Reebok Cycling Pro 5,Sports,Cycling,REEBOK,344.28,217.11,4.71,Yes,7444
53631,CASTROL Lubricants Premium 1,Automotive,Lubricants,CASTROL,354.15,224.63,3.69,Yes,7349
53632,Ok Play Action Active 1,Toys,Action Figures,OK PLAY,552.85,297.19,5.0,Yes,8156
53633,Peter England Watches Lite 3,Fashion,Watches,PETER ENGLAND,541.16,351.34,4.48,Yes,7030
53634,Pearson Fiction Max 8,Books,Fiction,PEARSON,6149.94,3139.56,4.93,Yes,7600
53635,Michelin Tools X 8,Automotive,Tools,MICHELIN,130.57,91.97,3.69,Yes,7749
53636,Pigeon Appliances Elite 7,Home Kitchen,Appliances,PIGEON,1424.55,885.8,2.64,No,7578
53637,Under Armour Running Air 7,Sports,Running,UNDER ARMOUR,260046.06,138149.06,3.98,Yes,7392
53638,Michelin Tyres Mini 5,Automotive,Tyres,MICHELIN,271855.68,175408.82,3.47,Yes,7380
53639,Webby Action Lite 7,Toys,Action Figures,WEBBY,275.98,179.98,4.24,No,7162
53640,OnePlus Tablets Max 7,Electronics,Tablets,ONEPLUS,761.43,493.81,4.32,No,7101
53641,Adidas Footwear Air 2,Fashion,Footwear,ADIDAS,16392.61,11701.07,3.09,Yes,8513
53642,P&G Snacks Active 1,Grocery,Snacks,P&G,5764.63,2336.85,2.85,Yes,8049
53643,HP Cameras Active 6,Electronics,Cameras,HP,453.13,294.72,3.93,No,8158
53644,Lenovo Laptops Ultra 8,Electronics,Laptops,LENOVO,56057.91,34689.37,2.59,Yes,8045
53645,P&G Baby Max 7,Grocery,Baby Products,P&G,659.3,267.6,4.23,Yes,8333
53646,Amul Beverages Neo 2,Grocery,Beverages,AMUL,852.66,488.75,4.42,Yes,7292
53647,Nestle Personal Lite 3,Grocery,Personal Care,NESTLE,14008.44,9572.95,3.55,Yes,8478
53648,Ok Play Soft Mini 3,Toys,Soft Toys,OK PLAY,871.0,541.81,3.33,No,7952
53649,Tata Fruits Neo 7,Grocery,Fruits Vegetables,TATA,307.37,153.92,3.45,Yes,7551
53650,Nike Kids Edge 8,Fashion,Kids Wear,NIKE,7935.97,3893.93,3.14,Yes,7570
53651,MUSCLEBLAZE Medical Mini 6,Health,Medical Devices,MUSCLEBLAZE,9048.02,5034.93,4.49,Yes,8403
53652,Britannia Snacks Lite 6,Grocery,Snacks,BRITANNIA,8565.34,4955.89,2.79,No,8383
53653,Cipla Protein Smart 9,Health,Unknown,CIPLA,974.39,623.89,3.7,Yes,7041
53654,Levis Men Pro 5,Fashion,Men Clothing,LEVIS,2987.92,2129.07,3.4,Yes,7035
53655,Philips Furniture Flex 8,Home Kitchen,Furniture,PHILIPS,5114.8,3681.9,2.57,No,7102
53656,webby Action Elite 6,Toys,Action Figures,WEBBY,960.88,491.51,3.23,No,7034
53657,Vega Bike Active 8,Automotive,Bike Accessories,VEGA,964.33,635.52,3.74,No,7342
53658,Dabur Cleaning Ultra 8,Grocery,Cleaning,DABUR,19100.54,11992.62,4.64,Yes,7461
53659,Pigeon Decor Lite 5,Home Kitchen,Decor,PIGEON,278573.08,183692.93,3.49,No,7490
53660,Fast&Up Supplements X 7,Health,Supplements,FAST&UP,238678.73,129501.59,4.4,Yes,7449
53661,Zara Bags Plus 7,Fashion,Bags,ZARA,2738.56,1486.25,2.96,Yes,7835
53662,Nivea Skincare Edge 7,Beauty,Skincare,NIVEA,564.01,256.86,3.76,Yes,7246
53663,Usha Lighting Plus 6,Home Kitchen,Lighting,USHA,430.67,271.49,3.03,Yes,7995
53664,Lakme Mens X 9,Beauty,Mens Grooming,LAKME,1090.05,513.21,4.63,Yes,7524
53666,Forest Essentials Haircare Neo 9,Beauty,Haircare,FOREST ESSENTIALS,400.15,200.77,4.19,Yes,8080
53667,Castrol Tools Ultra 3,Automotive,Tools,CASTROL,647.46,358.34,2.76,Yes,7248
53668,Reebok Fitness Plus 1,Sports,Fitness Equipment,REEBOK,955.29,382.67,3.31,Yes,8934
53669,gillette Mens Neo 9,Beauty,Mens Grooming,GILLETTE,40640.39,16584.97,2.83,Yes,7636
53670,Arihant Non Air 1,Books,Non Fiction,ARIHANT,5099.63,3190.4,4.76,No,8521
53671,Prestige Appliances X 6,Home Kitchen,Appliances,PRESTIGE,448.9,290.18,4.73,Yes,7072
53672,Nivea Haircare Lite 2,Beauty,Haircare,NIVEA,4798.85,2022.15,3.17,No,8714
53673,Peter England Sunglasses Mini 1,Fashion,Sunglasses,PETER ENGLAND,66113.47,26862.96,2.8,Yes,8953
53674,Himalaya Medical Air 9,Health,Medical Devices,HIMALAYA,16894.99,11010.65,2.63,No,7272
53675,Bosch Tyres Active 1,Automotive,Tyres,BOSCH,28691.69,13356.13,2.82,Yes,7164
53676,MRF Swimming Mini 2,Sports,Swimming,MRF,1157.64,634.61,3.17,Yes,8098
53677,Xiaomi Accessories Mini 4,Electronics,Accessories,XIAOMI,894.34,564.39,4.62,Yes,8846
53678,Castrol Car Lite 9,Automotive,Car Accessories,CASTROL,111.23,76.11,3.74,Yes,8689
53679,Funskool Educational Premium 9,Toys,Educational,FUNSKOOL,129888.15,55605.08,3.43,Yes,7035
53680,Decathlon Fitness Air 2,Sports,Fitness Equipment,DECATHLON,3414988.95,1478829.27,4.58,No,7945
53681,Under Armour Swimming Active 2,Sports,Swimming,UNDER ARMOUR,16528.89,7637.71,4.76,Yes,8450
53682,Fast&Up Medical Lite 9,Health,Medical Devices,FAST&UP,97486.76,64191.24,3.16,Yes,7678
53683,Funskool Board Neo 8,Toys,Board Games,FUNSKOOL,952.99,557.24,4.69,Yes,7445
53684,Nivia Yoga Plus 5,Sports,Yoga,NIVIA,1908.69,923.13,4.45,Yes,8135
53685,Dabur Snacks Flex 6,Grocery,Snacks,DABUR,9380.8,7973.679999999999,3.2,Yes,8348
53686,Cipla Supplements Edge 6,Health,Supplements,CIPLA,26581.16,13682.16,4.77,Yes,7825
53687,Michelin Lubricants Mini 3,Automotive,Lubricants,MICHELIN,35551.08,17056.33,3.8,Yes,8483
53688,Webby Soft Mini 2,Toys,Soft Toys,WEBBY,851.52,393.2,4.8,Yes,7859
53689,Webby Action Premium 3,Toys,Action Figures,WEBBY,3223.03,1649.3,4.12,Yes,7915
53690,Puma Watches Active 1,Fashion,Watches,PUMA,6945.45,4112.17,2.81,Yes,8233
53691,Fast&Up Protein Lite 9,Health,Protein,FAST&UP,7061.78,5056.08,3.05,Yes,7066
53693,Pearson Children Elite 9,Books,Children Books,PEARSON,4513.41,2408.49,3.94,Yes,7833
53694,Woodland Women Smart 4,Fashion,Women Clothing,WOODLAND,64349.42,45405.27,4.76,Yes,8626
53695,SG Badminton Pro 9,Sports,Badminton,SG,9304.39,3782.54,2.61,Yes,8341
53696,Tata Baby Neo 4,Grocery,Baby Products,TATA,14241.62,8683.52,3.24,Yes,7874
53697,Realme Laptops Pro 9,Electronics,Laptops,REALME,21963.24,11914.85,3.34,No,8273
53698,Cipla Medical Pro 5,Health,Medical Devices,CIPLA,746.59,362.65,3.43,Yes,8153
53699,Butterfly Lighting Max 1,Home Kitchen,Lighting,BUTTERFLY,6006.75,4204.724999999999,3.64,Yes,7471
53700,Healthkart Supplements Mini 5,Health,Supplements,HEALTHKART,4048.88,2104.5,3.5,Yes,7273
53701,JBL Laptops Neo 7,Electronics,Unknown,JBL,3953.44,1589.45,4.56,Yes,8650
53703,Vega Lubricants Elite 7,Automotive,Lubricants,VEGA,13687.47,5691.62,3.81,Yes,7499
53704,Boat Rockerz 550,Fashion,Watches,WOODLAND,746.2,492.03,4.31,Yes,7981
53705,Britannia Beverages Elite 8,Grocery,Beverages,BRITANNIA,255556.94,117154.18,4.76,Yes,7163
53706,Louis Philippe Women Lite 3,Fashion,Women Clothing,LOUIS PHILIPPE,4013.31,1622.33,3.47,No,7570
53707,Britannia Snacks Air 1,Grocery,Snacks,BRITANNIA,909.87,580.86,3.07,Yes,8887
53708,Peter England Footwear Air 7,Fashion,Footwear,PETER ENGLAND,16424.41,8671.4,3.07,Yes,8847
53709,Amul Snacks Smart 2,Grocery,Snacks,AMUL,939.39,608.31,4.76,Yes,7199
53710,Scholastic Biographies Plus 6,Books,Biographies,SCHOLASTIC,3880.16,2427.22,2.64,Yes,8037
53711,Dove Mens X 4,Beauty,Mens Grooming,DOVE,497.13,247.32,4.01,Yes,8222
53712,Fast&Up Medical Mini 8,Health,Medical Devices,FAST&UP,140588.03,73397.55,4.46,Yes,7864
53713,Woodland Women Flex 1,Fashion,Women Clothing,WOODLAND,910.81,470.13,2.53,Yes,8471
53714,Levis Bags Elite 3,Fashion,Bags,LEVIS,15768.31,8580.09,3.48,No,7561
53715,REEBOK Yoga Plus 2,Sports,Yoga,REEBOK,800.47,499.29,2.52,Yes,7280
53716,Webby Puzzles Premium 4,Toys,Puzzles,WEBBY,3993.99,2779.32,3.34,Yes,7622
53717,nivea Skincare Edge 1,Beauty,Skincare,NIVEA,6238.04,4054.726,3.13,Yes,7039
53718,Bata Sunglasses X 8,Fashion,Sunglasses,BATA,3355.84,1467.83,2.88,No,8616
53719,Lego Educational Plus 2,Toys,Educational,LEGO,2339.32,1076.34,3.28,Yes,7076
53720,Decathlon Yoga Plus 2,Sports,Yoga,DECATHLON,78070.55,46594.05,3.71,Yes,7736
53721,Muscleblaze First Max 6,Health,First Aid,MUSCLEBLAZE,913.23,641.62,4.55,Yes,7891
53722,Nikon Smart Max 8,Electronics,Smart Tvs,NIKON,3384.98,1977.92,2.63,Yes,8645
53723,webby Puzzles Premium 1,Toys,Puzzles,WEBBY,2964.91,1947.88,4.99,Yes,7835
53724,Penguin Self X 6,Books,Self Help,PENGUIN,267670.32,190255.42,4.81,No,8063
53725,Amul Beverages Lite 1,Grocery,Beverages,AMUL,111397.02,73979.73,2.65,Yes,8414
53726,Nivia Cricket Flex 5,Sports,Cricket,NIVIA,76424.12,39012.8,3.88,Yes,8703
53727,Cipla Ayurveda Lite 6,Health,Ayurveda,CIPLA,4052.57,2901.42,2.51,Yes,8955
53728,Nestle Dairy Air 5,Grocery,Dairy,NESTLE,14373.28,10142.54,4.11,Yes,8680
53729,Mattel Remote Edge 1,Toys,Remote Control,MATTEL,5284.07,2753.08,3.21,Yes,8472
53730,Fisher Price Remote Lite 9,Toys,Remote Control,FISHER PRICE,19605.13,9136.29,4.47,Yes,7114
53731,Abbott Vitamins X 2,Health,Vitamins,ABBOTT,4622.12,1965.96,3.16,No,8816
53732,MRF Cricket Edge 9,Sports,Cricket,MRF,987.6,447.16,4.65,Yes,8881
53733,Borosil Appliances X 2,Home Kitchen,Appliances,BOROSIL,11106.23,4673.16,3.59,Yes,7881
53734,Dell Mobiles X 6,Electronics,Mobiles,DELL,3860.38,2461.53,2.91,Yes,7706
53735,S.Chand Self Smart 2,Books,Self Help,S.CHAND,12285.52,6314.38,3.69,Yes,7919
53736,Tata Baby Lite 4,Grocery,Baby Products,TATA,78113.74,52871.15,3.36,Yes,8536
53737,Lenovo Accessories Smart 7,Electronics,Accessories,LENOVO,2491.79,1259.78,3.88,Yes,7261
53738,Himalaya First Premium 9,Health,First Aid,HIMALAYA,313.96,206.45,4.73,Yes,8852
53739,Healthkart Supplements Neo 5,Health,Supplements,HEALTHKART,1520.62,769.85,3.2,Yes,8440
53740,HUL Baby Flex 8,Grocery,Baby Products,HUL,4974.1,2979.11,4.98,Yes,7558
53741,Dove Mens Edge 3,Beauty,Mens Grooming,DOVE,62132.89,26632.76,2.94,Yes,8271
53742,Nestle Staples Smart 5,Grocery,Staples,NESTLE,622.47,301.08,4.36,Yes,7995
53743,Reebok Cycling Edge 4,Sports,Cycling,REEBOK,187606.78,91669.3,3.7,Yes,8084
53744,Healthkart Protein Edge 6,Health,Protein,HEALTHKART,734.61,476.9,3.8,No,7853
53745,Under Armour Yoga X 8,Sports,Yoga,UNDER ARMOUR,181623.66,79066.46,4.82,Yes,7816
53746,Patanjali Snacks Neo 3,Grocery,Snacks,PATANJALI,8852792.71,5639629.98,3.42,Yes,7550
53747,Levis Men Air 4,Fashion,Men Clothing,LEVIS,41488.82,27867.63,3.71,Yes,8936
53748,HP Laptops Elite 8,Electronics,Laptops,HP,753.94,348.86,4.96,Yes,7799
53749,Bajaj Furniture Mini 3,Home Kitchen,Furniture,BAJAJ,2625.51,1417.57,3.23,Yes,7241
53750,OPPO Tablets Elite 9,Electronics,Tablets,OPPO,60956.49,28181.0,3.45,Yes,8775
53751,Castrol Bike Edge 1,Automotive,Bike Accessories,CASTROL,6315.89,4190.36,3.4,Yes,8515
53752,Bosch Lubricants Neo 9,Automotive,Lubricants,BOSCH,528.01,369.39,4.86,No,8797
53753,Xiaomi Cameras Pro 6,Electronics,Cameras,XIAOMI,19599.59,10720.53,3.3,Yes,8622
53754,Boat Laptops Air 6,Electronics,Laptops,BOAT,2355.88,991.53,2.77,No,7307
53755,UCB Jewellery Premium 2,Fashion,Jewellery,UCB,847.89,434.7,4.69,Yes,7095
53756,Lenovo Cameras Ultra 8,Electronics,Cameras,LENOVO,532.46,289.07,4.54,No,7119
53757,loreal Makeup Air 9,Beauty,Makeup,LOREAL,57815.25,24203.19,3.3,No,7180
53758,Shell Tools X 9,Automotive,Tools,SHELL,196.35,107.19,4.13,Yes,8127
53759,HarperCollins Fiction Premium 8,Books,Fiction,HARPERCOLLINS,61666.87,30833.435,2.84,Yes,7956
53760,Ok Play Board Pro 1,Toys,Board Games,OK PLAY,197.03,100.02,3.84,Yes,8562
53761,Healthkart Supplements Plus 1,Health,Supplements,HEALTHKART,813.51,478.62,2.88,Yes,8152
53762,P&G Staples Premium 1,Grocery,Staples,P&G,13288.88,6871.79,2.76,Yes,7607
53763,Funskool Puzzles Plus 2,Toys,Puzzles,FUNSKOOL,10279.25,6834.78,2.61,Yes,7956
53764,Usha Garden Mini 3,Home Kitchen,Garden,USHA,8323.95,3806.54,2.69,Yes,8580
53765,pigeon Appliances Premium 5,Home Kitchen,Appliances,PIGEON,137.4,87.91,3.69,Yes,8298
53766,Fastrack Jewellery Premium 9,Fashion,Jewellery,FASTRACK,783.5,325.72,2.61,No,7940
53767,Webby Puzzles Plus 6,Toys,Puzzles,WEBBY,772.81,506.3,4.36,Yes,7517
53768,Muscleblaze Protein X 2,Health,Protein,MUSCLEBLAZE,21750.03,13674.41,3.48,Yes,8773
53769,Healthkart First Neo 3,Health,First Aid,HEALTHKART,124.34,63.62,3.7,No,7008
53770,Forest Essentials Haircare Active 9,Beauty,Haircare,FOREST ESSENTIALS,24150.53,12728.58,4.2,Yes,8560
53771,Pantene Skincare Air 4,Beauty,Skincare,PANTENE,161264.72,104822.068,2.71,Yes,8327
53772,S.Chand Non Plus 9,Books,Non Fiction,S.CHAND,823.96,585.84,2.93,No,8028
53773,Dabur Baby Pro 1,Grocery,Baby Products,DABUR,312.27,147.87,3.74,Yes,8227
53774,Biotique Makeup Neo 5,Beauty,Makeup,BIOTIQUE,74562.0,35476.59,2.98,Yes,8350
53775,scholastic Non Lite 6,Books,Non Fiction,SCHOLASTIC,110.2,47.05,3.08,Yes,7752
53776,Lego Puzzles Premium 6,Toys,Puzzles,LEGO,1971.18,1065.61,3.49,No,7449
53777,Lego Action Pro 8,Toys,Action Figures,LEGO,660.25,295.59,3.57,Yes,8082
53778,Muscleblaze Vitamins Smart 4,Health,Vitamins,MUSCLEBLAZE,290795.27,178466.06,4.95,No,8139
53779,Pantene Skincare Edge 2,Beauty,Skincare,PANTENE,5262.34,3093.72,3.43,Yes,7001
53780,Pigeon Lighting Plus 5,Home Kitchen,Lighting,PIGEON,103731.86,51236.31,4.54,Yes,7490
53781,Funskool Soft Plus 7,Toys,Soft Toys,FUNSKOOL,6299.2,3561.96,4.49,Yes,8724
53782,Reebok Yoga Active 2,Sports,Yoga,REEBOK,4619.11,1945.04,3.9,No,8083
53783,Under Armour Cricket Lite 5,Sports,Cricket,UNDER ARMOUR,2222.8,974.82,4.87,Yes,8179
53784,Nestle Personal Smart 3,Grocery,Personal Care,NESTLE,19982.82,12215.16,2.55,No,7729
53785,Pigeon Furniture Flex 9,Home Kitchen,Furniture,PIGEON,7800.16,5300.07,3.17,Yes,7282
53786,Acer Tablets Active 5,Electronics,Tablets,ACER,3469.28,1977.57,2.92,Yes,7674
53787,Dove Haircare X 7,Beauty,Haircare,DOVE,4033.48,1701.75,3.61,Yes,7404
53788,peter england Bags Neo 1,Fashion,Bags,PETER ENGLAND,4008.28,2590.37,3.28,Yes,7290
53789,Lakme Skincare Flex 3,Beauty,Skincare,LAKME,236369.3,153640.04499999998,3.71,Yes,7044
53790,Castrol Bike X 5,Automotive,Bike Accessories,CASTROL,18928.38,8088.11,4.05,Yes,8320
53791,Nestle Snacks Pro 7,Grocery,Snacks,NESTLE,36306.34,17488.54,4.72,Yes,7464
53792,Penguin Academic X 8,Books,Academic,PENGUIN,4250.73,2779.4,4.67,Yes,7744
53793,Reebok Yoga Edge 4,Sports,Yoga,REEBOK,15462.74,6730.49,3.98,No,8411
53794,Lego Remote Ultra 3,Toys,Remote Control,LEGO,72288.46,48248.45,4.83,Yes,7534
53795,Cipla Ayurveda Active 3,Health,Ayurveda,CIPLA,2732.66,1803.74,4.53,Yes,7517
53796,Asus Gaming Lite 1,Electronics,Gaming,ASUS,2637.53,1336.3,4.59,Yes,7381
53797,Lakme Haircare Premium 9,Beauty,Haircare,LAKME,1889.8,801.78,4.41,No,7726
53798,Steelbird Car Edge 3,Automotive,Car Accessories,STEELBIRD,4690.1,3008.34,4.75,Yes,7990
53799,Amul Snacks Edge 8,Grocery,Snacks,AMUL,28644.57,18921.22,2.68,Yes,7442
53800,Pearson Biographies Edge 3,Books,Biographies,PEARSON,148.29,74.145,5.0,Yes,7378
53801,H&M Bags X 3,Fashion,Bags,H&M,951.93,525.06,3.26,Yes,7160
53803,Biotique Haircare Mini 5,Beauty,Haircare,BIOTIQUE,931.46,670.2,2.89,Yes,7310
53804,Funskool Educational Premium 5,Toys,Educational,FUNSKOOL,5070.93,2488.15,4.04,Yes,8524
53805,Parle Fruits Edge 8,Grocery,Fruits Vegetables,PARLE,4986.15,2441.21,2.63,No,8123
53806,LOreal Fragrances Elite 2,Beauty,Fragrances,LOREAL,240486.17,161647.36,4.86,No,7951
53807,Bosch Tyres Neo 5,Automotive,Tyres,BOSCH,294.26,179.74,4.45,Yes,7454
53808,Apple Smartwatches Air 9,Electronics,Smartwatches,APPLE,1686.07,848.29,3.02,Yes,8680
53809,Shell Tools Elite 2,Automotive,Tools,SHELL,4764.63,2413.62,2.87,Yes,7807
53810,JBL Accessories X 2,Electronics,Unknown,JBL,609.1,548.19,3.8,Yes,7522
53811,S.Chand Academic Pro 2,Books,Academic,S.CHAND,37784.73,21357.08,2.73,Yes,8672
53812,Webby Soft Pro 9,Toys,Soft Toys,WEBBY,4728983.76,2975867.65,4.45,No,7625
53813,Dabur Vitamins Mini 5,Health,Vitamins,DABUR,2962.67,1399.65,4.56,No,7637
53814,Van Heusen Women X 4,Fashion,Women Clothing,VAN HEUSEN,12442.38,7051.8,4.25,No,8491
53815,SG Cycling Mini 7,Sports,Cycling,SG,159771.65,95239.82,2.85,Yes,7465
53816,Asus Cameras Neo 6,Electronics,Cameras,ASUS,2719.59,1148.32,3.85,Yes,7928
53817,Decathlon Cricket X 8,Sports,Cricket,DECATHLON,459.77,319.5,3.62,Yes,7546
53818,vega Lubricants Premium 5,Automotive,Lubricants,VEGA,1145.59,522.45,3.78,No,8924
53819,P&G Cleaning Lite 4,Grocery,Cleaning,P&G,12840.5,7901.55,4.62,Yes,7545
53820,Scholastic Biographies X 3,Books,Biographies,SCHOLASTIC,19457.5,7804.55,3.78,Yes,7852
53821,Logitech Mobiles Lite 8,Electronics,Mobiles,LOGITECH,682.35,385.08,4.88,No,7472
53822,Boat Rockerz 550,Home Kitchen,Furniture,BAJAJ,17188.77,7824.23,3.08,Yes,7875
53823,Gillette Haircare Max 3,Beauty,Haircare,GILLETTE,501.85,224.38,2.59,No,8607
53824,Samsung Galaxy M35 5G,Automotive,Lubricants,STEELBIRD,525.94,228.33,4.64,Yes,8011
53825,Orient Lighting Flex 8,Home Kitchen,Lighting,ORIENT,75598.64,31977.82,2.51,Yes,8840
53826,Maybelline Makeup Air 5,Beauty,Makeup,MAYBELLINE,1411.59,590.24,3.48,Yes,7304
53827,MRF Swimming Neo 8,Sports,Swimming,MRF,23180.5,14804.16,3.54,No,7722
53828,Orient Storage Plus 7,Home Kitchen,Storage,ORIENT,635.31,362.72,3.42,Yes,8602
53829,Healthkart Vitamins Plus 1,Health,Vitamins,HEALTHKART,14630.06,7553.97,4.19,Yes,8392
53830,Apple Gaming Lite 5,Electronics,Gaming,APPLE,3664.26,2389.89,3.01,Yes,8065
53831,Scholastic Children Pro 4,Books,Children Books,SCHOLASTIC,3702.73,2572.38,3.69,Yes,7053
53832,Mattel Puzzles Plus 6,Toys,Puzzles,MATTEL,2715.58,1315.98,4.65,Yes,7518
53833,Adidas Bags Max 3,Fashion,Bags,ADIDAS,328.81,227.08,3.64,No,8776
53834,Decathlon Cricket Plus 2,Sports,Cricket,DECATHLON,18460.83,12459.59,2.91,Yes,7871
53835,Apple Smart Mini 8,Electronics,Smart Tvs,APPLE,15300.06,7378.3,4.2,Yes,8550
53836,HP Accessories X 8,Electronics,Accessories,HP,2598.98,1668.45,2.75,Yes,7078
53837,MICHELIN Car Air 9,Automotive,Car Accessories,MICHELIN,165.65,98.8,3.88,No,8451
53838,Himalaya Vitamins Max 2,Health,Vitamins,HIMALAYA,4778.71,2123.95,3.93,Yes,7398
53839,Nivia Cycling Edge 3,Sports,Unknown,NIVIA,59179.96,30104.35,2.51,Yes,8726
53840,Dabur Snacks Neo 9,Grocery,Snacks,DABUR,49120.6,30451.13,2.58,Yes,8374
53841,Boat Mobiles Ultra 3,Electronics,Mobiles,BOAT,537.09,321.64,3.1,No,8627
53842,Puma Women Mini 6,Fashion,Women Clothing,PUMA,630.56,252.44,2.52,Yes,8478
53843,Levis Footwear Plus 2,Fashion,Footwear,LEVIS,14403.76,9404.68,2.51,No,7968
53844,3M Lubricants Pro 9,Automotive,Lubricants,3M,4283.18,2544.58,3.05,Yes,7390
53845,Cipla First Lite 1,Health,Unknown,CIPLA,3308.98,1873.91,3.63,Yes,7523
53846,nivia Cycling Pro 9,Sports,Cycling,NIVIA,798.63,426.31,3.3,Yes,7464
53847,Ok Play Educational Smart 7,Toys,Educational,OK PLAY,9368.26,6063.88,3.46,Yes,7134
53848,Prestige Furniture Lite 8,Home Kitchen,Furniture,PRESTIGE,163342.05,108247.77,3.15,Yes,8348
53849,H&M Footwear Ultra 9,Fashion,Footwear,H&M,968.68,689.84,2.71,Yes,7127
53850,Nivia Swimming Edge 4,Sports,Swimming,NIVIA,73584.79,40275.57,4.32,Yes,7744
53851,HUL Cleaning Max 8,Grocery,Cleaning,HUL,75847.52,32627.13,4.26,No,7013
53852,Fast&Up Protein X 8,Health,Protein,FAST&UP,2013.17,971.87,3.66,Yes,7897
53853,Apple Smart Smart 4,Electronics,Smart Tvs,APPLE,50766.5,34601.37,4.88,Yes,8777
53854,Under Armour Swimming X 6,Sports,Swimming,UNDER ARMOUR,4526.95,2224.17,3.9,Yes,8409
53855,Sony Tablets Edge 9,Electronics,Tablets,SONY,10697.68,7406.62,3.32,No,7461
53856,Reebok Badminton Premium 3,Sports,Badminton,REEBOK,614.5,314.71,4.17,Yes,8574
53857,Dove Skincare Lite 7,Beauty,Skincare,DOVE,14856.45,7312.02,4.14,Yes,8025
53858,Nivea Mens Lite 1,Beauty,Mens Grooming,NIVEA,867.29,503.91,4.24,Yes,8707
53859,Patanjali Dairy Plus 1,Grocery,Dairy,PATANJALI,11871.73,6610.97,3.66,Yes,8421
53860,Muscleblaze First Max 2,Health,First Aid,MUSCLEBLAZE,634.12,329.34,2.66,Yes,8178
53861,HP Headphones Max 7,Electronics,Headphones,HP,822.11,371.68,3.24,Yes,8175
53862,Steelbird Bike Smart 7,Automotive,Bike Accessories,STEELBIRD,13746.04,9108.56,3.11,Yes,8576
53863,Maybelline Mens Lite 1,Beauty,Mens Grooming,MAYBELLINE,2698.63,1180.46,3.17,Yes,8905
53864,Mattel Board Smart 3,Toys,Board Games,MATTEL,2906.82,1741.52,2.57,Yes,8795
53865,Samsung Galaxy M35 5G,Sports,Badminton,REEBOK,894.04,471.38,4.18,Yes,7547
53866,Shell Bike Max 8,Automotive,Bike Accessories,SHELL,2307.08,1644.78,2.98,Yes,7943
53867,OnePlus Accessories Smart 5,Electronics,Accessories,ONEPLUS,64697.01,39474.33,2.78,No,7618
53868,Nivea Haircare Lite 8,Beauty,Haircare,NIVEA,516.22,253.87,4.25,Yes,7571
53869,Oxford Non Edge 4,Books,Non Fiction,OXFORD,18591.89,8588.88,2.65,Yes,7498
53870,Himalaya Protein Edge 7,Health,Protein,HIMALAYA,16726.25,8813.98,3.96,Yes,8756
53871,Dabur Supplements Premium 1,Health,Supplements,DABUR,948.1,562.06,2.6,Yes,7398
53872,Bata Women Flex 2,Fashion,Women Clothing,BATA,299778.18,180250.39,3.11,Yes,8147
53873,LOreal Mens Active 6,Beauty,Mens Grooming,LOREAL,11153.56,6746.71,3.06,No,8567
53874,Arihant Fiction X 8,Books,Fiction,ARIHANT,576.78,288.39,4.27,No,7809
53875,Levis Sunglasses Air 8,Fashion,Sunglasses,LEVIS,2971.23,1288.35,3.46,Yes,7242
53876,Puma Footwear Lite 4,Fashion,Footwear,PUMA,4353.75,2473.4,3.84,Yes,7776
53877,Zara Men Mini 4,Fashion,Men Clothing,ZARA,79518.18,39534.43,3.3,Yes,8970
53878,Levis Men Plus 8,Fashion,Men Clothing,LEVIS,3878.97,2489.24,2.89,Yes,8875
53879,Borosil Storage Mini 6,Home Kitchen,Storage,BOROSIL,364.71,195.93,4.05,Yes,7775
53880,Maybelline Skincare Pro 3,Beauty,Skincare,MAYBELLINE,33651.84,22475.68,4.12,No,7133
53882,Healthkart Ayurveda Mini 7,Health,Ayurveda,HEALTHKART,257624.65,128227.52,3.95,Yes,7065
53883,Zara Watches Ultra 2,Fashion,Watches,ZARA,22992.34,10019.24,3.15,Yes,7471
53884,Tanishq Kids X 6,Fashion,Kids Wear,TANISHQ,6553.44,2762.86,3.28,No,8749
53885,FOREST ESSENTIALS Fragrances X 8,Beauty,Fragrances,FOREST ESSENTIALS,760.43,541.36,4.99,Yes,8867
53886,Muscleblaze First Mini 1,Health,First Aid,MUSCLEBLAZE,4873.01,3318.44,4.43,Yes,7846
53887,Vega Tools Plus 3,Automotive,Tools,VEGA,48099.22,21344.8,3.43,Yes,7922
53888,HP Mobiles Pro 7,Electronics,Mobiles,HP,128.43,81.41,3.24,Yes,7708
53889,Funskool Puzzles Active 7,Toys,Puzzles,FUNSKOOL,759.74,442.31,4.35,No,8224
53890,Funskool Action Ultra 1,Toys,Action Figures,FUNSKOOL,17199.24,7445.26,3.49,No,7200
53891,Samsung Laptops Elite 9,Electronics,Laptops,SAMSUNG,361.71,218.7,2.77,Yes,8361
53892,Van Heusen Kids Mini 3,Fashion,Kids Wear,VAN HEUSEN,1699.86,896.63,4.32,Yes,7596
53893,Tata Cleaning Plus 8,Grocery,Cleaning,TATA,208937.74,85768.13,4.92,No,7967
53894,Acer Tablets Elite 5,Electronics,Tablets,ACER,14841.45,8499.31,2.59,No,8769
53895,Healthkart Medical X 3,Health,Medical Devices,HEALTHKART,5376.67,2221.88,4.29,Yes,7084
53896,Philips Lighting Edge 9,Home Kitchen,Lighting,PHILIPS,647.36,316.0,2.78,Yes,7018
53897,Mattel Puzzles Active 7,Toys,Puzzles,MATTEL,3968.34,2579.4210000000003,2.84,No,8120
53898,Apple Accessories Ultra 1,Electronics,Accessories,APPLE,1509.85,1018.82,4.97,Yes,8240
53899,HarperCollins Fiction Edge 2,Books,Fiction,HARPERCOLLINS,4997.61,2704.54,2.65,No,7045
53900,Peter England Sunglasses X 5,Fashion,Sunglasses,PETER ENGLAND,568.08,261.38,4.6,Yes,7825
53901,Bajaj Furniture Air 3,Home Kitchen,Furniture,BAJAJ,810.27,494.3,4.54,Yes,7069
53902,Patanjali Fruits Ultra 4,Grocery,Fruits Vegetables,PATANJALI,41829.29,18313.01,3.86,Yes,8442
53903,Under Armour Cycling Neo 1,Sports,Cycling,UNDER ARMOUR,54970.41,27603.55,2.84,Yes,8074
53904,Havells Garden Neo 8,Home Kitchen,Garden,HAVELLS,988.47,679.52,3.41,Yes,7825
53905,Boat Cameras Plus 1,Electronics,Cameras,BOAT,39239.22,21411.74,2.72,No,8246
53906,Dabur Vitamins Pro 6,Health,Vitamins,DABUR,53813.74,24057.28,4.62,Yes,8013
53907,Titan Bags Ultra 7,Fashion,Bags,TITAN,12805.58,5724.22,4.03,Yes,8066
53908,HarperCollins Self Lite 6,Books,Self Help,HARPERCOLLINS,367.83,183.915,3.43,Yes,8152
53909,Michelin Tyres Lite 9,Automotive,Tyres,MICHELIN,800.15,490.86,3.73,Yes,7371
53910,Acer Smartwatches X 6,Electronics,Smartwatches,ACER,4244.75,2582.57,4.0,Yes,8869
53911,Vivo Accessories Pro 9,Electronics,Accessories,VIVO,2289.38,1156.85,2.78,No,8865
53912,Vega Bike Flex 2,Automotive,Bike Accessories,VEGA,666.49,443.68,3.59,Yes,8689
53913,Pantene Mens Lite 6,Beauty,Mens Grooming,PANTENE,246637.83,121881.43,3.93,Yes,8470
53914,Usha Storage Edge 3,Home Kitchen,Storage,USHA,2490.66,1767.49,4.74,Yes,7101
53915,Lego Board X 5,Toys,Board Games,LEGO,31607.36,19799.47,2.97,No,7752
53916,Funskool Soft Premium 4,Toys,Soft Toys,FUNSKOOL,43151.61,21682.58,3.07,Yes,8507
53917,Logitech Accessories Plus 3,Electronics,Accessories,LOGITECH,3667.09,1697.25,3.64,No,7119
53918,forest essentials Fragrances Elite 2,Beauty,Fragrances,FOREST ESSENTIALS,9704.83,6985.98,3.29,Yes,7058
53919,Biotique Haircare Flex 8,Beauty,Haircare,BIOTIQUE,1220.77,831.37,4.13,Yes,8258
53920,webby Puzzles Elite 2,Toys,Puzzles,WEBBY,10687.21,6772.99,4.63,Yes,7120
53921,Funskool Soft Edge 5,Toys,Soft Toys,FUNSKOOL,204.21,144.45,3.95,No,7808
53922,Funskool Board Plus 3,Toys,Board Games,FUNSKOOL,809.38,456.61,3.76,Yes,8974
53923,3M Lubricants Max 8,Automotive,Lubricants,3M,425.66,191.27,3.71,Yes,8813
53924,Scholastic Non Elite 4,Books,Non Fiction,SCHOLASTIC,16372.01,8300.14,4.81,Yes,7120
53925,Speedo Swimming Mini 9,Sports,Swimming,SPEEDO,838.41,574.9,5.0,Yes,8761
53926,Tanishq Bags Flex 4,Fashion,Bags,TANISHQ,3965.7,2656.17,2.8,Yes,7171
53927,Noise Tablets Mini 3,Electronics,Tablets,NOISE,352.91,189.53,4.39,Yes,8606
53928,HIMALAYA Vitamins Elite 6,Health,Vitamins,HIMALAYA,644.38,389.61,2.7,Yes,8049
53929,Dabur Cleaning Active 9,Grocery,Cleaning,DABUR,298.23,162.14,2.66,No,8965
53930,Dabur Baby Neo 8,Grocery,Baby Products,DABUR,4215.3,2667.54,3.91,Yes,8621
53931,Decathlon Yoga Air 8,Sports,Yoga,DECATHLON,2930.94,1858.78,3.83,Yes,8532
53932,Usha Storage Edge 5,Home Kitchen,Storage,USHA,958.74,510.56,4.39,No,7677
53933,Prestige Cookware Lite 2,Home Kitchen,Cookware,PRESTIGE,3775.36,1764.71,2.99,Yes,8892
53934,Cipla First Lite 7,Health,First Aid,CIPLA,635.86,338.2,3.94,Yes,8404
53935,Adidas Footwear Mini 7,Fashion,Footwear,ADIDAS,39483.58,20872.46,3.92,Yes,8117
53936,Reebok Swimming Flex 9,Sports,Swimming,REEBOK,13887.94,8327.59,2.92,Yes,8217
53937,Fast&Up First Smart 8,Health,First Aid,FAST&UP,9100.08,5130.42,2.52,Yes,7635
53938,Nivia Badminton Smart 3,Sports,Badminton,NIVIA,2428.11,1699.677,3.64,Yes,7921
53939,Bajaj Furniture Flex 7,Home Kitchen,Furniture,BAJAJ,42330.36,17692.54,4.31,Yes,7738
53940,Noise Smartwatches Mini 9,Electronics,Smartwatches,NOISE,3952.11,2719.15,3.72,Yes,7245
53941,Apple Laptops Plus 8,Electronics,Laptops,APPLE,8654.46,5575.75,4.01,Yes,7579
53942,Realme Smart X 4,Electronics,Smart Tvs,REALME,9734.59,3921.96,4.37,Yes,8570
53943,Hasbro Soft Pro 6,Toys,Soft Toys,HASBRO,536.97,319.41,4.84,Yes,7202
53944,Forest Essentials Fragrances Lite 6,Beauty,Fragrances,FOREST ESSENTIALS,436.61,286.82,2.68,Yes,8354
53945,Scholastic Biographies Plus 6,Books,Biographies,SCHOLASTIC,2961.64,1399.53,3.74,Yes,8236
53946,Castrol Bike Plus 4,Automotive,Bike Accessories,CASTROL,2344.28,1084.62,3.35,Yes,8441
53947,Oxford Children Lite 1,Books,Children Books,OXFORD,891.51,360.12,3.13,Yes,8941
53948,Healthkart Medical Edge 2,Health,Medical Devices,HEALTHKART,978.55,606.55,4.59,Yes,7144
53949,Nikon Mobiles Elite 9,Electronics,Mobiles,NIKON,4651.55,3320.0,3.01,Yes,8852
53950,Ok Play Puzzles Air 8,Toys,Puzzles,OK PLAY,17651.38,9651.41,3.92,No,7600
53951,3M Tyres X 5,Automotive,Tyres,3M,12303.17,6402.06,4.57,Yes,8601
53952,HUL Staples Smart 1,Grocery,Staples,HUL,9960.17,6609.92,3.64,No,7184
53953,Webby Remote Edge 4,Toys,Remote Control,WEBBY,68274.19,42634.71,3.49,Yes,8346
53954,Butterfly Cookware Plus 3,Home Kitchen,Cookware,BUTTERFLY,153181.92,80811.77,2.84,Yes,8345
53955,Reebok Cycling Flex 4,Sports,Cycling,REEBOK,163028.86,110417.64,3.65,No,8681
53956,Muscleblaze Medical Flex 5,Health,Medical Devices,MUSCLEBLAZE,6495.46,4108.84,3.8,Yes,8347
53957,Speedo Cricket Max 2,Sports,Cricket,SPEEDO,15854.4,8098.03,4.21,No,7290
53958,Borosil Garden Edge 2,Home Kitchen,Garden,BOROSIL,549.47,326.79,2.73,Yes,7278
53959,Usha Storage Ultra 4,Home Kitchen,Storage,USHA,85864.8,42197.41,3.57,Yes,8026
53960,P&G Cleaning Mini 4,Grocery,Cleaning,P&G,118527.13,73983.75,3.5,Yes,8991
53961,Patanjali Baby X 6,Grocery,Baby Products,PATANJALI,4420.64,2947.94,3.46,Yes,8943
53962,Tanishq Jewellery Elite 2,Fashion,Jewellery,TANISHQ,14171.03,5719.41,2.57,Yes,8518
53963,Dove Fragrances Premium 7,Beauty,Fragrances,DOVE,14054.56,10119.14,3.85,Yes,8766
53964,Funskool Puzzles Flex 6,Toys,Puzzles,FUNSKOOL,986.69,628.32,4.64,Yes,8364
53965,Nivia Yoga Edge 6,Sports,Yoga,NIVIA,4876.66,3341.41,3.99,No,8842
53966,ITC Staples Premium 6,Grocery,Staples,ITC,4381.48,2551.75,3.87,Yes,8875
53967,Dabur Beverages Edge 2,Grocery,Beverages,DABUR,184922.71,86140.43,3.25,Yes,7945
53968,Fisher Price Puzzles Lite 3,Toys,Puzzles,FISHER PRICE,3010.85,2164.98,3.99,No,7581
53969,Biotique Skincare Plus 9,Beauty,Skincare,BIOTIQUE,27882.95,16234.73,2.61,Yes,7091
53970,Nike Sports Shoes Pro,Toys,Action Figures,LEGO,12342.76,8320.78,4.86,Yes,8838
53971,Nivea Haircare Pro 6,Beauty,Unknown,NIVEA,640.27,420.96,3.61,Yes,8777
53972,LG Laptops Neo 6,Electronics,Laptops,LG,14598.44,10460.47,3.9,Yes,8392
53973,Fisher Price Soft Pro 7,Toys,Soft Toys,FISHER PRICE,694.46,494.16,4.6,No,7558
53974,ITC Dairy Max 5,Grocery,Dairy,ITC,561.62,282.35,2.74,No,7019
53975,Canon Smart Air 6,Electronics,Smart Tvs,CANON,537.46,325.62,4.3,Yes,8752
53976,Vega Tyres Elite 9,Automotive,Tyres,VEGA,3620.18,2310.48,2.83,Yes,8799
53977,Havells Appliances Plus 7,Home Kitchen,Appliances,HAVELLS,13317.55,8916.87,2.74,Yes,8179
53978,biotique Mens Flex 4,Beauty,Mens Grooming,BIOTIQUE,25427.85,18187.49,3.71,Yes,8360
53979,Decathlon Yoga Lite 9,Sports,Yoga,DECATHLON,3679.4,1604.92,4.82,No,8335
53980,cosco Badminton Active 8,Sports,Badminton,COSCO,992.57,514.92,2.6,No,8668
53981,Reebok Swimming Plus 7,Sports,Swimming,REEBOK,1641.66,1091.92,3.7,Yes,7303
53982,SG Swimming Ultra 3,Sports,Swimming,SG,17258.81,11048.1,3.93,Yes,7611
53983,Oxford Fiction Flex 3,Books,Fiction,OXFORD,173.98,88.18,4.55,No,7994
53984,Cosco Yoga Premium 8,Sports,Yoga,COSCO,10127.43,5871.52,4.51,Yes,8186
53985,HP Headphones Pro 5,Electronics,Headphones,HP,4375.08,2252.72,2.65,Yes,8926
53986,OnePlus Smartwatches Flex 7,Electronics,Smartwatches,ONEPLUS,968.5,493.67,3.2,Yes,7288
53987,Maybelline Haircare Lite 3,Beauty,Haircare,MAYBELLINE,2714.32,1726.96,4.73,Yes,7357
53988,MRF Badminton Pro 3,Sports,Badminton,MRF,180.45,94.81,3.33,Yes,7905
53989,Scholastic Academic Smart 4,Books,Academic,SCHOLASTIC,83985.05,36764.58,4.13,Yes,8517
53990,Under Armour Swimming Mini 4,Sports,Swimming,UNDER ARMOUR,191.93,102.05,2.76,Yes,7385
53991,Vivo Cameras Mini 7,Electronics,Unknown,VIVO,205.24,94.26,4.09,Yes,8530
53992,MRF Yoga Mini 8,Sports,Unknown,MRF,592.15,327.08,4.44,Yes,8645
53993,Lenovo Smart Max 6,Electronics,Smart Tvs,LENOVO,63181.31,36217.64,4.76,Yes,8492
53994,Dabur Vitamins Flex 1,Health,Vitamins,DABUR,42200.42,19495.71,4.94,No,7268
53995,Penguin Children Smart 5,Books,Children Books,PENGUIN,439.54,291.86,4.54,Yes,7415
53996,OPPO Cameras Max 6,Electronics,Cameras,OPPO,3232.08,1556.4,3.33,Yes,8821
53997,Orient Storage Neo 6,Home Kitchen,Storage,ORIENT,24113.57,16968.29,4.43,Yes,8099
53998,Decathlon Fitness Mini 5,Sports,Fitness Equipment,DECATHLON,27128.01,16154.98,4.07,Yes,8670
53999,Cosco Running Mini 3,Sports,Running,COSCO,1126.35,736.83,3.1,No,8223
54000,Nivia Cricket Smart 5,Sports,Cricket,NIVIA,13977.14,7954.95,3.77,No,8872
54001,Pigeon Decor Neo 3,Home Kitchen,Decor,PIGEON,675.1,472.57,4.36,Yes,7584
54002,Dabur Vitamins Active 7,Health,Vitamins,DABUR,4973.22,3405.92,4.45,Yes,8258
54003,Puma Sunglasses Smart 4,Fashion,Sunglasses,PUMA,946.19,520.28,3.49,No,7213
54004,Nivia Yoga X 4,Sports,Yoga,NIVIA,407.15,283.83,3.74,No,7095
54005,Peter England Sunglasses Premium 2,Fashion,Sunglasses,PETER ENGLAND,15604.16,7260.88,4.36,Yes,8170
54006,Amul Personal Air 8,Grocery,Personal Care,AMUL,188294.01,120079.68,2.55,Yes,7708
54007,Bosch Bike Premium 5,Automotive,Bike Accessories,BOSCH,40686.82,22815.13,2.63,Yes,8348
54008,Patanjali Baby Flex 3,Grocery,Baby Products,PATANJALI,691.75,324.67,2.79,Yes,8659
54009,Forest Essentials Skincare Air 3,Beauty,Skincare,FOREST ESSENTIALS,1357.78,953.88,3.11,No,7181
54010,Mattel Board Pro 8,Toys,Board Games,MATTEL,131712.02,88321.97,4.23,Yes,8111
54011,Nivea Haircare X 1,Beauty,Haircare,NIVEA,4219.49,1762.74,3.64,Yes,8660
54012,itc Beverages Air 7,Grocery,Beverages,ITC,610.27,248.46,2.79,Yes,8534
54013,Cipla Vitamins Premium 9,Health,Vitamins,CIPLA,646.29,384.8,2.89,Yes,8205
54014,Prestige Storage Active 5,Home Kitchen,Storage,PRESTIGE,982.94,680.98,3.21,Yes,8874
54015,Dabur Staples Edge 1,Grocery,Staples,DABUR,18353.66,8263.83,2.78,No,7888
54016,Logitech Headphones Lite 4,Electronics,Headphones,LOGITECH,57870.3,36985.5,2.77,No,7595
54017,S.Chand Children Air 7,Books,Children Books,S.CHAND,1400.01,624.95,4.31,Yes,8484
54018,Patanjali Dairy Lite 5,Grocery,Dairy,PATANJALI,2745.75,1954.55,3.74,No,7547
54019,penguin Fiction X 3,Books,Fiction,PENGUIN,666.84,294.29,3.14,No,8377
54020,Under Armour Cricket Mini 6,Sports,Cricket,UNDER ARMOUR,10916.34,5529.53,3.7,Yes,8390
54021,Dabur Medical Lite 6,Health,Medical Devices,DABUR,563.83,243.94,3.64,No,8831
54022,Boat Rockerz 550,Toys,Action Figures,FISHER PRICE,1819.98,1247.76,3.02,Yes,8475
54023,Asus Accessories Ultra 8,Electronics,Accessories,ASUS,275887.79,143366.72,3.67,Yes,8189
54024,Castrol Lubricants Ultra 9,Automotive,Lubricants,CASTROL,27526.42,18600.18,3.09,Yes,8330
54025,Cosco Cycling Mini 8,Sports,Cycling,COSCO,953.72,477.03,4.55,Yes,7598
54026,Under Armour Cricket Ultra 9,Sports,Cricket,UNDER ARMOUR,2926.22,1934.81,2.73,No,8799
54027,Puma Kids Mini 9,Fashion,Kids Wear,PUMA,53736.24,36111.26,2.84,No,7701
54028,Dell Accessories Edge 4,Electronics,Accessories,DELL,12023.03,5747.16,4.55,Yes,8366
54029,Ok Play Remote Air 4,Toys,Remote Control,OK PLAY,893.5,492.8,4.39,Yes,7117
54030,Patanjali Staples Plus 2,Grocery,Staples,PATANJALI,4699.1,2667.01,3.88,Yes,8485
54031,Maybelline Fragrances Lite 3,Beauty,Fragrances,MAYBELLINE,72655.8,46818.25,2.59,Yes,7775
54032,Samsung Galaxy M35 5G,Health,First Aid,HIMALAYA,1896.96,839.3,3.94,Yes,7040
54033,Under Armour Cycling Ultra 3,Sports,Cycling,UNDER ARMOUR,597.55,326.75,4.53,No,8020
54034,Yonex Cricket Pro 8,Sports,Cricket,YONEX,10932.71,6762.94,4.92,No,7037
54035,Usha Appliances Neo 4,Home Kitchen,Appliances,USHA,5543.82,3245.81,4.6,Yes,8602
54036,H&M Women Premium 8,Fashion,Women Clothing,H&M,31614.83,19442.63,3.75,No,7371
54037,Forest Essentials Skincare Active 5,Beauty,Skincare,FOREST ESSENTIALS,598.79,261.64,4.08,No,7242
54038,Hasbro Board Pro 1,Toys,Board Games,HASBRO,45569.91,25370.32,3.43,Yes,8525
54039,Usha Storage Premium 2,Home Kitchen,Storage,USHA,191.12,124.88,2.78,Yes,7288
54040,Orient Lighting Edge 6,Home Kitchen,Lighting,ORIENT,2969.22,1239.91,3.5,Yes,7301
54041,Arihant Self Premium 3,Books,Self Help,ARIHANT,572.37,350.96,3.07,Yes,7298
54042,Dabur Ayurveda Smart 2,Health,Ayurveda,DABUR,292.9,155.11,2.67,No,7226
54043,Philips Bedding Ultra 2,Home Kitchen,Bedding,PHILIPS,1975.97,1147.17,4.43,Yes,7650
54044,himalaya First Lite 1,Health,First Aid,HIMALAYA,19884.69,12913.6,3.36,Yes,7969
54045,Philips Bedding Mini 8,Home Kitchen,Bedding,PHILIPS,261551.7,178851.83,4.52,Yes,7044
54046,Nikon Tablets Smart 5,Electronics,Tablets,NIKON,263.88,182.03,5.0,Yes,7461
54047,Maybelline Mens Ultra 4,Beauty,Mens Grooming,MAYBELLINE,164.08,67.05,2.6,Yes,8487
54048,Cipla Medical Premium 3,Health,Medical Devices,CIPLA,403.18,202.98,4.05,Yes,7251
54049,Woodland Kids Smart 9,Fashion,Kids Wear,WOODLAND,65898.4,36703.57,4.36,Yes,7542
54050,Fisher Price Educational Edge 9,Toys,Educational,FISHER PRICE,3128.64,2090.64,4.74,No,8662
54051,Dove Haircare Neo 2,Beauty,Haircare,DOVE,509.92,324.36,2.51,Yes,8324
54052,Reebok Yoga Premium 4,Sports,Yoga,REEBOK,647.34,416.49,2.93,Yes,7127
54053,Philips Garden Neo 4,Home Kitchen,Garden,PHILIPS,59942.42,36321.89,3.34,Yes,8472
54054,Mattel Educational Max 7,Toys,Educational,MATTEL,558.47,317.71,4.24,Yes,8234
54055,Castrol Tools Ultra 2,Automotive,Tools,CASTROL,69591.02,47618.96,2.91,Yes,8701
54056,ITC Staples Air 1,Grocery,Staples,ITC,230388.31,146954.61,3.76,Yes,7521
54057,P&G Personal Edge 8,Grocery,Personal Care,P&G,111.62,54.09,3.27,Yes,7764
54058,Abbott Vitamins Ultra 4,Health,Vitamins,ABBOTT,845.04,433.43,2.85,Yes,8353
54059,Levis Women Premium 9,Fashion,Women Clothing,LEVIS,2644.6,1087.16,4.23,Yes,8313
54060,Ok Play Board Neo 3,Toys,Board Games,OK PLAY,914.76,594.594,4.15,Yes,7141
54061,Dabur Dairy Premium 7,Grocery,Dairy,DABUR,76069.16,46524.79,3.44,Yes,8432
54062,Funskool Soft Plus 3,Toys,Soft Toys,FUNSKOOL,110309.09,65499.17,4.99,Yes,7312
54063,Havells Furniture Lite 2,Home Kitchen,Furniture,HAVELLS,26133.92,10603.04,4.87,Yes,8873
54064,Mattel Action Mini 1,Toys,Action Figures,MATTEL,438.82,191.95,2.85,Yes,8164
54065,Pearson Biographies Pro 1,Books,Biographies,PEARSON,820.6,377.52,4.96,Yes,7708
54066,DOVE Haircare Plus 2,Beauty,Haircare,DOVE,167.0,112.45,4.62,Yes,8929
54067,Boat Rockerz 550,Health,Supplements,HIMALAYA,277.93,118.4,2.79,No,7198
54068,Yonex Fitness Max 1,Sports,Fitness Equipment,YONEX,10786.3,6879.47,4.8,No,7759
54069,Reebok Badminton Elite 4,Sports,Badminton,REEBOK,898.55,641.75,4.89,Yes,7117
54070,Biotique Haircare Neo 3,Beauty,Haircare,BIOTIQUE,2631.87,1532.16,4.86,Yes,7630
54071,Pearson Self Max 8,Books,Self Help,PEARSON,16291.32,7274.32,5.0,Yes,7655
54072,Cipla Protein Elite 2,Health,Protein,CIPLA,215674.33,131796.99,3.75,Yes,8217
54074,Forest Essentials Skincare Edge 4,Beauty,Skincare,FOREST ESSENTIALS,4223.31,2400.07,3.15,Yes,8484
54075,MRF Running Neo 4,Sports,Running,MRF,446.83,280.64,4.18,Yes,8337
54076,Dove Skincare Ultra 7,Beauty,Skincare,DOVE,103.22,48.99,3.17,Yes,8686
54077,dabur Cleaning Lite 6,Grocery,Cleaning,DABUR,3775.9,2234.92,2.88,Yes,8756
54078,Pigeon Decor Edge 9,Home Kitchen,Decor,PIGEON,14674.37,8740.58,3.99,No,7791
54079,Steelbird Lubricants Lite 5,Automotive,Lubricants,STEELBIRD,11440.42,5345.37,3.8,Yes,7383
54080,HarperCollins Academic Ultra 4,Books,Academic,HARPERCOLLINS,2764.38,1623.93,2.64,Yes,8619
54081,Penguin Self Edge 4,Books,Self Help,PENGUIN,8576.95,5194.53,4.53,Yes,7563
54082,MRF Fitness Ultra 6,Sports,Fitness Equipment,MRF,3901.8,2400.36,2.93,No,8854
54083,Woodland Men Mini 6,Fashion,Men Clothing,WOODLAND,13739.55,5651.52,4.51,Yes,8318
54084,Bata Bags Pro 4,Fashion,Bags,BATA,2802.16,1804.92,2.73,Yes,7402
54085,Borosil Storage Air 5,Home Kitchen,Storage,BOROSIL,142.67,75.1,4.21,Yes,7784
54086,BOSCH Car Mini 5,Automotive,Car Accessories,BOSCH,253701.59,172381.67,3.27,Yes,7421
54087,Borosil Lighting Neo 6,Home Kitchen,Lighting,BOROSIL,207.55,141.13,3.28,Yes,7553
54088,borosil Bedding Max 8,Home Kitchen,Bedding,BOROSIL,413.85,180.97,4.35,No,7169
54089,Shell Lubricants Air 7,Automotive,Lubricants,SHELL,4950.33,3226.09,3.51,Yes,7920
54090,Lego Board Elite 9,Toys,Board Games,LEGO,257184.09,164363.48,4.9,Yes,7221
54091,Dabur Ayurveda Pro 3,Health,Ayurveda,DABUR,878.08,525.28,3.32,Yes,7937
54092,Michelin Car X 6,Automotive,Car Accessories,MICHELIN,131691.19,92443.6,3.61,Yes,7668
54093,Cipla First Active 6,Health,First Aid,CIPLA,14711.33,7598.81,4.86,No,8458
54094,Van Heusen Kids Max 4,Fashion,Kids Wear,VAN HEUSEN,39052.17,18494.01,3.94,Yes,8247
54095,Prestige Cookware Mini 6,Home Kitchen,Cookware,PRESTIGE,129625.09,71756.36,3.31,Yes,7970
54096,Dabur Staples Flex 5,Grocery,Staples,DABUR,965.2,563.5,4.93,Yes,7423
54097,Amul Beverages Edge 9,Grocery,Beverages,AMUL,18134.87,10944.07,4.9,Yes,8161
54098,Prestige Furniture Flex 9,Home Kitchen,Furniture,PRESTIGE,31792.51,12913.21,4.0,Yes,8033
54099,MRF Running Edge 5,Sports,Running,MRF,75898.71,33907.44,3.37,Yes,7534
54100,Samsung Laptops Plus 8,Electronics,Laptops,SAMSUNG,23583.42,11261.75,2.94,Yes,7869
54101,OnePlus Smartwatches Lite 9,Electronics,Smartwatches,ONEPLUS,1512.14,695.75,3.1,Yes,8095
54102,Oxford Self Elite 7,Books,Self Help,OXFORD,60831.15,32615.04,4.52,No,7447
54103,Milton Decor Max 6,Home Kitchen,Decor,MILTON,5779.27,3817.17,4.34,Yes,7771
54104,Gillette Mens Smart 6,Beauty,Mens Grooming,GILLETTE,2903.56,1641.42,2.72,No,8647
54105,Vega Tools Air 2,Automotive,Unknown,VEGA,39446.59,24672.14,4.85,Yes,8124
54106,HarperCollins Children Mini 5,Books,Children Books,HARPERCOLLINS,656.54,375.03,3.59,No,7220
54107,Fisher Price Educational Neo 9,Toys,Educational,FISHER PRICE,2617.97,1165.36,3.55,Yes,8764
54108,HUL Beverages Lite 5,Grocery,Beverages,HUL,16767.61,7378.48,4.83,No,7812
54109,Lego Educational X 9,Toys,Educational,LEGO,1069.21,437.71,4.75,Yes,7769
54110,Ok Play Educational Active 6,Toys,Educational,OK PLAY,37365.42,18572.64,2.89,No,7843
54111,Dove Mens Flex 7,Beauty,Mens Grooming,DOVE,3492.87,1527.48,3.75,Yes,8020
54112,Lakme Mens Edge 6,Beauty,Mens Grooming,LAKME,598.52,306.93,5.0,Yes,7645
54113,MRF Cycling Air 7,Sports,Cycling,MRF,122719.34,69549.69,3.88,No,7564
54114,SG Badminton Ultra 3,Sports,Badminton,SG,202148.66,110465.14,3.69,Yes,8279
54115,HUL Staples Flex 5,Grocery,Staples,HUL,2978.86,1455.65,2.88,Yes,8203
54116,Dell Laptops Edge 4,Electronics,Laptops,DELL,13553.47,9450.94,4.81,Yes,7305
54117,OnePlus Smartwatches Air 2,Electronics,Smartwatches,ONEPLUS,10840.2,7672.41,2.97,Yes,7529
54118,Fisher Price Action Edge 2,Toys,Action Figures,FISHER PRICE,38282.4,21097.03,2.91,Yes,7741
54119,Lego Board Active 8,Toys,Board Games,LEGO,18946.46,7579.71,4.85,Yes,8842
54120,Yonex Fitness X 9,Sports,Fitness Equipment,YONEX,44475.96,25262.96,3.05,No,8700
54121,Fisher Price Remote Edge 9,Toys,Remote Control,FISHER PRICE,474.27,250.37,4.67,Yes,7345
54122,Abbott Supplements Mini 3,Health,Supplements,ABBOTT,1990.94,851.32,2.76,No,8056
54123,FISHER PRICE Action Max 5,Toys,Action Figures,FISHER PRICE,2166.82,1228.34,4.74,Yes,8582
54124,Biotique Fragrances Premium 3,Beauty,Fragrances,BIOTIQUE,13043.45,6267.13,4.01,Yes,7243
54125,Pearson Non Neo 3,Books,Non Fiction,PEARSON,156668.39,94833.78,4.9,Yes,8440
54126,ITC Fruits Elite 5,Grocery,Fruits Vegetables,ITC,214.03,152.35,3.28,Yes,8020
54127,Fisher Price Puzzles Elite 8,Toys,Puzzles,FISHER PRICE,403.58,235.91,3.43,Yes,7430
54128,Michelin Tyres Edge 7,Automotive,Tyres,MICHELIN,2528.26,1453.8,3.12,Yes,8865
54129,Gillette Makeup Mini 6,Beauty,Unknown,GILLETTE,3220.43,2177.95,4.09,Yes,8613
54130,Nivea Mens Flex 7,Beauty,Mens Grooming,NIVEA,4757.95,382.53,3.72,No,8568
54131,Pearson Biographies Ultra 5,Books,Biographies,PEARSON,994.04,601.94,4.25,Yes,8793
54132,Nike Footwear Premium 4,Fashion,Footwear,NIKE,4502.31,2973.96,4.74,Yes,7586
54133,Dabur Supplements Edge 7,Health,Supplements,DABUR,380.59,235.88,2.9,Yes,7581
54134,Boat Smart Elite 3,Electronics,Smart Tvs,BOAT,4587.04,3135.91,4.43,Yes,7966
54135,Castrol Lubricants Pro 3,Automotive,Lubricants,CASTROL,3471.06,2213.9,3.77,Yes,7818
54136,Michelin Tyres Pro 2,Automotive,Tyres,MICHELIN,343.34,205.89,3.49,Yes,7185
54137,Michelin Tyres Pro 7,Automotive,Tyres,MICHELIN,9738.23,4358.78,3.64,Yes,7547
54138,HUL Baby Pro 9,Grocery,Baby Products,HUL,4668.83,2722.14,2.71,Yes,7626
54139,Britannia Dairy Smart 2,Grocery,Dairy,BRITANNIA,13749.34,8599.42,3.35,No,7400
54140,Penguin Non Smart 9,Books,Non Fiction,PENGUIN,2573.41,1367.42,2.61,Yes,8664
54141,PUMA Footwear X 7,Fashion,Footwear,PUMA,79849.65,49774.44,4.12,No,8010
54142,Michelin Lubricants Mini 9,Automotive,Lubricants,MICHELIN,282865.42,192438.66,4.86,Yes,8818
54143,Parle Snacks Plus 2,Grocery,Snacks,PARLE,4147.61,1993.51,4.52,Yes,8623
54144,Arihant Biographies Air 6,Books,Biographies,ARIHANT,732.12,457.95,4.93,Yes,7100
54145,Ok Play Board Air 1,Toys,Board Games,OK PLAY,498.43,250.66,3.1,No,7197
54146,Cosco Fitness Lite 3,Sports,Fitness Equipment,COSCO,194.54,100.86,4.6,Yes,7368
54147,Yonex Cycling Premium 3,Sports,Cycling,YONEX,72002.89,46952.29,2.69,Yes,8695
54148,Cosco Badminton X 3,Sports,Badminton,COSCO,7198.14,3298.01,3.13,No,8093
54149,Muscleblaze Protein Max 7,Health,Protein,MUSCLEBLAZE,2044.53,1027.61,4.5,Yes,7859
54150,Funskool Soft Neo 6,Toys,Soft Toys,FUNSKOOL,10836.86,5529.39,4.1,Yes,7985
54151,Nike Sunglasses Ultra 3,Fashion,Sunglasses,NIKE,35908.65,25033.85,4.42,Yes,7575
54152,Reebok Badminton Premium 5,Sports,Badminton,REEBOK,786.17,550.319,4.48,Yes,7133
54153,Tanishq Women Active 5,Fashion,Women Clothing,TANISHQ,587.78,313.34,4.7,Yes,8756
54154,Butterfly Cookware Air 8,Home Kitchen,Cookware,BUTTERFLY,17990.59,7346.91,5.0,Yes,7301
54155,Patanjali Dairy Premium 9,Grocery,Dairy,PATANJALI,1325.45,861.6,3.22,No,7953
54156,van heusen Kids Pro 1,Fashion,Kids Wear,VAN HEUSEN,28319.88,12038.68,4.74,Yes,8392
54157,Forest Essentials Mens Mini 1,Beauty,Mens Grooming,FOREST ESSENTIALS,68486.68,38134.21,3.67,No,8303
54158,Nikon Headphones X 2,Electronics,Headphones,NIKON,18559.36,9829.39,4.2,Yes,7529
54159,Noise Laptops Ultra 9,Electronics,Laptops,NOISE,1550479.48,716808.03,2.86,No,7909
54160,reebok Running Active 5,Sports,Running,REEBOK,808.69,325.21,4.5,Yes,8410
54161,Nivea Haircare Max 7,Beauty,Haircare,NIVEA,653.71,415.19,2.76,Yes,7618
54162,Fastrack Footwear Premium 8,Fashion,Footwear,FASTRACK,6050.51,4019.1,2.66,Yes,8206
54163,Steelbird Tools Plus 2,Automotive,Tools,STEELBIRD,51156.22,33198.28,3.06,Yes,8288
54164,pigeon Furniture Premium 2,Home Kitchen,Furniture,PIGEON,265416.51,135110.16,2.99,Yes,7634
54165,Forest Essentials Haircare X 4,Beauty,Haircare,FOREST ESSENTIALS,200.89,131.22,2.75,No,7136
54166,Decathlon Cricket Elite 2,Sports,Cricket,DECATHLON,4795.84,1439.74,3.08,Yes,8785
54167,Van Heusen Footwear Edge 6,Fashion,Footwear,VAN HEUSEN,143898.8,100163.16,3.44,No,8333
54168,Adidas Watches Smart 2,Fashion,Watches,ADIDAS,855.49,415.89,4.27,Yes,7643
54169,Dove Haircare Ultra 9,Beauty,Haircare,DOVE,2589.9,1683.4350000000002,2.72,Yes,8499
54170,S.Chand Children Pro 6,Books,Children Books,S.CHAND,57814.28,29622.88,4.0,Yes,8622
54171,Nike Jewellery Active 2,Fashion,Jewellery,NIKE,2202.36,999.95,3.13,No,7979
54172,Bata Kids Pro 1,Fashion,Kids Wear,BATA,158466.56,108698.92,3.13,Yes,8741
54173,OPPO Laptops Max 9,Electronics,Laptops,OPPO,3387.17,2075.46,3.21,Yes,7090
54174,BUTTERFLY Decor Edge 8,Home Kitchen,Decor,BUTTERFLY,12972.49,7959.26,2.68,Yes,7520
54175,Philips Appliances Elite 9,Home Kitchen,Appliances,PHILIPS,5463.77,3238.37,3.28,No,8203
54176,Nike Sports Shoes Pro,Grocery,Beverages,NESTLE,59803.24,28230.62,3.85,No,7403
54177,MATTEL Educational Max 9,Toys,Educational,MATTEL,7624.64,4386.96,4.83,Yes,7222
54178,Cosco Cricket Mini 5,Sports,Cricket,COSCO,1198.61,840.32,3.37,No,8465
54179,Mattel Educational Max 2,Toys,Educational,MATTEL,188970.42,119113.72,4.66,Yes,7357
54180,Boat Rockerz 550,Beauty,Mens Grooming,GILLETTE,1411.4,917.4100000000001,3.41,Yes,8549
54181,Shell Car Max 7,Automotive,Car Accessories,SHELL,3665.17,1858.76,3.46,No,8252
54182,Hasbro Action Edge 6,Toys,Action Figures,HASBRO,197563.2,81295.49,4.05,No,8260
54183,Havells Appliances Edge 8,Home Kitchen,Appliances,HAVELLS,1592.11,1098.7,3.69,Yes,8564
54184,Samsung Accessories X 1,Electronics,Accessories,SAMSUNG,14908.51,8982.72,3.79,Yes,8669
54185,Lenovo Smart Plus 2,Electronics,Smart Tvs,LENOVO,312.88,202.94,2.95,Yes,8901
54186,castrol Bike Premium 2,Automotive,Bike Accessories,CASTROL,2633.26,1755.28,3.41,Yes,8938
54187,LG Smart Active 8,Electronics,Smart Tvs,LG,19462.92,12028.86,4.48,Yes,7719
54188,Patanjali Fruits Air 4,Grocery,Fruits Vegetables,PATANJALI,387.71,169.54,2.66,Yes,7156
54189,Steelbird Bike Active 4,Automotive,Bike Accessories,STEELBIRD,3296.39,1966.11,3.85,Yes,8867
54190,Van Heusen Sunglasses Edge 5,Fashion,Sunglasses,VAN HEUSEN,9216.21,4316.7,4.97,Yes,8607
54191,Shell Car Elite 2,Automotive,Car Accessories,SHELL,2864.53,1772.03,2.74,Yes,8064
54192,Dell Smart Mini 4,Electronics,Smart Tvs,DELL,491.78,276.71,3.06,Yes,7029
54193,Peter England Bags Air 5,Fashion,Bags,PETER ENGLAND,517.2,300.06,2.75,Yes,7923
54194,Cipla Protein Ultra 9,Health,Protein,CIPLA,5807.23,3593.86,3.78,No,7948
54195,Castrol Tools Premium 3,Automotive,Tools,CASTROL,763.79,403.91,2.64,No,7540
54196,Van Heusen Footwear Edge 1,Fashion,Footwear,VAN HEUSEN,14478.92,7252.57,2.63,Yes,7178
54197,Arihant Children X 6,Books,Children Books,ARIHANT,3300.81,1851.4,4.29,Yes,8104
54198,LOreal Mens Active 1,Beauty,Mens Grooming,LOREAL,267518.1,121780.25,3.13,Yes,8769
54199,Nivia Cricket Smart 3,Sports,Cricket,NIVIA,158012.2,100008.55,2.53,No,7801
54200,Butterfly Storage Active 2,Home Kitchen,Storage,BUTTERFLY,112608.46,60257.62,2.72,Yes,8091
54201,Dabur Staples Air 6,Grocery,Staples,DABUR,55295.88,26860.99,3.34,Yes,8209
54202,Ok Play Soft Premium 3,Toys,Soft Toys,OK PLAY,41689.5,29200.89,2.99,Yes,8946
54203,Yonex Fitness Plus 7,Sports,Fitness Equipment,YONEX,846.52,465.99,3.13,Yes,8330
54204,Levis Jewellery Premium 1,Fashion,Jewellery,LEVIS,126.57,64.71,2.71,Yes,7741
54205,Pearson Biographies Flex 2,Books,Biographies,PEARSON,1574.1,641.49,3.84,Yes,7189
54206,HarperCollins Biographies Pro 3,Books,Biographies,HARPERCOLLINS,160.72,80.35,4.48,Yes,7346
54207,Healthkart Vitamins Flex 1,Health,Vitamins,HEALTHKART,2136.92,1400.62,3.15,No,7260
54208,Nestle Fruits Smart 8,Grocery,Fruits Vegetables,NESTLE,332.55,202.93,3.4,Yes,8778
54209,Zara Footwear Active 9,Fashion,Footwear,ZARA,2356.76,1289.78,4.58,No,7357
54210,H&M Watches Max 5,Fashion,Watches,H&M,338.56,182.66,3.96,Yes,7414
54211,Dabur Medical Ultra 8,Health,Medical Devices,DABUR,330.68,221.93,4.69,No,8475
54212,Dabur First Lite 7,Health,First Aid,DABUR,1024.91,501.56,3.62,Yes,7187
54213,Pearson Biographies Lite 2,Books,Biographies,PEARSON,8884.43,4442.215,4.39,Yes,8951
54214,Lenovo Mobiles X 5,Electronics,Mobiles,LENOVO,107.04,46.93,3.84,Yes,8578
54215,Lego Remote Plus 5,Toys,Remote Control,LEGO,55566.01,39384.47,4.81,Yes,7960
54216,Parle Cleaning Mini 5,Grocery,Cleaning,PARLE,946.23,553.9,3.98,Yes,8719
54217,SG Yoga Ultra 9,Sports,Yoga,SG,895.63,369.14,2.51,Yes,8673
54218,Arihant Fiction Ultra 3,Books,Fiction,ARIHANT,204863.17,121696.24,3.77,No,8129
54219,ok play Action Edge 7,Toys,Action Figures,OK PLAY,45613.21,31285.44,2.66,Yes,7897
54220,Nestle Dairy Ultra 7,Grocery,Dairy,NESTLE,9128.88,5977.68,4.32,Yes,7410
54221,HUL Personal X 2,Grocery,Personal Care,HUL,527.2,340.32,4.39,No,8143
54222,Dove Haircare Edge 3,Beauty,Haircare,DOVE,69960.63,44387.87,4.96,Yes,8498
54223,HarperCollins Non Edge 4,Books,Non Fiction,HARPERCOLLINS,6706.62,3610.33,2.77,No,8357
54224,Dabur Vitamins Smart 5,Health,Vitamins,DABUR,4655.62,3491.715,4.64,Yes,7522
54225,Nivea Haircare Smart 4,Beauty,Haircare,NIVEA,148201.92,102578.86,3.66,Yes,8884
54226,Zara Men X 2,Fashion,Unknown,ZARA,9591.3,4133.76,5.0,Yes,8568
54227,Nestle Baby Air 5,Grocery,Baby Products,NESTLE,4537.27,1851.62,3.14,Yes,8667
54228,Healthkart Ayurveda Active 2,Health,Ayurveda,HEALTHKART,1120.58,563.96,3.17,Yes,8624
54229,Van Heusen Footwear X 8,Fashion,Footwear,VAN HEUSEN,7393.09,3189.98,2.93,Yes,7660
54230,Havells Bedding Mini 3,Home Kitchen,Bedding,HAVELLS,186.18,85.81,3.11,Yes,7439
54231,tata Beverages Plus 9,Grocery,Beverages,TATA,14412.86,6261.71,2.59,Yes,7433
54232,Lego Puzzles Elite 2,Toys,Puzzles,LEGO,2664.78,1706.08,4.43,Yes,8846
54233,Britannia Snacks Plus 1,Grocery,Snacks,BRITANNIA,987.22,501.87,2.76,No,7216
54234,Under Armour Fitness Active 8,Sports,Fitness Equipment,UNDER ARMOUR,19754.54,8979.65,3.76,No,7564
54235,Borosil Cookware Air 1,Home Kitchen,Cookware,BOROSIL,725.85,505.67,3.07,No,7010
54236,Levis Sunglasses Lite 8,Fashion,Sunglasses,LEVIS,4432.62,1849.79,4.23,Yes,7809
54237,S.Chand Self Lite 2,Books,Self Help,S.CHAND,56618.92,23373.97,3.71,Yes,7011
54238,Ok Play Puzzles Max 4,Toys,Puzzles,OK PLAY,887.07,619.73,3.56,Yes,7318
54239,Oxford Biographies Premium 5,Books,Biographies,OXFORD,8770.75,5936.72,4.29,Yes,7361
54240,Bata Bags Ultra 3,Fashion,Unknown,BATA,957.43,655.09,2.98,Yes,8535
54241,Biotique Mens Pro 2,Beauty,Mens Grooming,BIOTIQUE,75753.16,38885.57,3.1,Yes,7880
54242,Castrol Car Pro 5,Automotive,Car Accessories,CASTROL,508.7,281.97,4.86,Yes,7718
54243,Biotique Fragrances Ultra 6,Beauty,Unknown,BIOTIQUE,2603.52,1730.15,4.42,Yes,8180
54244,Scholastic Academic Mini 4,Books,Academic,SCHOLASTIC,1537.41,1045.16,3.83,Yes,7974
54245,Milton Garden Smart 5,Home Kitchen,Garden,MILTON,9929.67,7135.26,3.27,Yes,8350
54246,Usha Furniture Air 5,Home Kitchen,Furniture,USHA,12831.34,8497.5,3.21,No,7046
54247,Prestige Garden Edge 6,Home Kitchen,Garden,PRESTIGE,12397.97,6705.31,4.07,Yes,8750
54248,HarperCollins Children Premium 8,Books,Children Books,HARPERCOLLINS,16868.27,9288.37,5.0,No,8536
54249,Woodland Jewellery Elite 4,Fashion,Jewellery,WOODLAND,4622.97,2488.32,4.14,Yes,7732
54250,S.Chand Children Lite 7,Books,Children Books,S.CHAND,997.37,524.18,3.77,Yes,8562
54251,HUL Dairy Active 6,Grocery,Dairy,HUL,2961.23,1332.14,4.4,Yes,7910
54252,Van Heusen Bags Edge 8,Fashion,Bags,VAN HEUSEN,180.58,116.64,2.79,Yes,7001
54253,Prestige Cookware Max 4,Home Kitchen,Cookware,PRESTIGE,1263.2,563.03,2.74,No,8937
54254,Forest Essentials Makeup Smart 3,Beauty,Makeup,FOREST ESSENTIALS,83914.1,43207.29,4.66,No,7811
54255,Vega Lubricants Flex 4,Automotive,Lubricants,VEGA,6962.43,578.35,4.52,Yes,7119
54256,Nike Sports Shoes Pro,Health,Medical Devices,HIMALAYA,223020.74,103855.67,3.66,No,8296
54257,Himalaya Medical Active 9,Health,Medical Devices,HIMALAYA,591.89,272.8,2.56,Yes,8451
54258,Decathlon Yoga Lite 3,Sports,Yoga,DECATHLON,26054.73,13174.69,3.95,Yes,7255
54259,BAJAJ Appliances Lite 6,Home Kitchen,Appliances,BAJAJ,2522.78,1724.46,3.69,Yes,7155
54260,Webby Puzzles Ultra 9,Toys,Puzzles,WEBBY,496.01,203.22,3.49,No,7150
54261,Dabur Vitamins Premium 3,Health,Vitamins,DABUR,687.89,342.22,2.54,No,7899
54262,Dove Haircare Max 6,Beauty,Haircare,DOVE,50192.59,30686.22,3.74,Yes,7856
54263,UCB Sunglasses Elite 2,Fashion,Sunglasses,UCB,11829.03,4912.17,4.07,Yes,7552
54264,Cosco Fitness Mini 4,Sports,Fitness Equipment,COSCO,797.08,345.35,3.06,Yes,7245
54265,Puma Men Ultra 1,Fashion,Men Clothing,PUMA,899.9,367.57,4.25,Yes,8812
54266,Puma Kids Ultra 4,Fashion,Kids Wear,PUMA,11736.65,7041.99,4.24,No,7785
54267,Vega Car Max 8,Automotive,Car Accessories,VEGA,505.64,290.79,3.47,Yes,8466
54268,ITC Dairy Max 1,Grocery,Dairy,ITC,817.2,463.81,4.73,Yes,8900
54269,OnePlus Gaming Air 1,Electronics,Gaming,ONEPLUS,12195.57,8157.24,4.67,Yes,8439
54270,Abbott Protein Active 5,Health,Protein,ABBOTT,3823.33,2708.2,3.11,No,7593
54271,HarperCollins Fiction Neo 8,Books,Fiction,HARPERCOLLINS,264.25,158.88,3.22,Yes,7181
54272,Noise Smartwatches Flex 1,Electronics,Smartwatches,NOISE,3600.6,2430.71,2.79,Yes,7999
54273,Bata Kids X 8,Fashion,Kids Wear,BATA,127.3,72.21,4.7,No,7739
54274,Parle Baby Flex 7,Grocery,Baby Products,PARLE,1432.91,797.66,3.38,Yes,8141
54275,Pigeon Appliances Pro 3,Home Kitchen,Appliances,PIGEON,230484.62,106036.21,3.07,No,8225
54276,Dabur Protein Air 2,Health,Protein,DABUR,261.88,126.23,2.56,No,8273
54277,Pearson Fiction Edge 6,Books,Fiction,PEARSON,6882.28,4707.3,4.09,Yes,8231
54278,Arihant Academic Plus 7,Books,Academic,ARIHANT,157.29,104.98,2.66,Yes,8631
54279,Forest Essentials Fragrances X 5,Beauty,Fragrances,FOREST ESSENTIALS,15054.19,9508.46,4.79,Yes,7910
54280,Borosil Furniture Max 5,Home Kitchen,Furniture,BOROSIL,18036.71,7564.44,3.13,Yes,8270
54281,Britannia Cleaning Elite 6,Grocery,Cleaning,BRITANNIA,63047.16,43451.62,3.03,Yes,7930
54282,TITAN Jewellery Pro 7,Fashion,Jewellery,TITAN,994.14,596.4839999999999,3.65,No,7758
54283,Havells Decor Ultra 7,Home Kitchen,Decor,HAVELLS,107418.22,46372.36,3.98,No,8866
54284,Nivia Swimming Mini 5,Sports,Swimming,NIVIA,289179.31,158210.74,2.55,Yes,8746
54285,Parle Dairy Mini 4,Grocery,Dairy,PARLE,3769.11,2020.11,3.19,Yes,7690
54286,Healthkart Vitamins Ultra 7,Health,Vitamins,HEALTHKART,378.48,263.6,2.56,Yes,8614
54287,3M Tyres Premium 3,Automotive,Tyres,3M,2676.64,1110.5,3.59,No,7811
54289,Webby Action Smart 4,Toys,Action Figures,WEBBY,4640.95,2359.34,2.96,Yes,8711
54290,Speedo Yoga Elite 4,Sports,Yoga,SPEEDO,7860.71,3245.2,4.19,No,7554
54291,Vega Tyres Elite 2,Automotive,Tyres,VEGA,791.06,447.85,4.36,No,8089
54292,Speedo Badminton Premium 1,Sports,Badminton,SPEEDO,14325.17,9691.86,4.66,Yes,7441
54293,Fisher Price Board Active 5,Toys,Board Games,FISHER PRICE,3934.74,2160.63,4.41,Yes,7859
54294,Steelbird Car Pro 5,Automotive,Car Accessories,STEELBIRD,10660.61,7243.91,4.77,No,7723
54295,Webby Educational Flex 5,Toys,Educational,WEBBY,3757.89,2525.57,2.65,Yes,8987
54296,WEBBY Board Lite 6,Toys,Board Games,WEBBY,16178.97,7898.82,3.54,No,8978
54297,Cipla Supplements Air 3,Health,Supplements,CIPLA,13160.81,6304.73,4.1,No,7936
54298,Under Armour Cycling Elite 2,Sports,Cycling,UNDER ARMOUR,2723.75,1274.11,4.0,Yes,7302
54299,Muscleblaze Supplements Lite 9,Health,Supplements,MUSCLEBLAZE,52974.21,37268.2,4.04,Yes,8415
54300,HarperCollins Fiction X 6,Books,Fiction,HARPERCOLLINS,651.76,344.11,4.67,No,7794
54301,Bata Bags Elite 6,Fashion,Bags,BATA,4710.69,2833.1,3.14,No,8711
54302,Lakme Skincare Max 3,Beauty,Skincare,LAKME,39322.87,25629.03,4.61,Yes,7492
54303,Cipla Protein Neo 6,Health,Protein,CIPLA,17606.43,8932.77,5.0,Yes,8834
54304,Asus Smartwatches X 1,Electronics,Smartwatches,ASUS,261.42,121.42,4.71,Yes,8496
54305,Acer Laptops Plus 2,Electronics,Laptops,ACER,14506.77,6277.42,4.13,Yes,7325
54306,Yonex Fitness Edge 8,Sports,Fitness Equipment,YONEX,13283.03,8905.58,2.78,No,8732
54307,Dabur First Air 4,Health,First Aid,DABUR,275.41,193.48,4.62,Yes,8162
54308,cosco Running Lite 8,Sports,Running,COSCO,281501.92,126247.55,4.53,Yes,8659
54309,Dabur Ayurveda Flex 9,Health,Ayurveda,DABUR,605.17,395.2,2.99,No,8869
54310,Lego Action Air 8,Toys,Action Figures,LEGO,575.78,360.95,4.84,Yes,7666
54311,Himalaya Ayurveda Max 5,Health,Ayurveda,HIMALAYA,7447.58,3946.32,5.0,No,8709
54312,Abbott Protein Edge 6,Health,Protein,ABBOTT,4236.64,1807.51,3.78,Yes,7314
54313,Under Armour Running Edge 8,Sports,Running,UNDER ARMOUR,4045.85,2035.55,4.8,Yes,7501
54314,Parle Snacks Flex 4,Grocery,Snacks,PARLE,663.61,422.49,3.47,Yes,8373
54315,MRF Cricket Mini 3,Sports,Cricket,MRF,1408.52,999.15,3.92,Yes,7075
54316,H&M Men Active 7,Fashion,Men Clothing,H&M,377.51,200.52,3.41,Yes,7648
54317,Muscleblaze Medical Elite 9,Health,Medical Devices,MUSCLEBLAZE,15065.58,9385.95,3.39,Yes,8527
54318,Pigeon Furniture Ultra 3,Home Kitchen,Furniture,PIGEON,363.03,218.49,3.65,Yes,8121
54319,Levis Footwear Ultra 6,Fashion,Footwear,LEVIS,142631.52,75120.35,4.77,No,8558
54320,SG Running Elite 9,Sports,Running,SG,49958.7,21774.54,4.93,No,7987
54322,Pantene Makeup Elite 2,Beauty,Makeup,PANTENE,15847.65,9554.02,3.5,Yes,7926
54323,Castrol Tools Mini 7,Automotive,Tools,CASTROL,4449.08,2496.1,3.16,No,8489
54324,Under Armour Cricket Flex 9,Sports,Cricket,UNDER ARMOUR,9904.59,4050.13,5.0,Yes,7336
54325,Woodland Sunglasses Ultra 4,Fashion,Sunglasses,WOODLAND,1315.53,851.65,3.26,No,7915
54326,hul Dairy Neo 8,Grocery,Dairy,HUL,551.03,343.95,5.0,Yes,7012
54327,Lego Educational Edge 7,Toys,Unknown,LEGO,897.67,401.88,2.84,Yes,7855
54328,PRESTIGE Storage Ultra 3,Home Kitchen,Storage,PRESTIGE,3099.52,1419.75,3.9,No,7933
54329,ITC Staples Neo 2,Grocery,Staples,ITC,252436.89,147952.98,3.52,Yes,8730
54330,Himalaya Supplements Pro 4,Health,Supplements,HIMALAYA,8122.8,5225.88,3.76,No,7264
54331,Shell Bike Lite 9,Automotive,Bike Accessories,SHELL,7201418.8,4797508.0,4.55,No,7859
54332,Amul Beverages Lite 4,Grocery,Beverages,AMUL,254.26,162.47,3.91,No,7126
54333,Butterfly Lighting Plus 5,Home Kitchen,Lighting,BUTTERFLY,13331.6,7848.98,4.94,No,7920
54334,Xiaomi Cameras Premium 4,Electronics,Cameras,XIAOMI,129641.29,53620.1,2.54,Yes,7665
54335,Prestige Cookware Premium 9,Home Kitchen,Cookware,PRESTIGE,4557.96,2152.34,4.86,Yes,7400
54336,Orient Decor Edge 9,Home Kitchen,Decor,ORIENT,55259.49,35585.47,4.73,Yes,7985
54337,Lakme Fragrances Lite 4,Beauty,Fragrances,LAKME,194331.77,84401.14,3.88,Yes,7161
54338,Vivo Cameras Active 5,Electronics,Cameras,VIVO,31535.77,22271.04,5.0,Yes,7847
54339,OnePlus Smartwatches Max 3,Electronics,Smartwatches,ONEPLUS,502.68,351.25,2.9,Yes,7293
54340,Milton Lighting Smart 1,Home Kitchen,Lighting,MILTON,4476.49,3137.57,4.33,Yes,7090
54341,Tata Cleaning Lite 9,Grocery,Cleaning,TATA,52119.31,31701.58,2.86,Yes,8315
54342,Lenovo Smartwatches Max 2,Electronics,Smartwatches,LENOVO,791.6,523.89,3.92,Yes,7938
54343,ASUS Gaming X 9,Electronics,Gaming,ASUS,247216.74,133617.65,3.15,No,8409
54344,s.chand Non Plus 3,Books,Non Fiction,S.CHAND,2049.21,1094.29,4.9,Yes,7290
54345,Gillette Haircare Edge 3,Beauty,Haircare,GILLETTE,363.68,259.44,4.95,Yes,7157
54346,Nike Sports Shoes Pro,Books,Self Help,SCHOLASTIC,126958.24,70496.88,2.52,Yes,7809
54347,Gillette Haircare X 2,Beauty,Haircare,GILLETTE,137.51,62.83,4.55,Yes,7723
54348,Philips Furniture Active 1,Home Kitchen,Furniture,PHILIPS,16659.86,8969.25,3.88,No,8476
54349,P&G Staples Neo 5,Grocery,Staples,P&G,73977.98,32197.61,4.53,Yes,7538
54350,Fast&Up Supplements Edge 9,Health,Supplements,FAST&UP,5938.65,2728.16,2.58,Yes,7178
54351,Pigeon Lighting Pro 6,Home Kitchen,Lighting,PIGEON,249434.42,142415.09,2.93,No,8750
54352,Scholastic Academic X 9,Books,Academic,SCHOLASTIC,2972.17,180.26,3.79,Yes,7871
54353,havells Garden Premium 5,Home Kitchen,Garden,HAVELLS,6141.92,2457.22,4.13,Yes,7540
54354,HUL Personal Flex 4,Grocery,Personal Care,HUL,816.92,587.08,4.13,No,8354
54355,Bosch Car Ultra 9,Automotive,Car Accessories,BOSCH,252584.17,202067.336,4.68,Yes,7676
54356,Under Armour Yoga Plus 2,Sports,Yoga,UNDER ARMOUR,9907.05,5740.36,4.65,No,7322
54357,S.Chand Academic Active 3,Books,Academic,S.CHAND,930.99,539.71,3.2,Yes,8248
54358,Michelin Car Smart 9,Automotive,Car Accessories,MICHELIN,3305.04,2348.02,4.57,No,7110
54359,OPPO Cameras Plus 6,Electronics,Cameras,OPPO,79448.06,37329.66,4.76,No,8027
54360,Mattel Remote X 9,Toys,Remote Control,MATTEL,3369.54,1751.72,2.86,No,8480
54361,Fast&Up First Smart 6,Health,First Aid,FAST&UP,4300.57,2520.3,4.36,Yes,8321
54362,Decathlon Cricket Premium 2,Sports,Cricket,DECATHLON,7849.82,4925.19,3.31,Yes,8493
54363,OPPO Tablets Ultra 5,Electronics,Tablets,OPPO,533.02,318.79,3.05,Yes,7628
54364,3M Lubricants Pro 9,Automotive,Lubricants,3M,7386.01,5280.98,3.69,Yes,7859
54366,SG Running Edge 2,Sports,Running,SG,17276.2,7886.66,3.04,No,8391
54367,Dove Haircare Edge 5,Beauty,Haircare,DOVE,27015.25,15149.2,3.08,Yes,8601
54368,Lego Educational X 8,Toys,Educational,LEGO,1680.22,680.0,4.15,Yes,7533
54369,Hasbro Puzzles Active 3,Toys,Puzzles,HASBRO,11311.83,4599.36,3.16,Yes,7545
54370,Bata Men Flex 2,Fashion,Men Clothing,BATA,17847.69,10092.25,3.69,Yes,7864
54372,Dabur Ayurveda Mini 4,Health,Ayurveda,DABUR,73319.3,47190.41,4.24,Yes,7435
54373,Tanishq Men Air 7,Fashion,Men Clothing,TANISHQ,9666.03,4062.68,3.94,No,8741
54374,Pigeon Lighting Edge 4,Home Kitchen,Lighting,PIGEON,263.68,157.36,3.66,No,7693
54375,Maybelline Mens Pro 5,Beauty,Mens Grooming,MAYBELLINE,8676.56,3832.38,2.52,Yes,8716
54376,S.Chand Fiction Premium 6,Books,Fiction,S.CHAND,4538.97,2269.485,4.36,Yes,7146
54377,Oxford Children Neo 6,Books,Children Books,OXFORD,509.44,354.24,3.91,No,7978
54378,Vega Tools Active 3,Automotive,Tools,VEGA,692.35,495.73,3.54,Yes,7698
54379,Boat Laptops Edge 7,Electronics,Laptops,BOAT,140.74,64.97,4.95,Yes,8051
54380,Orient Appliances X 8,Home Kitchen,Appliances,ORIENT,3267.12,2235.72,4.01,Yes,8860
54381,Lakme Mens X 9,Beauty,Mens Grooming,LAKME,708.11,443.97,4.34,Yes,7669
54382,Pearson Children Mini 5,Books,Children Books,PEARSON,3855.33,1722.1,2.5,Yes,8128
54383,Nikon Smartwatches Pro 2,Electronics,Smartwatches,NIKON,1420.71,695.17,4.14,Yes,8242
54384,Forest Essentials Haircare Smart 8,Beauty,Haircare,FOREST ESSENTIALS,2488.14,1074.46,4.28,Yes,8714
54385,Shell Tools Neo 6,Automotive,Tools,SHELL,60470.5,33353.29,2.84,Yes,7768
54386,Oxford Children Ultra 8,Books,Children Books,OXFORD,47775.28,20841.15,2.74,Yes,8690
54387,Pantene Haircare Mini 8,Beauty,Haircare,PANTENE,2439.27,1275.59,3.18,No,7890
54388,UCB Footwear X 3,Fashion,Footwear,UCB,36441.15,19429.24,2.53,Yes,8610
54389,JBL Cameras Smart 4,Electronics,Cameras,JBL,4832.36,3383.74,4.33,Yes,8377
54390,Vega Lubricants Lite 1,Automotive,Lubricants,VEGA,4385.8,3013.9,3.33,Yes,8074
54391,Pantene Fragrances Pro 2,Beauty,Fragrances,PANTENE,329.78,192.02,3.4,No,8952
54392,Yonex Cycling Elite 9,Sports,Cycling,YONEX,18418.9,7593.96,4.69,Yes,8010
54393,Cosco Yoga X 3,Sports,Yoga,COSCO,531.04,250.02,2.83,Yes,8526
54394,Penguin Fiction Smart 7,Books,Fiction,PENGUIN,13743.55,6232.05,4.59,Yes,7849
54395,Usha Garden Pro 2,Home Kitchen,Garden,USHA,6301.29,2581.01,5.0,No,8652
54396,Shell Tools Neo 6,Automotive,Tools,SHELL,5915.35,3369.38,2.76,Yes,7967
54397,Oxford Academic Plus 2,Books,Academic,OXFORD,18044.71,11619.97,3.68,Yes,7968
54398,bosch Lubricants Active 2,Automotive,Lubricants,BOSCH,218199.04,113685.94,3.25,Yes,7743
54399,Speedo Running Lite 4,Sports,Running,SPEEDO,16097.79,8687.13,4.31,Yes,8084
54400,Oxford Non Edge 2,Books,Non Fiction,OXFORD,184.42,83.5,4.81,Yes,7265
54401,Asus Cameras Plus 7,Electronics,Cameras,ASUS,683.48,468.02,3.59,Yes,7028
54402,Steelbird Tyres Edge 5,Automotive,Tyres,STEELBIRD,2372.58,1015.5,3.25,Yes,7881
54403,Shell Bike Ultra 9,Automotive,Bike Accessories,SHELL,105565.16,62317.45,4.6,Yes,7799
54404,Boat Mobiles Pro 6,Electronics,Mobiles,BOAT,2557.37,1105.07,4.29,Yes,8169
54405,Michelin Tyres Elite 3,Automotive,Tyres,MICHELIN,11122.87,5283.51,3.39,Yes,8306
54406,SG Fitness Flex 2,Sports,Fitness Equipment,SG,43413.29,29168.45,3.25,Yes,7879
54407,Gillette Haircare Plus 3,Beauty,Haircare,GILLETTE,7391654.77,5217836.74,4.77,Yes,8735
54408,Maybelline Fragrances Neo 3,Beauty,Fragrances,MAYBELLINE,60741.28,39013.5,2.65,No,7068
54409,Reebok Yoga Active 3,Sports,Yoga,REEBOK,566.63,258.82,4.88,No,8963
54410,Penguin Self Mini 4,Books,Unknown,PENGUIN,2410.87,1190.84,3.08,Yes,7754
54411,JBL Smartwatches Max 9,Electronics,Smartwatches,JBL,6474.78,4040.25,3.27,Yes,8568
54412,Nestle Cleaning Mini 9,Grocery,Cleaning,NESTLE,74210.18,50683.05,3.33,Yes,7802
54413,Funskool Soft Ultra 6,Toys,Soft Toys,FUNSKOOL,6452.5,3751.92,3.23,No,7715
54414,Steelbird Car Elite 1,Automotive,Car Accessories,STEELBIRD,335.97,168.76,4.62,No,8943
54415,Arihant Self X 7,Books,Self Help,ARIHANT,3818.91,2435.21,4.55,Yes,7719
54416,Maybelline Haircare Active 8,Beauty,Haircare,MAYBELLINE,17663.42,11193.02,2.94,Yes,8930
54417,Gillette Fragrances Pro 8,Beauty,Fragrances,GILLETTE,833.82,523.33,2.84,No,8752
54418,Fisher Price Board Smart 6,Toys,Board Games,FISHER PRICE,54210.83,26145.64,4.43,Yes,7663
54419,Pigeon Cookware X 2,Home Kitchen,Cookware,PIGEON,38733.84,25683.96,2.51,Yes,7583
54420,Mattel Puzzles Smart 8,Toys,Puzzles,MATTEL,127.23,67.42,4.38,Yes,7543
54421,Fisher Price Board Air 4,Toys,Board Games,FISHER PRICE,362.98,225.33,2.8,Yes,8529
54422,Realme Tablets Edge 1,Electronics,Tablets,REALME,2665.23,1568.85,4.61,Yes,7387
54423,Nestle Personal Flex 5,Grocery,Personal Care,NESTLE,7156.22,3609.71,3.06,Yes,8189
54424,Hasbro Action Max 1,Toys,Action Figures,HASBRO,204.92,118.3,4.37,Yes,7519
54425,Webby Puzzles Active 6,Toys,Puzzles,WEBBY,651.27,423.81,4.9,No,7067
54426,Lego Puzzles Ultra 2,Toys,Puzzles,LEGO,3271.49,2064.68,2.59,Yes,7719
54427,Muscleblaze Vitamins X 1,Health,Vitamins,MUSCLEBLAZE,680.56,444.22,2.84,Yes,8031
54428,PATANJALI Snacks Mini 1,Grocery,Snacks,PATANJALI,155495.69,62215.79,4.86,Yes,7593
54429,Maybelline Mens Elite 7,Beauty,Mens Grooming,MAYBELLINE,32716.58,20077.3,2.7,No,7418
54430,Shell Bike X 3,Automotive,Bike Accessories,SHELL,62598.43,28075.0,4.72,Yes,8928
54431,JBL Accessories Pro 8,Electronics,Accessories,JBL,306.39,208.26,3.54,No,7673
54433,Scholastic Fiction Neo 5,Books,Fiction,SCHOLASTIC,12608.33,6925.18,3.53,Yes,8811
54434,Dove Makeup Air 9,Beauty,Makeup,DOVE,14282.24,5947.88,4.46,No,8616
54435,Bajaj Storage Pro 8,Home Kitchen,Storage,BAJAJ,479.94,245.81,4.24,Yes,8323
54436,Abbott Supplements Neo 6,Health,Supplements,ABBOTT,4236.65,1984.64,3.83,Yes,7761
54437,Reebok Fitness Edge 7,Sports,Fitness Equipment,REEBOK,534.97,374.479,3.73,Yes,8537
54438,Webby Soft Plus 4,Toys,Soft Toys,WEBBY,1808.39,1033.41,2.9,No,8432
54439,Shell Bike Pro 2,Automotive,Bike Accessories,SHELL,411.94,287.51,4.12,Yes,8297
54440,Michelin Bike Premium 6,Automotive,Bike Accessories,MICHELIN,34576.15,19851.59,4.06,Yes,8023
54441,Britannia Fruits Plus 4,Grocery,Fruits Vegetables,BRITANNIA,15634.09,7205.78,3.18,Yes,8015
54442,Nike Sports Shoes Pro,Health,Vitamins,MUSCLEBLAZE,483.83,343.4,2.72,Yes,7366
54443,Lego Puzzles Elite 6,Toys,Puzzles,LEGO,23026.95,9723.02,3.92,Yes,7343
54444,Butterfly Furniture Ultra 7,Home Kitchen,Furniture,BUTTERFLY,5761.12,3215.45,4.97,Yes,7777
54445,Healthkart Protein Ultra 7,Health,Protein,HEALTHKART,890.46,461.04,3.5,Yes,7520
54446,OnePlus Accessories Flex 6,Electronics,Accessories,ONEPLUS,16858.35,10782.01,4.37,Yes,7175
54447,Healthkart Ayurveda Ultra 9,Health,Ayurveda,HEALTHKART,8749.75,3911.88,4.41,Yes,8540
54448,Havells Appliances Pro 5,Home Kitchen,Appliances,HAVELLS,4020.87,1664.91,3.67,Yes,8789
54449,Yonex Cricket Neo 7,Sports,Cricket,YONEX,55007.97,31280.57,3.33,No,7627
54450,Dove Makeup Max 3,Beauty,Makeup,DOVE,4726.14,1953.54,2.62,Yes,8191
54451,Forest Essentials Fragrances Max 2,Beauty,Fragrances,FOREST ESSENTIALS,6126.44,3982.1859999999997,3.72,Yes,8195
54452,Usha Bedding Plus 6,Home Kitchen,Bedding,USHA,39192.66,24094.32,2.52,Yes,7720
54453,Webby Action Smart 4,Toys,Action Figures,WEBBY,182.91,118.89150000000001,2.94,No,7494
54454,Borosil Cookware Ultra 8,Home Kitchen,Cookware,BOROSIL,714.12,436.0,3.23,Yes,8534
54455,Dabur First X 1,Health,First Aid,DABUR,18398.39,13798.7925,4.55,Yes,7119
54456,Castrol Tyres Max 2,Automotive,Tyres,CASTROL,4975.01,3448.75,3.82,Yes,8320
54457,Nestle Fruits Active 1,Grocery,Fruits Vegetables,NESTLE,1103.17,538.52,3.8,No,7850
54458,Yonex Running Lite 4,Sports,Running,YONEX,337.09,198.97,4.88,Yes,8634
54459,3M Car Mini 2,Automotive,Car Accessories,3M,1794.62,844.62,3.02,Yes,8242
54460,Realme Mobiles Smart 1,Electronics,Mobiles,REALME,803.48,448.47,3.79,No,8540
54461,SG Yoga Neo 5,Sports,Yoga,SG,7662.84,4553.06,4.31,Yes,7539
54462,Steelbird Lubricants Ultra 5,Automotive,Lubricants,STEELBIRD,2086.31,894.24,2.74,No,8512
54463,UCB Jewellery Pro 4,Fashion,Jewellery,UCB,76098.34,37400.74,2.55,No,7611
54464,Borosil Furniture Max 8,Home Kitchen,Furniture,BOROSIL,52461.36,33062.77,3.32,Yes,7706
54465,Nike Sports Shoes Pro,Fashion,Bags,ZARA,618.52,431.28,4.56,Yes,8122
54466,HarperCollins Fiction Ultra 7,Books,Fiction,HARPERCOLLINS,2894.41,1621.5,3.17,Yes,7113
54467,Shell Bike Ultra 8,Automotive,Bike Accessories,SHELL,763.59,420.28,4.18,Yes,8800
54468,Usha Storage Neo 5,Home Kitchen,Storage,USHA,1688.4,790.23,2.92,Yes,8954
54469,Dabur Snacks Neo 5,Grocery,Snacks,DABUR,2885.93,1253.39,4.1,Yes,7947
54470,Vivo Tablets Mini 3,Electronics,Tablets,VIVO,18863.96,7993.8,4.06,Yes,8174
54471,MRF Cycling Elite 8,Sports,Cycling,MRF,433.9,207.42,4.23,Yes,7500
54472,Van Heusen Kids Pro 1,Fashion,Kids Wear,VAN HEUSEN,194169.53,84662.4,4.12,Yes,8771
54473,REEBOK Cricket Ultra 4,Sports,Cricket,REEBOK,435.49,257.52,4.69,Yes,8589
54474,nestle Snacks Edge 7,Grocery,Snacks,NESTLE,555.71,283.06,3.23,Yes,7057
54475,S.Chand Children Ultra 3,Books,Children Books,S.CHAND,114626.53,81993.64,4.64,No,8496
54476,Scholastic Academic Mini 7,Books,Academic,SCHOLASTIC,1224.18,627.12,3.81,Yes,8205
54477,HarperCollins Biographies Mini 8,Books,Biographies,HARPERCOLLINS,8840.67,5003.0,4.48,Yes,7746
54478,Dabur Ayurveda Ultra 4,Health,Ayurveda,DABUR,3636.37,1652.99,3.07,Yes,8801
54479,Acer Mobiles Flex 8,Electronics,Unknown,ACER,3165.0,2141.14,5.0,Yes,8439
54480,Apple Laptops X 6,Electronics,Laptops,APPLE,2395.75,1166.95,3.68,Yes,7054
54481,H&M Footwear Smart 4,Fashion,Footwear,H&M,975.47,633.43,3.6,Yes,7494
54482,Pantene Fragrances Premium 2,Beauty,Fragrances,PANTENE,137.34,86.39,4.21,Yes,8758
54483,Apple Gaming Active 8,Electronics,Gaming,APPLE,845.19,587.62,2.76,Yes,8812
54484,Nivia Badminton Elite 6,Sports,Badminton,NIVIA,58311.15,36259.47,2.97,Yes,8803
54485,Webby Action Neo 2,Toys,Action Figures,WEBBY,63034.51,37088.21,2.75,Yes,8351
54486,Funskool Soft Neo 8,Toys,Soft Toys,FUNSKOOL,17282.61,11732.26,4.04,No,8683
54487,HUL Snacks X 4,Grocery,Snacks,HUL,737.83,490.55,4.76,Yes,7650
54488,Michelin Tyres Neo 3,Automotive,Tyres,MICHELIN,77649.0,49272.81,3.32,No,7982
54489,Vega Bike X 1,Automotive,Bike Accessories,VEGA,5729.7,3383.53,3.61,No,8182
54490,Dabur First Smart 1,Health,First Aid,DABUR,2986.17,1223.78,3.34,Yes,8192
54491,Cipla Medical Premium 9,Health,Medical Devices,CIPLA,272.89,159.0,4.62,Yes,7056
54492,Nestle Dairy Neo 4,Grocery,Dairy,NESTLE,746.61,528.73,4.61,No,7844
54493,Funskool Puzzles Air 8,Toys,Puzzles,FUNSKOOL,224.39,117.38,3.43,Yes,8506
54494,Steelbird Lubricants Active 7,Automotive,Lubricants,STEELBIRD,350.1,204.05,4.53,Yes,8331
54495,Arihant Academic Premium 5,Books,Academic,ARIHANT,2864.99,1270.95,4.52,No,8987
54496,Bosch Bike Elite 8,Automotive,Bike Accessories,BOSCH,10003.81,6829.81,3.37,No,8650
54497,Realme Mobiles Max 4,Electronics,Mobiles,REALME,96559.19,61724.82,2.71,Yes,7269
54498,Oxford Biographies Air 2,Books,Biographies,OXFORD,868.52,442.1,4.24,Yes,8385
54499,Penguin Self Plus 5,Books,Self Help,PENGUIN,43359.33,25597.19,2.77,Yes,8145
54501,Lego Action Premium 7,Toys,Action Figures,LEGO,148.08,60.38,4.94,Yes,8534
54502,Abbott Protein Premium 4,Health,Protein,ABBOTT,373.75,184.68,3.22,Yes,7313
54503,Shell Bike Max 8,Automotive,Bike Accessories,SHELL,14417.12,8923.86,2.96,No,8094
54504,Butterfly Garden Elite 2,Home Kitchen,Garden,BUTTERFLY,1182.26,827.582,3.77,Yes,7624
54506,Steelbird Car Flex 7,Automotive,Car Accessories,STEELBIRD,9482.16,5088.47,4.52,No,8966
54507,Tata Personal Elite 6,Grocery,Personal Care,TATA,822.02,413.2,4.23,No,7958
54508,Muscleblaze First Premium 1,Health,First Aid,MUSCLEBLAZE,29472.49,19334.17,4.79,Yes,8360
54509,Patanjali Staples Active 5,Grocery,Staples,PATANJALI,773.72,419.79,2.61,Yes,8684
54510,Biotique Mens Lite 3,Beauty,Mens Grooming,BIOTIQUE,48643.93,23852.26,4.76,Yes,8448
54511,parle Baby Neo 9,Grocery,Baby Products,PARLE,763.08,431.76,3.3,No,8497
54512,S.Chand Academic Edge 8,Books,Academic,S.CHAND,10670.63,6127.46,4.39,Yes,7866
54513,Puma Men Lite 3,Fashion,Men Clothing,PUMA,144271.85,73406.55,3.47,Yes,8948
54514,Abbott Medical Plus 7,Health,Medical Devices,ABBOTT,3988.02,2512.19,2.73,Yes,8193
54515,Patanjali Baby Pro 4,Grocery,Baby Products,PATANJALI,1544.57,646.23,4.48,Yes,8127
54516,Bosch Tyres Premium 9,Automotive,Tyres,BOSCH,1133.57,507.12,3.91,Yes,8123
54517,Arihant Children Smart 9,Books,Children Books,ARIHANT,245.9,112.22,4.55,Yes,7421
54518,Abbott Protein Lite 4,Health,Protein,ABBOTT,712.37,345.24,2.75,No,8378
54519,HP Smartwatches Mini 9,Electronics,Smartwatches,HP,218.38,116.26,3.76,Yes,8922
54520,cosco Running Plus 7,Sports,Running,COSCO,11061.84,5081.96,3.23,Yes,7526
54521,3M Tools Plus 9,Automotive,Tools,3M,8030.34,3670.33,2.58,Yes,8767
54522,HUL Dairy Ultra 4,Grocery,Dairy,HUL,16944.03,12056.98,3.4,No,7400
54523,S.Chand Biographies Plus 1,Books,Biographies,S.CHAND,67412.62,44878.07,2.65,Yes,8332
54524,Shell Tools Smart 8,Automotive,Tools,SHELL,6140.7,1197.51,4.43,Yes,8391
54525,Michelin Lubricants X 5,Automotive,Lubricants,MICHELIN,61673.48,30689.32,2.7,Yes,7460
54526,sony Laptops Edge 3,Electronics,Laptops,SONY,130.8,86.09,3.14,Yes,7407
54527,Titan Bags Mini 8,Fashion,Bags,TITAN,136451.95,68138.79,3.96,Yes,8973
54528,Bosch Bike Premium 8,Automotive,Bike Accessories,BOSCH,102139.78,69834.95,4.02,Yes,8737
54529,Webby Puzzles Lite 5,Toys,Puzzles,WEBBY,26479.87,11198.77,4.25,No,7978
54530,Pigeon Bedding Elite 8,Home Kitchen,Unknown,PIGEON,41257.72,20786.78,2.77,Yes,8109
54531,Acer Tablets Plus 9,Electronics,Tablets,ACER,193.44,82.58,3.7,Yes,8700
54532,Maybelline Haircare Smart 8,Beauty,Haircare,MAYBELLINE,804.76,412.35,4.16,Yes,7442
54533,Arihant Fiction Plus 1,Books,Fiction,ARIHANT,13802.6,9346.95,3.06,Yes,8924
54534,Noise Mobiles Plus 5,Electronics,Mobiles,NOISE,39605.55,21885.38,4.7,No,8721
54535,Maybelline Mens Elite 4,Beauty,Mens Grooming,MAYBELLINE,356.1,143.8,4.94,Yes,7341
54536,pearson Non Max 1,Books,Non Fiction,PEARSON,168050.13,69398.32,4.95,No,7645
54537,Funskool Board Elite 8,Toys,Board Games,FUNSKOOL,526.64,354.95,4.97,Yes,8129
54538,Webby Action Premium 9,Toys,Action Figures,WEBBY,1475.75,796.36,4.31,Yes,8367
54539,Nivia Swimming Active 5,Sports,Swimming,NIVIA,633.59,308.12,3.93,Yes,8059
54540,Abbott Protein Neo 3,Health,Protein,ABBOTT,64068.83,37686.7,2.89,No,8022
54541,Shell Lubricants Edge 4,Automotive,Lubricants,SHELL,17053.96,8750.42,3.63,Yes,7469
54542,Van Heusen Men Edge 8,Fashion,Men Clothing,VAN HEUSEN,254.36,179.06,4.31,No,8496
54543,Pearson Biographies Flex 5,Books,Biographies,PEARSON,572.95,386.53,3.76,No,7589
54544,Steelbird Lubricants X 3,Automotive,Lubricants,STEELBIRD,2850.81,1958.29,2.52,Yes,7107
54545,Yonex Cycling X 2,Sports,Cycling,YONEX,698.28,366.78,2.53,Yes,7362
54546,Ok Play Action Ultra 2,Toys,Action Figures,OK PLAY,3649.43,1607.68,4.88,Yes,8136
54547,Speedo Cycling Lite 9,Sports,Cycling,SPEEDO,752.42,375.37,3.04,Yes,8037
54548,HarperCollins Biographies Edge 7,Books,Biographies,HARPERCOLLINS,17146.94,9276.79,3.46,Yes,8584
54549,Fast&Up Supplements Air 8,Health,Unknown,FAST&UP,420.49,222.94,4.97,Yes,7759
54550,Patanjali Snacks Max 2,Grocery,Snacks,PATANJALI,2446.6,1705.23,3.83,Yes,7801
54551,OnePlus Headphones Lite 2,Electronics,Headphones,ONEPLUS,173.62,96.18,2.63,No,8429
54552,Nivia Cricket Pro 5,Sports,Cricket,NIVIA,235420.53,166588.81,3.57,Yes,7873
54553,Parle Snacks Neo 8,Grocery,Snacks,PARLE,13341.92,8959.83,2.62,Yes,8353
54554,Dove Fragrances Active 6,Beauty,Fragrances,DOVE,795.59,353.87,4.3,Yes,7088
54555,Yonex Badminton Neo 8,Sports,Badminton,YONEX,8069.24,3997.71,3.5,No,8809
54556,Bajaj Decor X 5,Home Kitchen,Decor,BAJAJ,124126.52,89251.59,2.95,Yes,8788
54557,Peter England Kids X 5,Fashion,Kids Wear,PETER ENGLAND,14399.05,9279.28,3.5,Yes,7424
54558,Vivo Gaming Flex 7,Electronics,Gaming,VIVO,4239.27,2940.43,3.4,Yes,7141
54559,Lakme Mens Lite 1,Beauty,Mens Grooming,LAKME,2317.96,1190.15,4.14,Yes,8266
54560,Peter England Men Edge 8,Fashion,Men Clothing,PETER ENGLAND,567.47,315.07,4.39,Yes,8724
54561,MRF Badminton Plus 5,Sports,Badminton,MRF,53546.59,25681.04,4.39,Yes,8487
54562,Pearson Biographies Lite 6,Books,Biographies,PEARSON,398.39,236.23,4.68,Yes,9000
54563,Fisher Price Board Elite 1,Toys,Board Games,FISHER PRICE,689.24,334.78,4.9,No,7332
54564,Healthkart Ayurveda Air 9,Health,Ayurveda,HEALTHKART,6934.96,4493.88,3.17,Yes,8878
54565,Maybelline Skincare Plus 7,Beauty,Skincare,MAYBELLINE,6238.04,2818.19,4.94,No,8982
54566,Fisher Price Educational Max 8,Toys,Educational,FISHER PRICE,70061.71,34035.74,3.17,Yes,8655
54567,SG Running Max 1,Sports,Running,SG,5988.11,2516.21,3.43,No,8994
54568,HarperCollins Biographies Air 2,Books,Biographies,HARPERCOLLINS,7814.1,4013.06,4.17,Yes,8609
54569,Dabur Baby Edge 3,Grocery,Baby Products,DABUR,548.02,237.27,3.99,Yes,8919
54570,HarperCollins Academic Air 3,Books,Academic,HARPERCOLLINS,3686.6,2144.48,3.9,Yes,7314
54571,Nikon Smart X 5,Electronics,Smart Tvs,NIKON,10007.45,5419.52,3.26,Yes,8705
54572,Scholastic Biographies X 2,Books,Biographies,SCHOLASTIC,31838.48,15722.5,3.2,Yes,8661
54573,HarperCollins Self Plus 6,Books,Self Help,HARPERCOLLINS,1271.58,826.28,3.59,No,7400
54574,MRF Badminton X 1,Sports,Badminton,MRF,633.75,287.17,3.51,Yes,8451
54575,SG Cycling Smart 6,Sports,Cycling,SG,11742.78,5348.42,4.51,Yes,8842
54576,Dove Fragrances Flex 6,Beauty,Fragrances,DOVE,815.99,419.49,2.59,No,8091
54577,Levis Bags Max 9,Fashion,Bags,LEVIS,862.11,616.77,2.62,Yes,7930
54578,MRF Cycling Flex 2,Sports,Cycling,MRF,10734.95,5531.87,3.0,Yes,8410
54579,Decathlon Badminton Lite 9,Sports,Badminton,DECATHLON,289917.83,158820.64,4.25,Yes,7242
54580,Levis Men Plus 9,Fashion,Men Clothing,LEVIS,4651.765,1628.18,4.36,Yes,8026
54581,Fisher Price Educational Mini 4,Toys,Educational,FISHER PRICE,17136.06,7223.63,2.97,Yes,8918
54582,Webby Remote X 8,Toys,Remote Control,WEBBY,39170.73,24756.91,4.82,Yes,8703
54583,Pearson Children Elite 5,Books,Children Books,PEARSON,6544.5,3189.83,4.72,Yes,8725
54584,Fisher Price Board Neo 1,Toys,Unknown,FISHER PRICE,23654.25,13953.05,4.2,Yes,7763
54585,Vega Tyres Ultra 2,Automotive,Unknown,VEGA,77196.87,55326.02,4.86,Yes,7534
54586,Penguin Academic Neo 5,Books,Academic,PENGUIN,123630.49,60970.29,2.74,Yes,7496
54587,Borosil Garden Plus 7,Home Kitchen,Garden,BOROSIL,896.27,527.18,4.22,Yes,8665
54588,Nivia Yoga Neo 1,Sports,Yoga,NIVIA,4251.94,3051.73,4.95,Yes,8620
54589,Nivia Running Air 8,Sports,Running,NIVIA,2934.88,1647.52,2.59,No,7483
54590,SG Badminton Lite 2,Sports,Badminton,SG,4829.19,2210.64,4.78,Yes,8045
54591,3M Tyres Flex 1,Automotive,Unknown,3M,3765.93,2303.49,2.95,Yes,7329
54592,Reebok Running Mini 4,Sports,Running,REEBOK,1411.76,1014.48,4.15,Yes,7777
54593,Apple Gaming Air 3,Electronics,Gaming,APPLE,2052.88,1290.12,4.14,Yes,8759
54594,Butterfly Storage Neo 9,Home Kitchen,Storage,BUTTERFLY,66310.39,28471.07,4.81,Yes,7477
54595,Orient Cookware Active 9,Home Kitchen,Cookware,ORIENT,5337.93,2608.42,2.86,Yes,8589
54596,Amul Personal Smart 9,Grocery,Personal Care,AMUL,7511.62,3574.04,4.21,No,7190
54597,Peter England Bags Max 4,Fashion,Bags,PETER ENGLAND,102.33,58.57,3.84,No,7363
54598,Ok Play Soft Flex 6,Toys,Soft Toys,OK PLAY,15426.51,8494.16,4.64,Yes,8001
54599,Acer Cameras Plus 8,Electronics,Cameras,ACER,68586.1,37963.13,3.56,No,7060
54600,Bajaj Storage Edge 6,Home Kitchen,Storage,BAJAJ,240.02,162.54,2.76,Yes,8205
54601,Mattel Board Plus 2,Toys,Board Games,MATTEL,31643.01,21425.75,4.39,Yes,7163
54602,Patanjali Personal Active 4,Grocery,Personal Care,PATANJALI,2165.62,1254.78,3.58,Yes,7017
54603,Mattel Action Plus 8,Toys,Action Figures,MATTEL,9715.31,4889.12,4.78,Yes,8819
54604,Forest Essentials Skincare Max 2,Beauty,Skincare,FOREST ESSENTIALS,989.49,447.72,4.28,Yes,8208
54605,Usha Lighting Neo 5,Home Kitchen,Lighting,USHA,46153.84,23467.08,3.46,No,7528
54606,Castrol Car Premium 7,Automotive,Car Accessories,CASTROL,772.09,342.82,2.5,No,8397
54607,Dabur First Smart 8,Health,First Aid,DABUR,702.19,397.59,5.0,Yes,7421
54608,Dabur Ayurveda X 8,Health,Ayurveda,DABUR,4596.27,2149.65,4.15,Yes,8405
54609,Funskool Soft X 4,Toys,Soft Toys,FUNSKOOL,13541.8,5718.72,3.91,Yes,8641
54610,Dabur Ayurveda X 1,Health,Ayurveda,DABUR,4285.89,2075.89,2.88,Yes,7859
54611,Lego Puzzles X 2,Toys,Puzzles,LEGO,11463.63,5092.87,3.69,Yes,8160
54612,Parle Staples Flex 2,Grocery,Staples,PARLE,22438.4,15757.24,3.52,Yes,7876
54613,Biotique Makeup Pro 6,Beauty,Makeup,BIOTIQUE,2439.6,1237.66,4.94,Yes,8826
54614,Nivea Haircare Flex 1,Beauty,Haircare,NIVEA,28992.1,17418.21,4.23,Yes,7911
54615,pigeon Storage Active 6,Home Kitchen,Storage,PIGEON,34462.29,15978.51,2.81,Yes,7440
54616,Himalaya Supplements Edge 8,Health,Supplements,HIMALAYA,8746.72,3797.03,4.3,Yes,7901
54617,Funskool Board Smart 5,Toys,Board Games,FUNSKOOL,602.14,266.9,3.46,Yes,8946
54618,MILTON Appliances Lite 7,Home Kitchen,Unknown,MILTON,834.23,498.59,4.29,Yes,8806
54619,Noise Smart Mini 7,Electronics,Smart Tvs,NOISE,446.8,190.72,4.08,No,7561
54620,Boat Rockerz 550,Health,First Aid,HIMALAYA,2371.32,1644.58,4.35,Yes,7858
54621,Philips Bedding Pro 8,Home Kitchen,Bedding,PHILIPS,483.6,257.29,4.31,Yes,7105
54622,LAKME Makeup Smart 8,Beauty,Makeup,LAKME,3184.53,2162.66,3.56,No,8064
54623,Samsung Mobiles Active 3,Electronics,Mobiles,SAMSUNG,57531.23,35759.3,2.78,Yes,7948
54624,Nivia Swimming Neo 7,Sports,Swimming,NIVIA,7016.55,3609.85,3.14,No,8782
54625,UCB Footwear X 1,Fashion,Footwear,UCB,226832.01,140857.19,4.08,Yes,8079
54627,3M Lubricants Mini 8,Automotive,Lubricants,3M,8497.2,3407.94,4.04,No,7023
54628,Abbott Supplements Ultra 9,Health,Supplements,ABBOTT,462.29,236.8,4.15,Yes,7753
54629,Bajaj Bedding Elite 3,Home Kitchen,Bedding,BAJAJ,18771.14,12815.41,4.59,Yes,8504
54630,Boat Smart Pro 4,Electronics,Smart Tvs,BOAT,503.12,284.85,4.2,Yes,8038
54631,ITC Baby Plus 4,Grocery,Baby Products,ITC,938.93,562.35,4.44,Yes,7642
54632,Louis Philippe Kids Mini 5,Fashion,Kids Wear,LOUIS PHILIPPE,745.39,526.75,3.27,No,8635
54633,P&G Staples Ultra 2,Grocery,Staples,P&G,24722.52,13165.01,4.13,Yes,8211
54634,Scholastic Biographies Mini 2,Books,Biographies,SCHOLASTIC,15103.81,9311.6,4.89,No,8946
54635,Boat Cameras Neo 7,Electronics,Cameras,BOAT,830.04,483.85,2.54,No,8742
54636,Cosco Yoga Mini 2,Sports,Unknown,COSCO,3095.4,1294.04,4.7,No,8515
54637,Havells Furniture Neo 4,Home Kitchen,Furniture,HAVELLS,699.4,439.43,2.99,Yes,8398
54638,Woodland Watches Neo 1,Fashion,Watches,WOODLAND,11750.01,7611.64,3.29,Yes,7698
54639,Penguin Self Air 5,Books,Self Help,PENGUIN,10095.63,5470.78,3.31,Yes,8194
54640,Biotique Makeup Premium 6,Beauty,Makeup,BIOTIQUE,387.31,216.67,3.95,Yes,7051
54641,ITC Dairy Max 1,Grocery,Dairy,ITC,408.61,164.99,4.25,Yes,8639
54642,SG Running Air 6,Sports,Running,SG,135081.58,66995.96,4.33,Yes,7609
54643,PETER ENGLAND Jewellery Air 5,Fashion,Jewellery,PETER ENGLAND,393.38,220.26,3.26,No,8631
54644,Lakme Makeup Max 1,Beauty,Makeup,LAKME,254850.36,165936.28,3.24,Yes,8755
54645,Dabur Medical Edge 3,Health,Medical Devices,DABUR,2603.43,1095.81,4.19,No,7107
54646,LOreal Mens Flex 6,Beauty,Mens Grooming,LOREAL,2317.4,1584.35,3.97,No,8803
54647,Xiaomi Gaming Lite 7,Electronics,Gaming,XIAOMI,11047.9,6821.6,4.59,Yes,7403
54648,Levis Footwear Premium 3,Fashion,Footwear,LEVIS,71734.07,32165.17,4.05,Yes,7790
54649,Bosch Bike Premium 7,Automotive,Bike Accessories,BOSCH,947.37,670.85,4.46,Yes,8237
54650,HUL Cleaning Neo 8,Grocery,Cleaning,HUL,134267.29,93021.15,4.58,Yes,7362
54651,SG Swimming Air 4,Sports,Swimming,SG,1603.81,827.55,4.61,Yes,7093
54652,Orient Lighting X 9,Home Kitchen,Lighting,ORIENT,212.75,125.66,3.03,Yes,8758
54653,Lego Soft Premium 2,Toys,Soft Toys,LEGO,907.84,553.87,4.94,Yes,7067
54654,Havells Cookware Lite 7,Home Kitchen,Cookware,HAVELLS,16258.32,11209.71,3.88,Yes,8049
54655,Bosch Lubricants Flex 7,Automotive,Lubricants,BOSCH,68668.35,29819.68,3.86,Yes,7017
54656,Pigeon Lighting Active 3,Home Kitchen,Lighting,PIGEON,79243.13,41455.91,4.84,Yes,7062
54657,abbott First Pro 7,Health,First Aid,ABBOTT,6066.82,3809.2,3.29,Yes,7424
54658,Patanjali Personal Air 9,Grocery,Personal Care,PATANJALI,43721.48,18774.74,4.0,No,7007
54659,Decathlon Cricket Active 1,Sports,Cricket,DECATHLON,39597.57,26641.13,4.53,Yes,8034
54660,Nivia Fitness Plus 5,Sports,Fitness Equipment,NIVIA,609.93,294.26,4.62,Yes,7221
54661,MRF Swimming Max 7,Sports,Swimming,MRF,2405.94,999.82,2.79,Yes,7662
54662,Tanishq Watches Max 7,Fashion,Watches,TANISHQ,5145.55,2994.3,2.64,No,7516
54663,Woodland Jewellery Air 5,Fashion,Jewellery,WOODLAND,3633.46,1675.36,2.57,No,8373
54664,Pearson Fiction Smart 3,Books,Fiction,PEARSON,173429.44,80999.75,2.86,Yes,8872
54665,Zara Kids Max 2,Fashion,Kids Wear,ZARA,64916.67,40324.92,3.41,Yes,8264
54666,Woodland Watches Flex 7,Fashion,Watches,WOODLAND,1086.18,470.17,3.94,No,7667
54667,Nivea Makeup Max 4,Beauty,Makeup,NIVEA,481.89,257.18,3.71,Yes,7188
54668,Parle Snacks Elite 1,Grocery,Snacks,PARLE,44086.62,31460.64,3.66,Yes,7950
54669,dabur Baby Max 8,Grocery,Baby Products,DABUR,2829.58,1794.46,4.7,Yes,7673
54670,Louis Philippe Kids Elite 6,Fashion,Kids Wear,LOUIS PHILIPPE,53953.39,21687.9,3.82,Yes,7772
54671,Lakme Makeup Elite 1,Beauty,Makeup,LAKME,356.63,195.96,3.47,Yes,8960
54672,Arihant Fiction Elite 9,Books,Fiction,ARIHANT,67149.8,45614.59,4.1,Yes,7988
54673,Tata Staples Flex 7,Grocery,Staples,TATA,31986.42,16465.98,3.39,No,8030
54674,Shell Lubricants Ultra 3,Automotive,Unknown,SHELL,1347.35,914.7,2.65,Yes,7555
54675,SG Yoga Pro 4,Sports,Yoga,SG,100.64,46.57,4.52,No,7855
54676,Decathlon Badminton Lite 1,Sports,Badminton,DECATHLON,9335.28,5397.02,4.33,Yes,7848
54677,Philips Storage Ultra 8,Home Kitchen,Storage,PHILIPS,78165.86,44385.18,2.76,Yes,7992
54678,Cipla Protein Smart 3,Health,Protein,CIPLA,221.22,111.4,4.34,Yes,8090
54679,Castrol Car Air 3,Automotive,Car Accessories,CASTROL,897.23,628.82,4.31,Yes,7095
54680,Yonex Yoga Air 7,Sports,Yoga,YONEX,77036.26,49638.83,4.05,Yes,7451
54681,Borosil Storage Max 3,Home Kitchen,Storage,BOROSIL,668.23,296.1,3.92,Yes,8353
54682,Hasbro Remote Smart 6,Toys,Remote Control,HASBRO,376.16,183.0,3.13,Yes,7584
54683,Arihant Academic Active 3,Books,Academic,ARIHANT,3375.58,1636.21,4.76,No,8774
54684,Apple Headphones Ultra 1,Electronics,Headphones,APPLE,399.49,268.12,4.54,Yes,7553
54685,Louis Philippe Women Elite 9,Fashion,Women Clothing,LOUIS PHILIPPE,39448.92,25610.5,4.48,No,7813
54686,Britannia Cleaning Elite 3,Grocery,Cleaning,BRITANNIA,2426.47,1099.52,3.85,Yes,7677
54687,Lenovo Laptops X 9,Electronics,Laptops,LENOVO,478.97,292.32,3.43,Yes,7304
54688,Butterfly Bedding X 5,Home Kitchen,Bedding,BUTTERFLY,264605.19,121439.42,4.97,Yes,7171
54689,3M Lubricants Mini 4,Automotive,Lubricants,3M,693.13,461.08,4.7,Yes,8568
54690,Reebok Fitness Ultra 9,Sports,Fitness Equipment,REEBOK,194.08,98.91,4.12,No,7852
54691,Webby Educational Ultra 5,Toys,Educational,WEBBY,242715.12,99734.36,3.25,Yes,8282
54692,SG Swimming Active 8,Sports,Swimming,SG,122552.22,69432.39,2.75,Yes,8080
54693,Funskool Board Smart 2,Toys,Board Games,FUNSKOOL,66764.67,31123.84,2.86,Yes,7661
54694,Pantene Mens Ultra 7,Beauty,Mens Grooming,PANTENE,48367.59,25628.82,3.26,Yes,8962
54695,Pantene Makeup Air 8,Beauty,Makeup,PANTENE,286.08,115.23,2.6,No,7356
54696,Samsung Galaxy M35 5G,Beauty,Skincare,BIOTIQUE,70896.79,36423.15,2.89,No,8458
54697,Puma Jewellery Smart 2,Fashion,Jewellery,PUMA,29565.6,17372.14,4.42,No,8054
54698,Nivia Cycling Pro 7,Sports,Cycling,NIVIA,335.18,240.82,4.51,Yes,7820
54699,Steelbird Car Mini 9,Automotive,Car Accessories,STEELBIRD,4237.615,2573.02,4.29,No,8241
54700,S.Chand Biographies Active 9,Books,Biographies,S.CHAND,426.47,258.9,5.0,Yes,8151
54701,Muscleblaze First Active 2,Health,First Aid,MUSCLEBLAZE,618.9,329.52,4.82,No,7474
54702,Peter England Bags Premium 8,Fashion,Bags,PETER ENGLAND,879.13,378.59,3.34,Yes,8823
54703,3M Car Air 5,Automotive,Car Accessories,3M,15059.05,6896.07,2.95,Yes,8523
54704,Parle Personal Premium 1,Grocery,Personal Care,PARLE,31441.94,19363.17,3.36,Yes,7227
54705,Nikon Smartwatches Neo 8,Electronics,Smartwatches,NIKON,151911.33,82449.68,3.88,Yes,7662
54706,OnePlus Laptops Ultra 7,Electronics,Laptops,ONEPLUS,19072.18,8857.3,4.97,Yes,8234
54707,Biotique Fragrances Neo 8,Beauty,Fragrances,BIOTIQUE,786.55,407.18,4.37,Yes,7373
54708,Speedo Cricket Mini 2,Sports,Cricket,SPEEDO,319.77,198.95,4.05,Yes,7959
54709,Philips Cookware Plus 4,Home Kitchen,Cookware,PHILIPS,907.91,561.02,4.71,Yes,7553
54710,Milton Storage Mini 2,Home Kitchen,Storage,MILTON,263320.59,169170.81,4.99,No,8656
54711,Himalaya Vitamins Premium 6,Health,Vitamins,HIMALAYA,296.1,132.66,2.67,Yes,8581
54712,Arihant Non Mini 8,Books,Non Fiction,ARIHANT,6117772.43,4336244.53,4.31,No,8897
54713,Abbott First Active 5,Health,First Aid,ABBOTT,51492.9,21708.41,4.33,Yes,8038
54714,ITC Beverages Ultra 1,Grocery,Beverages,ITC,83854.77,57983.3,4.2,Yes,8205
54715,Realme Headphones Ultra 1,Electronics,Headphones,REALME,8202.42,5813.22,3.04,Yes,7358
54716,Bosch Bike Plus 2,Automotive,Bike Accessories,BOSCH,15500.37,10648.04,3.73,Yes,8430
54717,Oxford Biographies Active 1,Books,Biographies,OXFORD,8685.86,4630.56,2.77,No,8899
54718,Bosch Tools Air 3,Automotive,Tools,BOSCH,16937.5,9735.55,4.65,Yes,7364
54719,UCB Kids Smart 6,Fashion,Kids Wear,UCB,11752.82,5025.85,4.3,No,8296
54720,Webby Educational Smart 9,Toys,Educational,WEBBY,3617.52,2195.57,4.89,No,7863
54721,Amul Cleaning Lite 1,Grocery,Cleaning,AMUL,19443.28,12410.92,3.26,No,7387
54722,Acer Cameras Pro 5,Electronics,Cameras,ACER,41159.51,24592.14,3.99,Yes,8544
54723,Cosco Fitness Elite 8,Sports,Fitness Equipment,COSCO,1712.43,1119.16,3.32,No,7728
54724,Pantene Makeup Neo 1,Beauty,Makeup,PANTENE,6982.77,3940.82,3.73,Yes,7066
54725,Webby Educational Active 9,Toys,Unknown,WEBBY,305.22,151.69,3.75,Yes,7383
54726,Castrol Lubricants Premium 5,Automotive,Lubricants,CASTROL,12678.59,7233.74,2.85,No,8222
54727,Asus Gaming Ultra 9,Electronics,Gaming,ASUS,24210.67,11464.18,3.63,Yes,7164
54728,butterfly Appliances Neo 3,Home Kitchen,Appliances,BUTTERFLY,13324.02,8858.29,2.62,Yes,8528
54729,Gillette Mens Neo 3,Beauty,Mens Grooming,GILLETTE,48390.85,23788.29,4.23,No,7766
54730,Sony Smart Active 3,Electronics,Smart Tvs,SONY,13730.59,8793.68,4.39,Yes,7421
54731,Realme Smart Neo 9,Electronics,Smart Tvs,REALME,919.47,463.79,3.84,Yes,8595
54732,Vega Tools Ultra 7,Automotive,Tools,VEGA,1796.53,1005.52,3.71,Yes,8230
54733,Levis Women Mini 4,Fashion,Women Clothing,LEVIS,41792.56,29125.87,3.73,No,8887
54734,Dabur Medical Max 1,Health,Medical Devices,DABUR,282.92,139.92,3.71,No,7840
54735,LG Tablets Ultra 8,Electronics,Tablets,LG,7414.43,3774.86,4.33,No,7087
54736,Bajaj Bedding Elite 1,Home Kitchen,Bedding,BAJAJ,894.34,607.62,3.36,Yes,8369
54737,Bosch Tyres Active 9,Automotive,Tyres,BOSCH,2608.28,1496.1,3.11,Yes,7569
54738,Adidas Bags Pro 4,Fashion,Unknown,ADIDAS,294.85,176.91,2.8,Yes,7920
54739,Castrol Car Active 2,Automotive,Car Accessories,CASTROL,3300.4,1945.41,3.64,Yes,7878
54740,Levis Women Elite 4,Fashion,Women Clothing,LEVIS,13601.12,8198.35,4.3,Yes,8351
54741,Peter England Footwear Flex 7,Fashion,Footwear,PETER ENGLAND,59225.46,35264.01,3.67,Yes,7459
54742,Boat Rockerz 550,Automotive,Tyres,3M,736.04,339.14,3.15,Yes,7960
54743,Decathlon Cricket Mini 9,Sports,Cricket,DECATHLON,743.33,507.07,4.78,Yes,7690
54744,Pantene Haircare Elite 4,Beauty,Haircare,PANTENE,205484.41,110824.7,2.57,Yes,7103
54745,LG Cameras X 2,Electronics,Cameras,LG,678.77,445.84,3.89,Yes,7470
54746,Amul Beverages X 2,Grocery,Beverages,AMUL,17850.51,9809.54,4.6,Yes,7758
54747,Adidas Kids Ultra 7,Fashion,Kids Wear,ADIDAS,217707.38,114919.87,4.95,Yes,7629
54748,Decathlon Swimming Active 9,Sports,Swimming,DECATHLON,269707.4,131797.99,3.52,Yes,7370
54749,Borosil Storage Smart 7,Home Kitchen,Storage,BOROSIL,3254.41,2124.3,3.47,Yes,8682
54750,Borosil Bedding Flex 1,Home Kitchen,Bedding,BOROSIL,5011.92,3517.35,3.49,Yes,7379
54751,Castrol Car Max 6,Automotive,Car Accessories,CASTROL,2434.15,1545.52,4.87,Yes,8274
54752,P&G Baby Pro 8,Grocery,Baby Products,P&G,19713.16,16756.185999999998,2.93,Yes,7086
54753,Fast&Up Ayurveda Flex 2,Health,Ayurveda,FAST&UP,589.12,340.52,3.57,Yes,7330
54754,Parle Personal Lite 5,Grocery,Personal Care,PARLE,18269.19,10271.6,4.76,Yes,7020
54755,Dove Skincare Lite 4,Beauty,Skincare,DOVE,184556.05,118071.36,2.58,Yes,7369
54756,LG Cameras Elite 8,Electronics,Cameras,LG,462.72,300.26,4.62,Yes,7325
54757,Amul Fruits Pro 2,Grocery,Fruits Vegetables,AMUL,471.51,275.79,3.37,Yes,8515
54758,Pearson Fiction X 7,Books,Fiction,PEARSON,278919.09,119597.09,3.4,No,8133
54759,Reebok Cricket Flex 7,Sports,Cricket,REEBOK,3161.86,1967.57,3.13,Yes,7089
54760,H&M Sunglasses Air 4,Fashion,Sunglasses,H&M,43587.25,28382.66,4.4,No,8308
54761,Webby Soft Mini 5,Toys,Soft Toys,WEBBY,1581.97,928.2,4.38,Yes,8842
54762,Peter England Sunglasses Mini 8,Fashion,Sunglasses,PETER ENGLAND,59284.2,26301.92,4.95,Yes,7594
54763,ITC Staples Active 6,Grocery,Staples,ITC,3640.07,1524.79,3.76,No,8962
54764,Castrol Bike Premium 8,Automotive,Bike Accessories,CASTROL,2267.16,1567.98,4.56,Yes,7897
54765,Arihant Fiction Mini 4,Books,Fiction,ARIHANT,71937.75,31961.12,4.81,No,8500
54766,S.Chand Non Plus 2,Books,Non Fiction,S.CHAND,661.37,362.75,2.55,No,7818
54767,ITC Personal Premium 9,Grocery,Unknown,ITC,2205.2,1220.72,3.84,No,8997
54768,Vega Tyres Pro 5,Automotive,Tyres,VEGA,4021.42,2848.57,3.38,Yes,8863
54769,HarperCollins Biographies Elite 2,Books,Biographies,HARPERCOLLINS,14321.48,7770.91,3.97,Yes,8128
54770,Pearson Children Active 1,Books,Children Books,PEARSON,1125.28,749.37,3.59,Yes,8629
54771,parle Personal Air 4,Grocery,Personal Care,PARLE,10796.66,5348.67,4.06,Yes,7696
54772,Sony Headphones Active 6,Electronics,Headphones,SONY,17848.94,10772.41,4.76,Yes,8629
54773,Vega Bike Premium 2,Automotive,Bike Accessories,VEGA,334.51,202.96,4.36,No,7159
54774,OPPO Cameras Lite 3,Electronics,Cameras,OPPO,187.72,86.7,3.51,Yes,8187
54775,Yonex Swimming Edge 5,Sports,Swimming,YONEX,366.98,236.92,3.81,No,8454
54776,Van Heusen Women Ultra 7,Fashion,Women Clothing,VAN HEUSEN,696.73,400.57,4.09,Yes,7828
54777,Bosch Car Neo 7,Automotive,Car Accessories,BOSCH,3072.38,1940.67,3.48,Yes,8713
54778,Zara Kids Premium 8,Fashion,Kids Wear,ZARA,960.12,552.37,2.66,No,7360
54779,Speedo Cycling Neo 1,Sports,Cycling,SPEEDO,17331.53,8873.52,4.6,Yes,8826
54780,Philips Cookware Max 6,Home Kitchen,Cookware,PHILIPS,4819.8,3221.88,2.76,Yes,7496
54781,OnePlus Accessories Lite 1,Electronics,Accessories,ONEPLUS,193.69,122.0,4.94,No,8697
54782,Bajaj Appliances Edge 2,Home Kitchen,Appliances,BAJAJ,3398.38,1496.43,4.76,Yes,8502
54783,HarperCollins Academic Air 7,Books,Academic,HARPERCOLLINS,7866.94,3650.46,4.82,No,8826
54784,3M Car Smart 2,Automotive,Car Accessories,3M,4675.98,2441.33,2.55,Yes,8138
54785,Yonex Swimming Smart 4,Sports,Swimming,YONEX,8581.62,5910.07,3.66,No,7798
54786,Pearson Non Max 6,Books,Non Fiction,PEARSON,699.37,469.94,2.87,Yes,8614
54787,HUL Dairy Flex 9,Grocery,Dairy,HUL,3927085.22,2162863.54,2.69,Yes,7892
54788,OPPO Laptops Mini 7,Electronics,Laptops,OPPO,8401.56,5442.2,2.5,Yes,8220
54789,Muscleblaze Ayurveda Max 7,Health,Ayurveda,MUSCLEBLAZE,14348.9,9059.45,2.52,No,8715
54790,scholastic Self Neo 5,Books,Self Help,SCHOLASTIC,179.14,124.59,4.25,No,8258
54791,Pearson Self Neo 8,Books,Self Help,PEARSON,3539.51,1634.72,2.78,Yes,8259
54792,Amul Beverages Smart 6,Grocery,Beverages,AMUL,12061.84,6460.06,4.22,No,7571
54793,Pearson Biographies Air 5,Books,Biographies,PEARSON,1594.97,719.47,3.81,Yes,7309
54794,Havells Bedding Edge 5,Home Kitchen,Bedding,HAVELLS,872.82,363.97,3.91,Yes,8344
54795,Levis Watches Air 4,Fashion,Watches,LEVIS,13388.94,6180.32,4.39,No,7093
54796,S.Chand Academic Premium 9,Books,Academic,S.CHAND,18408.84,11744.48,3.41,Yes,8553
54797,Louis Philippe Sunglasses Smart 5,Fashion,Sunglasses,LOUIS PHILIPPE,292099.83,155053.17,2.56,Yes,7304
54798,Fast&Up Protein Premium 4,Health,Protein,FAST&UP,372.73,151.93,2.59,Yes,7005
54799,3M Tools Ultra 8,Automotive,Tools,3M,284132.66,171058.51,4.03,No,8939
54800,Noise Cameras Flex 4,Electronics,Cameras,NOISE,11515.28,6478.35,2.79,Yes,7214
54801,Peter England Women Neo 9,Fashion,Women Clothing,PETER ENGLAND,3397.29,2295.64,3.06,Yes,8912
54802,Patanjali Cleaning X 1,Grocery,Cleaning,PATANJALI,31830.77,14973.18,3.42,No,8604
54803,Asus Laptops Air 1,Electronics,Laptops,ASUS,405.92,244.38,4.12,Yes,8750
54804,Nestle Snacks Neo 1,Grocery,Snacks,NESTLE,372.17,163.73,3.49,Yes,8232
54805,Pearson Self Flex 8,Books,Self Help,PEARSON,4586.42,2637.03,4.25,Yes,8053
54806,Lakme Mens Pro 2,Beauty,Mens Grooming,LAKME,3069.07,1592.76,3.69,Yes,8351
54807,Xiaomi Tablets Ultra 7,Electronics,Tablets,XIAOMI,4533.21,2303.24,4.97,No,7964
54808,Pigeon Decor Mini 4,Home Kitchen,Decor,PIGEON,130104.44,67187.88,2.62,Yes,7917
54809,Apple Cameras Active 8,Electronics,Cameras,APPLE,3734.5,2248.71,2.52,Yes,7288
54810,Mattel Remote Smart 6,Toys,Remote Control,MATTEL,178526.51,122280.0,3.61,Yes,8200
54811,MRF Fitness Elite 2,Sports,Fitness Equipment,MRF,989.97,545.26,3.4,No,7530
54812,orient Furniture Premium 9,Home Kitchen,Furniture,ORIENT,174.51,82.3,4.37,Yes,8583
54813,Samsung Galaxy M35 5G,Sports,Cricket,REEBOK,7444.57,5311.59,5.0,Yes,7502
54814,Abbott Medical Elite 7,Health,Medical Devices,ABBOTT,17257.76,11659.33,3.6,Yes,7143
54815,Pantene Mens Neo 4,Beauty,Mens Grooming,PANTENE,911.35,412.1,4.21,No,7307
54816,Speedo Swimming Active 6,Sports,Swimming,SPEEDO,3101.15,1520.4,4.39,Yes,7362
54817,Gillette Mens Active 6,Beauty,Mens Grooming,GILLETTE,49481.01,33109.89,4.31,Yes,7506
54818,HP Mobiles Smart 3,Electronics,Mobiles,HP,301.49,213.42,2.56,No,7090
54819,Speedo Fitness Max 9,Sports,Fitness Equipment,SPEEDO,786.24,558.79,2.85,Yes,7441
54820,Nivea Fragrances Smart 5,Beauty,Fragrances,NIVEA,2992.58,1415.25,3.77,Yes,8878
54821,Castrol Car Air 6,Automotive,Car Accessories,CASTROL,51307.4,34189.24,3.47,Yes,8193
54822,Vega Tools Mini 7,Automotive,Tools,VEGA,51732.79,29649.82,4.8,Yes,8740
54823,Parle Dairy Flex 4,Grocery,Dairy,PARLE,18923.05,10223.55,3.15,Yes,8292
54824,Oxford Children Lite 9,Books,Children Books,OXFORD,15047.11,7063.51,2.95,Yes,7505
54825,Webby Puzzles Max 2,Toys,Puzzles,WEBBY,9313.76,6417.89,3.13,Yes,8259
54827,Lego Remote Edge 5,Toys,Remote Control,LEGO,1026.22,484.03,4.08,Yes,8429
54828,Webby Puzzles Active 4,Toys,Puzzles,WEBBY,30250.83,17947.63,2.68,Yes,8633
54829,Britannia Snacks X 7,Grocery,Snacks,BRITANNIA,14784.11,8707.81,4.95,Yes,8996
54830,Mattel Soft Air 2,Toys,Soft Toys,MATTEL,4287.47,2167.02,3.71,Yes,7332
54831,Oxford Non Active 7,Books,Non Fiction,OXFORD,4221.92,2533.4,4.92,Yes,7120
54832,Philips Garden Plus 1,Home Kitchen,Garden,PHILIPS,27991.52,16781.68,3.97,Yes,8299
54833,S.Chand Self Active 4,Books,Self Help,S.CHAND,19681.37,12646.9,3.01,No,7385
54834,UCB Watches Mini 7,Fashion,Watches,UCB,853.89,428.57,4.33,Yes,8124
54835,Under Armour Cycling Neo 8,Sports,Cycling,UNDER ARMOUR,465.26,246.52,4.75,Yes,7938
54836,Havells Cookware Flex 9,Home Kitchen,Unknown,HAVELLS,5809.62,4077.8,4.04,Yes,7985
54837,SG Cricket Plus 5,Sports,Cricket,SG,153719.78,82596.94,4.86,Yes,8522
54838,Yonex Yoga Plus 3,Sports,Yoga,YONEX,180.02,83.97,3.82,Yes,7814
54839,ITC Cleaning Ultra 1,Grocery,Cleaning,ITC,160817.2,112867.19,4.77,Yes,8817
54840,Usha Decor Ultra 4,Home Kitchen,Decor,USHA,15211.43,10833.04,3.95,No,7428
54841,Funskool Soft Lite 1,Toys,Soft Toys,FUNSKOOL,18562.96,9662.75,4.18,No,7923
54842,Ok Play Educational Plus 6,Toys,Educational,OK PLAY,44746.21,17904.18,3.0,No,8370
54843,Nivea Haircare Lite 7,Beauty,Haircare,NIVEA,931.6,472.89,3.37,Yes,8618
54844,Muscleblaze First Plus 1,Health,First Aid,MUSCLEBLAZE,4144.83,2493.18,3.53,Yes,7398
54845,Dabur Dairy Ultra 6,Grocery,Dairy,DABUR,774.6,369.94,4.53,Yes,7614
54846,Pantene Haircare Neo 8,Beauty,Haircare,PANTENE,2072.34,841.58,3.46,Yes,7121
54847,Healthkart Vitamins Lite 8,Health,Vitamins,HEALTHKART,41493.72,29341.79,4.96,Yes,7353
54848,Michelin Tools Plus 9,Automotive,Tools,MICHELIN,39297.82,21793.6,4.36,Yes,7340
54849,Orient Appliances Flex 5,Home Kitchen,Appliances,ORIENT,4359.0,2344.1,4.86,Yes,8625
54850,Michelin Tools Pro 4,Automotive,Tools,MICHELIN,16599.01,7445.42,3.89,Yes,8134
54851,3M Tyres Mini 1,Automotive,Tyres,3M,15187.87,6812.3,3.95,Yes,8596
54852,MATTEL Soft Flex 5,Toys,Unknown,MATTEL,77237.81,45931.47,3.6,Yes,7718
54853,SG Running Neo 7,Sports,Running,SG,58387.16,31044.72,3.2,Yes,8048
54854,P&G Dairy Smart 4,Grocery,Dairy,P&G,4227.27,2633.11,4.33,Yes,8193
54855,Nikon Gaming Max 8,Electronics,Gaming,NIKON,62712.12,32407.85,3.72,Yes,8867
54856,Logitech Gaming Edge 5,Electronics,Gaming,LOGITECH,295229.86,157193.01,4.72,Yes,8573
54857,Hasbro Action Ultra 6,Toys,Action Figures,HASBRO,794.43,435.83,4.32,Yes,7418
54858,3M Lubricants Pro 6,Automotive,Lubricants,3M,480.19,260.8,3.52,Yes,8063
54859,Pearson Non Neo 6,Books,Non Fiction,PEARSON,8203.88,4221.5,4.17,Yes,7698
54860,Nikon Gaming Plus 6,Electronics,Gaming,NIKON,1708.06,1052.01,4.16,Yes,8590
54861,Decathlon Yoga Flex 5,Sports,Yoga,DECATHLON,22723.19,12176.82,4.56,No,7969
54862,Steelbird Tools Smart 5,Automotive,Tools,STEELBIRD,43652.89,21173.38,2.63,No,7470
54863,Havells Bedding Active 6,Home Kitchen,Bedding,HAVELLS,17188.19,11268.52,3.02,Yes,7623
54864,Steelbird Tools Ultra 9,Automotive,Tools,STEELBIRD,15579.34,9970.24,3.03,Yes,8845
54865,OPPO Accessories Active 6,Electronics,Accessories,OPPO,16894.45,11053.3,3.74,No,7668
54866,Bajaj Appliances Air 8,Home Kitchen,Appliances,BAJAJ,276.94,163.69,4.11,No,8681
54867,Gillette Fragrances Ultra 3,Beauty,Fragrances,GILLETTE,2392.82,1708.44,4.66,Yes,8664
54868,Bajaj Decor Mini 7,Home Kitchen,Decor,BAJAJ,131607.25,75483.51,3.87,Yes,7249
54869,Lakme Haircare Ultra 1,Beauty,Haircare,LAKME,909.75,492.67,4.83,Yes,7129
54870,Samsung Cameras Elite 3,Electronics,Cameras,SAMSUNG,3991.26,2100.02,2.67,Yes,7127
54871,levis Footwear X 3,Fashion,Footwear,LEVIS,3316.31,1947.99,2.91,Yes,7334
54872,Pearson Fiction Ultra 6,Books,Fiction,PEARSON,8532.85,4901.79,2.71,No,7889
54873,Speedo Running Lite 6,Sports,Running,SPEEDO,12872.54,7340.3,4.84,Yes,8022
54874,Puma Watches Elite 7,Fashion,Watches,PUMA,367.12,212.01,2.92,Yes,8486
54875,Orient Furniture Neo 2,Home Kitchen,Furniture,ORIENT,33792.3,14940.37,3.15,Yes,8678
54876,HARPERCOLLINS Fiction Pro 9,Books,Fiction,HARPERCOLLINS,991.7,459.38,4.43,No,8501
54877,Titan Bags Max 9,Fashion,Bags,TITAN,3908.6,1961.02,4.09,Yes,7804
54878,Nivea Makeup Ultra 5,Beauty,Makeup,NIVEA,3679.36,2204.67,4.08,No,7221
54879,Castrol Tyres Edge 8,Automotive,Tyres,CASTROL,16125.46,11332.5,3.97,Yes,8820
54880,Parle Baby Active 4,Grocery,Baby Products,PARLE,889.3,504.83,4.85,Yes,8236
54881,Vega Bike Neo 1,Automotive,Bike Accessories,VEGA,606.7,406.47,3.0,Yes,8782
54882,Under Armour Badminton Smart 1,Sports,Badminton,UNDER ARMOUR,670.44,272.82,3.41,Yes,8366
54883,Himalaya First Ultra 4,Health,First Aid,HIMALAYA,275.59,196.06,4.58,Yes,8334
54884,Dove Mens Smart 6,Beauty,Mens Grooming,DOVE,79771.59,49022.7,3.8,No,8151
54885,jbl Mobiles Pro 9,Electronics,Mobiles,JBL,4675.72,143.54,2.52,Yes,8383
54886,Arihant Biographies Elite 8,Books,Biographies,ARIHANT,58010.95,25994.6,2.89,Yes,8352
54887,Nivia Cycling Ultra 2,Sports,Cycling,NIVIA,4873.16,2266.17,3.48,Yes,8635
54888,Lakme Makeup Air 3,Beauty,Makeup,LAKME,4536.09,2634.49,4.63,Yes,8498
54889,Amul Snacks Neo 9,Grocery,Snacks,AMUL,78714.4,56120.22,4.85,No,8688
54890,Borosil Cookware Flex 8,Home Kitchen,Cookware,BOROSIL,184.24,101.3,4.18,Yes,8487
54891,Tanishq Footwear Mini 9,Fashion,Footwear,TANISHQ,4828.68,2783.33,4.95,Yes,7408
54892,HUL Dairy Mini 9,Grocery,Dairy,HUL,853.98,610.57,3.15,Yes,7616
54893,Healthkart Supplements Pro 3,Health,Supplements,HEALTHKART,149.81,112.3575,3.3,Yes,8402
54894,Oxford Non X 6,Books,Non Fiction,OXFORD,881.1,465.5,2.84,No,7549
54895,Forest Essentials Skincare Smart 4,Beauty,Skincare,FOREST ESSENTIALS,251017.19,163161.1735,4.87,No,8610
54896,Yonex Cycling Elite 2,Sports,Cycling,YONEX,209161.01,145946.79,3.13,Yes,8831
54897,Usha Appliances Neo 2,Home Kitchen,Appliances,USHA,3966.02,1655.54,4.88,Yes,7408
54898,Maybelline Mens Air 5,Beauty,Mens Grooming,MAYBELLINE,87908.91,55541.93,4.92,Yes,7490
54899,Pearson Self Flex 6,Books,Self Help,PEARSON,2031.85,1015.925,2.94,No,8590
54900,Speedo Fitness Ultra 3,Sports,Fitness Equipment,SPEEDO,33926.54,23027.48,4.84,Yes,8221
54901,Arihant Non Lite 9,Books,Non Fiction,ARIHANT,272011.27,115141.13,4.07,Yes,7229
54902,Mattel Soft X 5,Toys,Soft Toys,MATTEL,663.87,311.88,4.72,Yes,8314
54903,Samsung Galaxy M35 5G,Beauty,Mens Grooming,LOREAL,559.89,270.4,4.73,Yes,8000
54904,Fast&Up Protein Smart 3,Health,Protein,FAST&UP,83370.5,44177.53,3.81,No,7956
54905,Parle Cleaning Plus 2,Grocery,Cleaning,PARLE,758.85,309.8,3.13,Yes,7570
54906,Amul Baby Neo 6,Grocery,Baby Products,AMUL,2033.96,1302.47,3.17,Yes,8358
54907,Bosch Tyres Premium 4,Automotive,Tyres,BOSCH,4000.38,1818.32,4.8,No,8567
54908,Yonex Running Active 8,Sports,Running,YONEX,1503.07,1062.29,2.89,Yes,7893
54909,Prestige Lighting Lite 3,Home Kitchen,Lighting,PRESTIGE,35020.47,20238.09,2.58,Yes,8709
54910,Nestle Beverages Smart 8,Grocery,Beverages,NESTLE,28452.78,18295.91,4.99,Yes,8879
54911,Shell Tyres Neo 1,Automotive,Unknown,SHELL,18759.9,11699.89,4.59,Yes,8975
54912,MAYBELLINE Fragrances Elite 9,Beauty,Fragrances,MAYBELLINE,234558.55,152463.0575,3.37,No,7971
54913,Vivo Accessories Edge 5,Electronics,Accessories,VIVO,594.52,290.77,4.39,Yes,7043
54914,Biotique Makeup Smart 7,Beauty,Makeup,BIOTIQUE,26024.76,18146.15,2.91,Yes,8543
54915,lego Soft Lite 8,Toys,Soft Toys,LEGO,259781.48,148747.53,2.8,Yes,7388
54916,HarperCollins Children Neo 3,Books,Children Books,HARPERCOLLINS,403.86,181.69,2.7,Yes,8441
54917,Britannia Baby Premium 4,Grocery,Baby Products,BRITANNIA,2400.52,1492.92,2.81,Yes,7292
54918,ZARA Footwear Mini 6,Fashion,Footwear,ZARA,1902.04,1169.43,4.15,Yes,7626
54919,Pantene Fragrances X 4,Beauty,Fragrances,PANTENE,76937.88,37556.0,4.64,Yes,7167
54920,Acer Gaming Edge 2,Electronics,Gaming,ACER,17665.93,9074.57,3.2,Yes,8192
54921,Speedo Swimming Active 6,Sports,Swimming,SPEEDO,3798.13,2681.76,4.23,Yes,8471
54922,HarperCollins Children Lite 9,Books,Children Books,HARPERCOLLINS,75646.83,39504.9,3.72,Yes,7711
54923,BUTTERFLY Lighting Elite 8,Home Kitchen,Lighting,BUTTERFLY,4968.63,3317.97,3.69,Yes,8862
54924,Scholastic Biographies Active 1,Books,Biographies,SCHOLASTIC,17352.7,12095.87,3.11,Yes,8543
54926,Gillette Fragrances Air 4,Beauty,Fragrances,GILLETTE,187346.6,116737.86,3.41,Yes,8454
54927,Louis Philippe Sunglasses Flex 5,Fashion,Sunglasses,LOUIS PHILIPPE,1832.02,1024.4,2.74,Yes,7689
54928,Zara Jewellery Edge 1,Fashion,Jewellery,ZARA,420.47,267.24,3.46,Yes,7877
54929,Puma Sunglasses Ultra 2,Fashion,Sunglasses,PUMA,14994.45,6859.97,4.64,No,7535
54930,Ok Play Remote Smart 7,Toys,Remote Control,OK PLAY,3866.7,2096.54,2.81,Yes,7728
54931,Ok Play Board Air 1,Toys,Board Games,OK PLAY,13045.28,9045.22,4.46,Yes,7490
54932,Tanishq Kids Pro 7,Fashion,Kids Wear,TANISHQ,3061.55,1806.51,4.52,Yes,8437
54933,Gillette Makeup Lite 7,Beauty,Makeup,GILLETTE,189326.26,79825.67,3.26,Yes,7891
54934,Acer Tablets Ultra 5,Electronics,Tablets,ACER,670.89,455.98,3.25,Yes,7201
54935,HEALTHKART Ayurveda Elite 9,Health,Ayurveda,HEALTHKART,994.78,706.58,3.12,Yes,7230
54936,Borosil Bedding Mini 2,Home Kitchen,Bedding,BOROSIL,14896.54,9839.73,4.32,No,7863
54937,Abbott Vitamins Flex 8,Health,Vitamins,ABBOTT,4774.12,3229.12,3.29,No,7103
54938,Gillette Skincare Mini 9,Beauty,Skincare,GILLETTE,220717.04,149068.66,3.61,Yes,7989
54939,Funskool Educational Plus 5,Toys,Educational,FUNSKOOL,7086.02,2982.21,3.87,Yes,8332
54940,Forest Essentials Mens X 8,Beauty,Mens Grooming,FOREST ESSENTIALS,2057.44,980.74,2.89,Yes,7597
54941,Reebok Badminton Mini 4,Sports,Badminton,REEBOK,2582.57,1416.41,4.5,Yes,8532
54942,Tata Staples Premium 6,Grocery,Staples,TATA,666.4,289.1,3.01,Yes,7044
54943,Funskool Board Ultra 6,Toys,Board Games,FUNSKOOL,13163.5,6218.87,4.22,No,7237
54944,Noise Smart Max 1,Electronics,Smart Tvs,NOISE,219.63,99.19,3.54,No,8724
54945,Castrol Bike Lite 8,Automotive,Bike Accessories,CASTROL,3441390.27,2406101.77,3.74,No,7016
54946,Cipla Ayurveda Plus 6,Health,Ayurveda,CIPLA,10739.33,6009.1,4.36,Yes,8600
54947,Hasbro Board X 6,Toys,Board Games,HASBRO,720.18,466.97,4.9,Yes,7162
54948,Lego Remote Edge 9,Toys,Remote Control,LEGO,59929.6,32658.11,3.72,No,7419
54949,LOreal Fragrances Ultra 9,Beauty,Fragrances,LOREAL,2827.03,1424.17,4.32,No,8674
54950,Pigeon Garden Edge 1,Home Kitchen,Garden,PIGEON,929.2,664.45,3.5,Yes,8643
54951,Decathlon Running Plus 4,Sports,Running,DECATHLON,237.34,144.7,2.91,Yes,8869
54952,Acer Gaming Pro 3,Electronics,Unknown,ACER,26322.75,12505.29,3.29,Yes,8705
54953,Usha Storage Active 8,Home Kitchen,Storage,USHA,1143803.93,589801.56,3.04,No,7962
54954,H&M Kids Ultra 9,Fashion,Kids Wear,H&M,6915.33,4149.197999999999,4.39,Yes,8973
54955,Fastrack Footwear Air 1,Fashion,Footwear,FASTRACK,217.09,121.16,3.12,Yes,7334
54956,Nivea Mens Smart 6,Beauty,Mens Grooming,NIVEA,29173.76,13071.82,4.35,Yes,7856
54957,Nestle Fruits Smart 1,Grocery,Fruits Vegetables,NESTLE,1829.43,1188.1,4.07,No,7917
54958,Himalaya Protein Ultra 2,Health,Protein,HIMALAYA,311.23,199.49,3.89,Yes,8819
54959,s.chand Children Lite 3,Books,Children Books,S.CHAND,4165.28,2533.82,5.0,No,7813
54960,JBL Mobiles Max 4,Electronics,Mobiles,JBL,25485.88,17853.55,3.38,Yes,8975
54961,Butterfly Decor Flex 1,Home Kitchen,Decor,BUTTERFLY,291925.5,195715.76,3.2,Yes,7820
54962,Michelin Car Smart 9,Automotive,Car Accessories,MICHELIN,17714.84,12015.03,4.58,Yes,7808
54963,P&G Staples Plus 1,Grocery,Staples,P&G,12008.16,5088.78,4.93,No,8252
54964,Speedo Cycling Flex 1,Sports,Cycling,SPEEDO,4306.94,1859.69,3.0,No,8876
54965,Penguin Biographies Plus 9,Books,Biographies,PENGUIN,563.05,370.17,3.35,Yes,7147
54966,Biotique Makeup Premium 8,Beauty,Makeup,BIOTIQUE,9328.03,5934.48,3.38,Yes,7696
54967,Pantene Skincare X 2,Beauty,Skincare,PANTENE,925.23,658.54,2.91,Yes,8715
54968,Fisher Price Soft Active 7,Toys,Soft Toys,FISHER PRICE,1423.49,970.9,2.74,Yes,7698
54969,Funskool Action Active 7,Toys,Action Figures,FUNSKOOL,3773.2,1922.79,3.52,No,7145
54970,Tanishq Kids Max 6,Fashion,Kids Wear,TANISHQ,3111.41,1522.79,4.22,Yes,8993
54971,Forest Essentials Mens Elite 4,Beauty,Mens Grooming,FOREST ESSENTIALS,566.72,237.2,3.62,Yes,8956
54972,Shell Lubricants Pro 7,Automotive,Lubricants,SHELL,16712.53,10655.25,3.46,Yes,7200
54973,Nestle Personal Flex 1,Grocery,Personal Care,NESTLE,593.2,260.17,4.88,Yes,7997
54974,Muscleblaze Ayurveda Neo 6,Health,Ayurveda,MUSCLEBLAZE,10521.02,6825.61,2.85,Yes,8341
54975,ITC Cleaning Plus 6,Grocery,Cleaning,ITC,12744.69,5294.81,4.72,Yes,7071
54976,OPPO Mobiles Edge 6,Electronics,Mobiles,OPPO,894.64,552.93,3.67,Yes,7498
54977,3M Bike Neo 6,Automotive,Bike Accessories,3M,4985.48,551.21,3.69,Yes,7054
54978,Decathlon Badminton Edge 4,Sports,Badminton,DECATHLON,1231.28,795.9,3.83,Yes,8360
54979,Yonex Cycling Flex 4,Sports,Cycling,YONEX,3396.98,1789.48,2.63,Yes,7539
54980,Himalaya Protein Smart 8,Health,Protein,HIMALAYA,1468.65,612.82,4.12,No,7910
54981,Pigeon Appliances Pro 6,Home Kitchen,Appliances,PIGEON,38610.17,25528.0,4.15,Yes,7345
54982,Cosco Yoga Mini 3,Sports,Yoga,COSCO,1408.15,903.83,2.69,Yes,7130
54983,HarperCollins Fiction X 7,Books,Fiction,HARPERCOLLINS,321.09,154.97,2.75,Yes,7959
54984,P&G Beverages Elite 4,Grocery,Beverages,P&G,43388.41,21081.88,2.84,Yes,8708
54985,Boat Headphones X 6,Electronics,Headphones,BOAT,202897.76,119166.95,3.12,Yes,8384
54986,Woodland Jewellery Active 9,Fashion,Jewellery,WOODLAND,678.99,276.65,3.45,Yes,7070
54987,Webby Action Air 3,Toys,Action Figures,WEBBY,3170.74,2232.86,2.82,Yes,7478
54988,Fast&Up Ayurveda Lite 6,Health,Ayurveda,FAST&UP,77584.73,47504.0,3.96,No,7408
54989,Arihant Fiction Active 4,Books,Fiction,ARIHANT,201766.18,145122.78,3.62,Yes,8963
54990,Mattel Board Flex 1,Toys,Board Games,MATTEL,829.07,466.45,2.91,Yes,7806
54991,Fisher Price Puzzles Air 9,Toys,Puzzles,FISHER PRICE,850.98,428.44,4.79,Yes,7948
54992,Philips Furniture Mini 3,Home Kitchen,Furniture,PHILIPS,4355.61,2949.89,4.63,Yes,8624
54993,UCB Sunglasses Active 7,Fashion,Sunglasses,UCB,941.59,534.85,2.61,Yes,8817
54994,Philips Garden Lite 2,Home Kitchen,Garden,PHILIPS,12879.78,5708.83,3.97,Yes,7223
54995,Prestige Garden Lite 1,Home Kitchen,Garden,PRESTIGE,4164.25,2753.15,4.64,Yes,8164
54996,Shell Bike Mini 8,Automotive,Bike Accessories,SHELL,188.88,106.79,3.56,Yes,8341
54998,Noise Headphones Neo 4,Electronics,Headphones,NOISE,22028.1,9470.18,4.42,Yes,8248
54999,Pearson Biographies Pro 9,Books,Biographies,PEARSON,4622.72,2330.16,3.24,Yes,7640
55000,Dabur Medical Max 7,Health,Medical Devices,DABUR,717.04,448.81,3.1,Yes,8237
55002,Bajaj Cookware Premium 8,Home Kitchen,Unknown,BAJAJ,34344.46,21183.17,3.11,Yes,8549
55003,Fast&Up Ayurveda Neo 2,Health,Ayurveda,FAST&UP,795.7,561.23,4.8,No,7837
55004,Himalaya Supplements Flex 8,Health,Supplements,HIMALAYA,2443.45,1111.03,4.28,Yes,8479
55005,Under Armour Running Neo 8,Sports,Running,UNDER ARMOUR,702.95,416.37,4.68,Yes,7180
55006,Zara Women Air 6,Fashion,Women Clothing,ZARA,4486.31,3053.46,3.93,Yes,8983
55007,Fastrack Jewellery Lite 5,Fashion,Jewellery,FASTRACK,20153.49,9864.54,4.21,Yes,7515
55008,Michelin Tools Max 6,Automotive,Tools,MICHELIN,494.51,247.74,2.56,Yes,8356
55009,Fisher Price Action Elite 6,Toys,Action Figures,FISHER PRICE,286802.42,142188.59,3.29,No,8280
55010,Vega Lubricants Mini 7,Automotive,Lubricants,VEGA,27886.24,12096.0,4.37,No,7496
55011,Pantene Skincare Elite 5,Beauty,Skincare,PANTENE,58466.84,38003.445999999996,4.03,Yes,8976
55012,Oxford Biographies Smart 1,Books,Biographies,OXFORD,4259.23,1986.38,2.62,Yes,8829
55013,Boat Rockerz 550,Home Kitchen,Lighting,MILTON,837.67,502.15,2.55,No,8981
55014,Decathlon Fitness Elite 6,Sports,Fitness Equipment,DECATHLON,7871.35,3187.33,3.76,Yes,8579
55015,Biotique Mens Lite 6,Beauty,Mens Grooming,BIOTIQUE,4757.95,3220.89,2.75,Yes,8488
55016,Steelbird Car Lite 2,Automotive,Car Accessories,STEELBIRD,868.93,613.35,3.46,Yes,7906
55017,Prestige Appliances Mini 4,Home Kitchen,Appliances,PRESTIGE,258364.53,103402.53,3.96,Yes,8117
55018,Bosch Tools Elite 8,Automotive,Tools,BOSCH,59568.89,35906.51,3.27,Yes,8389
55019,Bajaj Cookware Elite 5,Home Kitchen,Cookware,BAJAJ,807.9,396.59,4.41,Yes,7641
55020,Steelbird Bike Plus 2,Automotive,Bike Accessories,STEELBIRD,670.29,408.43,4.34,Yes,8103
55021,Adidas Footwear Ultra 7,Fashion,Unknown,ADIDAS,3499.88,1924.92,4.58,Yes,8414
55022,Milton Bedding Active 3,Home Kitchen,Bedding,MILTON,752.08,532.65,5.0,Yes,8230
55023,Muscleblaze Vitamins Plus 2,Health,Vitamins,MUSCLEBLAZE,35706.83,14993.92,5.0,Yes,7039
55024,Pigeon Cookware Smart 5,Home Kitchen,Cookware,PIGEON,350.36,191.2,2.73,No,8316
55025,Apple Mobiles Edge 9,Electronics,Mobiles,APPLE,2209.86,1226.27,3.5,Yes,8491
55026,Himalaya Vitamins Elite 1,Health,Vitamins,HIMALAYA,451.11,254.83,3.78,Yes,8778
55027,Mattel Remote Plus 6,Toys,Remote Control,MATTEL,234827.88,105275.78,3.75,Yes,7694
55028,Decathlon Swimming Mini 1,Sports,Swimming,DECATHLON,6396.69,4112.3,3.76,Yes,8212
55029,Louis Philippe Kids Pro 1,Fashion,Kids Wear,LOUIS PHILIPPE,35261.48,17890.2,2.52,Yes,8912
55030,ITC Cleaning X 7,Grocery,Cleaning,ITC,675.24,476.52,4.27,Yes,7821
55031,Biotique Fragrances Pro 4,Beauty,Fragrances,BIOTIQUE,281.4,164.91,2.83,Yes,8289
55032,Reebok Running Edge 8,Sports,Running,REEBOK,747.37,389.89,4.88,Yes,8456
55033,Dabur Vitamins Pro 5,Health,Vitamins,DABUR,243.84,128.56,3.25,Yes,8380
55034,Nivia Cycling Ultra 5,Sports,Cycling,NIVIA,1394.11,690.95,2.96,Yes,8011
55035,Britannia Baby Active 7,Grocery,Baby Products,BRITANNIA,529.72,238.34,3.53,Yes,8688
55036,Ok Play Board Elite 3,Toys,Board Games,OK PLAY,9274.05,6314.22,3.32,Yes,8738
55037,Himalaya Ayurveda Pro 1,Health,Ayurveda,HIMALAYA,3742.8,1624.55,4.15,Yes,7554
55038,Nivea Haircare Active 6,Beauty,Haircare,NIVEA,3315.5699999999997,2155.1205,4.37,Yes,7383
55039,Mattel Remote Mini 7,Toys,Remote Control,MATTEL,4745.62,2854.24,4.91,Yes,7742
55040,Acer Smart Lite 3,Electronics,Smart Tvs,ACER,225.81,104.05,3.52,Yes,7576
55041,Castrol Tools Premium 3,Automotive,Tools,CASTROL,36173.1,25189.97,3.76,Yes,7900
55042,Acer Cameras Max 6,Electronics,Cameras,ACER,3049.95,2141.77,3.04,No,8617
55043,webby Educational X 5,Toys,Educational,WEBBY,30117.53,20464.17,2.58,No,7146
55044,Ok Play Action Plus 1,Toys,Action Figures,OK PLAY,2197.05,960.74,2.64,No,8197
55045,Prestige Garden Ultra 2,Home Kitchen,Garden,PRESTIGE,2772.67,1685.95,3.39,Yes,8591
55046,Scholastic Academic Max 5,Books,Academic,SCHOLASTIC,1449.11,759.8,4.41,Yes,8988
55047,Yonex Running Plus 2,Sports,Unknown,YONEX,5914.49,3868.67,4.67,Yes,8027
55048,Bosch Lubricants Smart 9,Automotive,Lubricants,BOSCH,197727.55,132478.34,2.64,Yes,8141
55049,Speedo Cricket Ultra 8,Sports,Cricket,SPEEDO,292163.91,151923.41,4.07,Yes,7283
55050,NIKE Women X 5,Fashion,Women Clothing,NIKE,546.64,390.91,2.57,Yes,8109
55051,Milton Bedding Lite 7,Home Kitchen,Bedding,MILTON,3861.73,2599.34,3.81,No,8188
55052,Prestige Garden Active 3,Home Kitchen,Garden,PRESTIGE,94975.51,67712.61,4.97,Yes,8875
55053,S.Chand Children Pro 2,Books,Children Books,S.CHAND,78549.05,40210.39,3.35,Yes,7917
55054,JBL Tablets Elite 9,Electronics,Tablets,JBL,2666.91,1856.32,3.99,Yes,8215
55055,Tata Staples Air 6,Grocery,Staples,TATA,1702.71,1044.18,3.46,Yes,8273
55056,Scholastic Fiction Smart 2,Books,Fiction,SCHOLASTIC,5155.63,3646.33,2.66,Yes,7762
55057,Scholastic Academic Pro 8,Books,Academic,SCHOLASTIC,349.94,218.85,3.15,No,7533
55058,Nike Women Elite 6,Fashion,Women Clothing,NIKE,5511.76,3043.96,2.72,No,7298
55059,Canon Gaming Air 8,Electronics,Gaming,CANON,55398.02,34092.5,4.45,Yes,8117
55060,Scholastic Academic Mini 5,Books,Academic,SCHOLASTIC,3578.22,1999.52,3.54,Yes,8523
55061,Decathlon Running Pro 5,Sports,Running,DECATHLON,121104.13,85783.45,3.13,No,7700
55062,Oxford Biographies Flex 8,Books,Biographies,OXFORD,445.01,178.42,4.07,Yes,8920
55063,Titan Men Max 9,Fashion,Men Clothing,TITAN,4280.82,2026.54,3.66,Yes,7126
55064,Abbott First Mini 5,Health,First Aid,ABBOTT,2442.26,1254.45,4.82,Yes,7630
55065,Nike Sports Shoes Pro,Grocery,Personal Care,NESTLE,19219.42,8017.86,2.56,No,7349
55066,reebok Swimming Flex 6,Sports,Swimming,REEBOK,2492.62,1790.9,3.85,Yes,7275
55067,S.Chand Academic X 8,Books,Academic,S.CHAND,846.06,438.88,2.83,No,7505
55068,Nike Sports Shoes Pro,Sports,Cycling,REEBOK,65144.53,26689.17,5.0,Yes,8667
55069,S.Chand Self Smart 4,Books,Self Help,S.CHAND,18020.6,10673.98,2.62,Yes,8100
55070,cipla Medical Smart 1,Health,Medical Devices,CIPLA,198179.66,137168.57,4.79,Yes,7085
55071,Nike Men Premium 2,Fashion,Men Clothing,NIKE,8985.4,4338.97,3.14,Yes,7069
55072,gillette Mens Flex 7,Beauty,Mens Grooming,GILLETTE,4461.58,3131.75,4.93,Yes,8885
55073,Usha Decor Lite 8,Home Kitchen,Decor,USHA,1139.03,802.93,2.57,Yes,7883
55074,Shell Tyres Lite 4,Automotive,Tyres,SHELL,18527.88,11512.81,3.32,Yes,8571
55075,Patanjali Fruits Premium 8,Grocery,Fruits Vegetables,PATANJALI,4757.11,2294.46,2.68,Yes,8987
55076,Adidas Sunglasses Active 9,Fashion,Sunglasses,ADIDAS,44564.86,21636.91,3.12,Yes,7187
55077,Scholastic Academic Edge 1,Books,Academic,SCHOLASTIC,11778.57,6191.82,2.76,Yes,8062
55078,Scholastic Non Active 7,Books,Non Fiction,SCHOLASTIC,22048.31,15444.05,2.73,Yes,7113
55079,HarperCollins Fiction Air 1,Books,Unknown,HARPERCOLLINS,8018.42,3838.36,2.61,Yes,7601
55080,Nestle Personal Edge 3,Grocery,Personal Care,NESTLE,519.36,253.62,3.32,No,8090
55081,Pantene Skincare Neo 6,Beauty,Skincare,PANTENE,12139.15,5995.87,3.09,Yes,7352
55082,Pantene Mens Lite 2,Beauty,Mens Grooming,PANTENE,981.36,587.99,4.26,No,8274
55083,HUL Personal Elite 1,Grocery,Personal Care,HUL,1232.13,701.01,3.5,Yes,7460
55084,Nike Sports Shoes Pro,Health,Protein,FAST&UP,63727.92,39636.49,4.67,No,8921
55085,HarperCollins Children Elite 7,Books,Children Books,HARPERCOLLINS,3643.72,2182.46,3.37,Yes,7947
55086,Puma Sunglasses Neo 4,Fashion,Sunglasses,PUMA,878.81,524.39,3.78,Yes,8328
55087,Butterfly Bedding Active 7,Home Kitchen,Unknown,BUTTERFLY,977.37,696.97,2.9,Yes,7379
55088,Under Armour Cricket Smart 4,Sports,Cricket,UNDER ARMOUR,618.77,259.11,3.01,Yes,8366
55089,Abbott Protein Premium 8,Health,Protein,ABBOTT,852.89,605.71,3.98,Yes,7915
55090,OPPO Gaming Mini 1,Electronics,Gaming,OPPO,209.88,100.49,3.38,Yes,7154
55091,Scholastic Children Edge 5,Books,Children Books,SCHOLASTIC,1699.91,759.98,2.84,Yes,7725
55092,Fisher Price Board Plus 7,Toys,Board Games,FISHER PRICE,8592.57,4100.31,3.71,No,8585
55093,Healthkart Ayurveda Premium 6,Health,Ayurveda,HEALTHKART,544.97,370.3,3.51,Yes,7524
55094,Van Heusen Footwear Mini 2,Fashion,Footwear,VAN HEUSEN,4040.84,2087.08,4.01,Yes,8128
55095,Arihant Biographies Active 7,Books,Biographies,ARIHANT,6786.68,4281.3,2.82,Yes,8592
55096,PENGUIN Self Ultra 9,Books,Self Help,PENGUIN,194.68,127.39,3.15,Yes,8207
55097,HarperCollins Academic Ultra 9,Books,Academic,HARPERCOLLINS,127860.86,59051.59,2.58,No,7594
55098,Titan Sunglasses Air 3,Fashion,Sunglasses,TITAN,854.77,484.73,4.07,Yes,7969
55099,Britannia Dairy Neo 6,Grocery,Dairy,BRITANNIA,109867.44,46416.99,3.9,Yes,8058
55100,Louis Philippe Jewellery Pro 6,Fashion,Jewellery,LOUIS PHILIPPE,787.62,471.64,4.12,Yes,8251
55101,Nestle Staples Smart 8,Grocery,Staples,NESTLE,3253.82,1437.11,4.97,Yes,8655
55102,Acer Laptops Air 6,Electronics,Laptops,ACER,3192.41,1477.74,3.84,Yes,8466
55103,Under Armour Cycling X 6,Sports,Cycling,UNDER ARMOUR,78205.63,48627.38,3.96,Yes,8572
55104,UCB Women Smart 7,Fashion,Women Clothing,UCB,38958.84,27217.88,3.39,Yes,7162
55105,Cosco Cycling Smart 5,Sports,Cycling,COSCO,6553.49,2938.37,4.38,No,8003
55106,Adidas Bags Elite 8,Fashion,Bags,ADIDAS,3575.71,1557.88,3.97,Yes,8899
55107,HEALTHKART First Smart 7,Health,First Aid,HEALTHKART,114759.06,46919.48,4.63,Yes,8005
55108,Adidas Watches Edge 7,Fashion,Watches,ADIDAS,410.7,261.37,4.84,Yes,8552
55109,Bosch Car Max 1,Automotive,Car Accessories,BOSCH,9444.81,5929.62,4.03,Yes,8876
55110,Pantene Fragrances Mini 1,Beauty,Fragrances,PANTENE,82785.4,37012.05,4.56,No,8496
55111,Nike Sports Shoes Pro,Fashion,Kids Wear,PUMA,2420.52,1016.9,3.43,No,8251
55112,Parle Staples Premium 9,Grocery,Staples,PARLE,10013.18,4147.25,3.08,Yes,8697
55113,Canon Accessories Max 2,Electronics,Accessories,CANON,1877.12,1319.33,4.13,Yes,8196
55114,Xiaomi Gaming X 4,Electronics,Gaming,XIAOMI,28953.77,11932.35,3.77,No,7851
55115,Borosil Lighting Lite 1,Home Kitchen,Lighting,BOROSIL,157168.49,71986.74,3.86,No,7070
55116,Pearson Fiction Plus 4,Books,Fiction,PEARSON,13224.71,7210.65,3.44,No,7362
55117,Michelin Bike Premium 1,Automotive,Bike Accessories,MICHELIN,60449.33,40606.92,3.93,Yes,8794
55118,Bajaj Furniture Ultra 2,Home Kitchen,Furniture,BAJAJ,590.25,324.23,3.72,No,7686
55119,Biotique Makeup Smart 5,Beauty,Makeup,BIOTIQUE,97378.14,67171.84,4.11,Yes,8926
55120,Webby Remote Edge 8,Toys,Remote Control,WEBBY,3230.88,2030.08,3.01,Yes,8363
55121,Levis Men Active 6,Fashion,Men Clothing,LEVIS,9055.8,3722.89,3.14,Yes,8439
55122,P&G Beverages X 5,Grocery,Beverages,P&G,12336.51,7286.97,4.91,Yes,7083
55123,Van Heusen Footwear X 2,Fashion,Footwear,VAN HEUSEN,4157.26,2461.74,4.67,No,7267
55124,Nivea Makeup Pro 9,Beauty,Makeup,NIVEA,560.19,384.43,3.25,Yes,7998
55125,PUMA Watches Plus 2,Fashion,Watches,PUMA,495.34,278.6,3.18,Yes,7492
55126,Oxford Self Flex 7,Books,Self Help,OXFORD,191.17,100.06,2.64,Yes,8761
55127,Bajaj Lighting Smart 6,Home Kitchen,Lighting,BAJAJ,585.75,245.77,3.47,No,7517
55128,Cipla Supplements Elite 9,Health,Supplements,CIPLA,13778.79,6281.64,4.4,Yes,7523
55129,Yonex Swimming Plus 5,Sports,Swimming,YONEX,4424.55,2034.87,3.32,No,7134
55130,Himalaya Supplements X 3,Health,Supplements,HIMALAYA,6017.29,2813.8,2.67,No,7283
55131,P&G Beverages Pro 2,Grocery,Beverages,P&G,832.07,380.34,4.29,Yes,8908
55132,Webby Action Plus 5,Toys,Action Figures,WEBBY,309.69,217.74,3.27,No,8645
55133,Under Armour Badminton Ultra 2,Sports,Badminton,UNDER ARMOUR,216911.14,120659.67,4.41,Yes,8215
55134,OnePlus Cameras Air 7,Electronics,Cameras,ONEPLUS,463.89,249.04,2.65,Yes,7949
55135,Dabur Baby Max 3,Grocery,Baby Products,DABUR,874.78,554.38,4.75,Yes,8732
55136,Healthkart Ayurveda Max 7,Health,Ayurveda,HEALTHKART,152.09,66.54,4.58,Yes,8195
55137,Xiaomi Cameras Premium 7,Electronics,Cameras,XIAOMI,3535.93,1639.1,2.77,Yes,8668
55138,Shell Lubricants Active 2,Automotive,Lubricants,SHELL,4666.49,2817.62,2.99,Yes,7996
55139,Speedo Fitness Pro 3,Sports,Fitness Equipment,SPEEDO,56159.82,39525.53,3.16,Yes,7375
55140,Parle Staples Active 4,Grocery,Staples,PARLE,182.74,122.35,2.59,No,7525
55141,P&G Dairy Active 2,Grocery,Dairy,P&G,7070.39,4170.21,3.37,No,8606
55142,Ok Play Action Ultra 7,Toys,Action Figures,OK PLAY,17179.25,7926.77,3.74,Yes,7098
55143,Arihant Biographies Max 2,Books,Biographies,ARIHANT,561.61,229.15,3.65,No,8175
55144,Biotique Mens Pro 1,Beauty,Mens Grooming,BIOTIQUE,14377.82,6645.56,4.36,Yes,7922
55145,Speedo Swimming Neo 5,Sports,Swimming,SPEEDO,2481.12,1669.8,4.4,Yes,8672
55146,harpercollins Biographies Edge 1,Books,Biographies,HARPERCOLLINS,3687.52,2523.07,4.61,Yes,7613
55147,Havells Furniture Ultra 5,Home Kitchen,Furniture,HAVELLS,75090.31,34576.27,4.25,Yes,7075
55148,Titan Men Premium 7,Fashion,Men Clothing,TITAN,12937.01,8958.62,5.0,Yes,7535
55149,Apple Tablets X 1,Electronics,Tablets,APPLE,2831.22,1223.84,4.15,Yes,8481
55150,Patanjali Personal Elite 5,Grocery,Personal Care,PATANJALI,15945.53,10977.3,3.83,Yes,7602
55151,HIMALAYA First Plus 8,Health,First Aid,HIMALAYA,430.01,302.37,3.39,Yes,8049
55152,Tata Staples Smart 8,Grocery,Staples,TATA,9948.47,4740.07,4.23,No,7070
55153,OnePlus Smart Active 5,Electronics,Smart Tvs,ONEPLUS,882.03,421.02,3.82,Yes,7753
55154,Muscleblaze Vitamins Air 1,Health,Vitamins,MUSCLEBLAZE,253427.45,159148.23,3.59,No,8738
55155,OPPO Smart Ultra 4,Electronics,Smart Tvs,OPPO,478.81,279.79,3.77,Yes,8470
55156,Lakme Fragrances Smart 4,Beauty,Fragrances,LAKME,425.05,172.84,4.54,Yes,7687
55157,Ok Play Soft Smart 9,Toys,Soft Toys,OK PLAY,806.42,547.62,3.11,Yes,7023
55158,Steelbird Tyres X 6,Automotive,Tyres,STEELBIRD,79981.43,33349.27,2.74,Yes,8901
55159,Speedo Yoga Elite 6,Sports,Yoga,SPEEDO,4082.2,2781.02,4.9,Yes,8788
55160,Bosch Car Edge 4,Automotive,Car Accessories,BOSCH,956.17,464.84,4.29,Yes,8185
55161,HUL Dairy Flex 8,Grocery,Dairy,HUL,34566.1,17108.59,4.68,Yes,7773
55162,Vivo Cameras Ultra 6,Electronics,Cameras,VIVO,709.75,408.56,3.05,Yes,8963
55163,Shell Tyres Edge 5,Automotive,Tyres,SHELL,4669.57,3066.12,4.51,Yes,8597
55164,Louis Philippe Kids Plus 8,Fashion,Kids Wear,LOUIS PHILIPPE,57577.41,38171.93,2.61,No,8600
55165,Steelbird Lubricants Mini 8,Automotive,Lubricants,STEELBIRD,255527.13,115688.33,3.05,Yes,8915
55166,Forest Essentials Skincare Ultra 4,Beauty,Skincare,FOREST ESSENTIALS,12923.31,5594.96,3.8,Yes,7227
55167,Forest Essentials Fragrances Mini 8,Beauty,Fragrances,FOREST ESSENTIALS,890.95,497.97,2.51,Yes,7685
55168,Abbott Protein Edge 1,Health,Protein,ABBOTT,37151.09,24781.86,3.3,Yes,7905
55169,Asus Laptops Plus 9,Electronics,Laptops,ASUS,422.64,301.36,2.99,Yes,7799
55170,Abbott Protein Neo 3,Health,Protein,ABBOTT,12729.19,6344.23,4.53,Yes,8316
55171,Parle Staples Mini 5,Grocery,Staples,PARLE,309.98,213.04,4.2,Yes,8388
55172,Amul Dairy Edge 8,Grocery,Dairy,AMUL,244999.31,169530.42,2.78,Yes,7386
55173,Webby Board Flex 6,Toys,Board Games,WEBBY,4331.2,2132.04,4.72,Yes,8560
55174,Speedo Badminton Pro 7,Sports,Badminton,SPEEDO,60020.79,43167.29,3.38,Yes,8473
55175,Xiaomi Accessories Ultra 1,Electronics,Unknown,XIAOMI,4897.46,2525.85,3.06,Yes,7987
55176,Borosil Storage Edge 1,Home Kitchen,Storage,BOROSIL,196.73,129.54,2.69,Yes,8238
55177,LG Tablets Plus 7,Electronics,Tablets,LG,2624.59,1557.1,3.62,Yes,7163
55178,Muscleblaze First Neo 7,Health,First Aid,MUSCLEBLAZE,68090.42,40627.4,4.14,Yes,7766
55179,MRF Fitness Lite 5,Sports,Unknown,MRF,52333.58,31798.77,3.71,Yes,8313
55180,Bajaj Garden Flex 6,Home Kitchen,Garden,BAJAJ,172371.49,99415.84,3.98,Yes,7554
55181,Fastrack Kids Smart 5,Fashion,Kids Wear,FASTRACK,140382.04,68567.33,2.99,Yes,7064
55182,Asus Accessories Flex 3,Electronics,Accessories,ASUS,121117.83,75817.19,4.89,Yes,8933
55183,Pigeon Lighting Elite 6,Home Kitchen,Unknown,PIGEON,680.39,358.07,3.03,Yes,8638
55184,Forest Essentials Makeup Mini 3,Beauty,Makeup,FOREST ESSENTIALS,42568.09,20155.38,4.1,Yes,7337
55185,Patanjali Staples Active 1,Grocery,Staples,PATANJALI,3924.41,2438.73,3.89,Yes,7959
55186,Hasbro Puzzles X 9,Toys,Puzzles,HASBRO,12097.02,7280.18,4.03,Yes,8862
55187,Funskool Action Pro 2,Toys,Action Figures,FUNSKOOL,2029.15,1437.52,3.97,Yes,8281
55188,Castrol Tyres Mini 9,Automotive,Tyres,CASTROL,19807.64,8413.54,2.53,Yes,8040
55189,Prestige Furniture Neo 2,Home Kitchen,Furniture,PRESTIGE,199.18,126.01,3.97,Yes,8914
55190,LEGO Soft Premium 3,Toys,Soft Toys,LEGO,3842.77,2587.15,4.6,Yes,7866
55191,Lakme Skincare Mini 1,Beauty,Skincare,LAKME,105.77,48.62,2.9,Yes,7391
55192,Himalaya First Smart 6,Health,First Aid,HIMALAYA,3836.97,2463.76,4.04,Yes,7209
55193,H&M Jewellery Pro 2,Fashion,Jewellery,H&M,1008.66,484.74,2.99,Yes,7028
55194,Muscleblaze Ayurveda Edge 1,Health,Ayurveda,MUSCLEBLAZE,790.35,378.85,4.52,Yes,7981
55195,Gillette Haircare Air 4,Beauty,Haircare,GILLETTE,32010.54,19467.08,4.46,Yes,7980
55196,Scholastic Biographies Ultra 5,Books,Biographies,SCHOLASTIC,101.84,65.27,3.78,Yes,7088
55197,Himalaya First Lite 5,Health,First Aid,HIMALAYA,9640.74,6042.85,2.68,Yes,7073
55198,Usha Appliances Air 4,Home Kitchen,Appliances,USHA,707.77,494.75,2.51,Yes,8575
55199,Castrol Car Plus 5,Automotive,Car Accessories,CASTROL,2108.22,1260.2,4.36,Yes,8698
55200,Zara Kids Flex 1,Fashion,Kids Wear,ZARA,8226.2,4935.72,3.33,Yes,7074
55201,PIGEON Lighting Max 5,Home Kitchen,Lighting,PIGEON,193817.0,123976.1,4.14,Yes,7493
55202,Pearson Academic Max 8,Books,Academic,PEARSON,937.07,662.32,3.34,Yes,7175
55203,Muscleblaze Protein Flex 9,Health,Protein,MUSCLEBLAZE,16727.3,8281.63,4.31,Yes,7614
55204,Peter England Footwear Mini 5,Fashion,Footwear,PETER ENGLAND,2826.46,1879.1,4.28,Yes,7120
55205,SG Badminton Premium 4,Sports,Badminton,SG,217508.31,144708.45,3.88,Yes,7074
55206,Apple Tablets Flex 8,Electronics,Tablets,APPLE,14232.05,6338.11,4.97,Yes,8170
55207,H&M Women Edge 7,Fashion,Unknown,H&M,956.05,679.71,3.38,Yes,8918
55208,Cipla Supplements Pro 3,Health,Supplements,CIPLA,11806.97,8303.06,3.94,Yes,7897
55209,JBL Laptops Ultra 4,Electronics,Laptops,JBL,871.8,552.64,3.62,Yes,7418
55210,Webby Educational Mini 2,Toys,Educational,WEBBY,4555.5,2029.1,4.24,No,8850
55211,Castrol Lubricants Max 5,Automotive,Lubricants,CASTROL,2704.91,1234.23,3.3,Yes,7853
55212,Cipla Vitamins Max 7,Health,Vitamins,CIPLA,17535.08,9907.68,4.14,No,7719
55213,Philips Lighting Mini 4,Home Kitchen,Lighting,PHILIPS,18554.96,7679.48,4.84,Yes,8274
55214,Vega Tools Edge 5,Automotive,Tools,VEGA,625.37,273.25,4.2,Yes,8236
55215,Tata Beverages Lite 1,Grocery,Beverages,TATA,169.37,83.36,3.07,Yes,7379
55216,3M Bike Lite 7,Automotive,Bike Accessories,3M,77171.8,36523.77,3.97,Yes,7757
55217,realme Laptops Smart 3,Electronics,Laptops,REALME,705.7,373.82,4.66,Yes,7783
55218,UCB Jewellery Mini 4,Fashion,Jewellery,UCB,205.09,130.96,4.89,Yes,8328
55219,Fast&Up Ayurveda Flex 6,Health,Ayurveda,FAST&UP,2658.15,1159.88,3.56,No,8563
55220,Vega Lubricants Max 4,Automotive,Lubricants,VEGA,4920.54,2357.18,4.68,No,8708
55221,SG Running Max 6,Sports,Running,SG,6262.66,3985.27,2.67,Yes,8616
55222,Peter England Footwear Premium 8,Fashion,Footwear,PETER ENGLAND,46052.45,23661.85,2.61,No,8643
55223,Castrol Bike Lite 9,Automotive,Bike Accessories,CASTROL,4526.78,3018.73,3.41,No,8341
55224,Dabur First Elite 9,Health,First Aid,DABUR,59829.34,42843.82,2.61,Yes,7319
55225,Biotique Fragrances Premium 4,Beauty,Fragrances,BIOTIQUE,995.12,435.25,3.54,Yes,8705
55226,Milton Appliances Pro 3,Home Kitchen,Appliances,MILTON,12160.82,4993.38,3.17,No,7722
55227,Forest Essentials Skincare Max 3,Beauty,Skincare,FOREST ESSENTIALS,1197.89,506.15,4.6,Yes,8087
55228,P&G Dairy Elite 7,Grocery,Dairy,P&G,434.64,188.43,3.84,Yes,7681
55229,Pigeon Bedding Active 5,Home Kitchen,Bedding,PIGEON,6670.17,3849.15,2.84,No,7544
55230,Penguin Academic X 5,Books,Academic,PENGUIN,61921.9,40185.18,4.12,Yes,7107
55231,Sony Headphones Plus 1,Electronics,Headphones,SONY,22895.36,15607.72,4.49,Yes,7092
55232,Fast&Up First Edge 6,Health,First Aid,FAST&UP,697.57,375.41,2.53,Yes,7832
55233,Fast&Up Protein Mini 7,Health,Protein,FAST&UP,11317.27,6418.47,3.41,Yes,7659
55234,Amul Baby X 5,Grocery,Baby Products,AMUL,637.47,300.4,3.25,Yes,7615
55235,oxford Biographies Active 9,Books,Biographies,OXFORD,6958.38,4444.13,4.62,Yes,7587
55236,Cosco Badminton Active 5,Sports,Badminton,COSCO,10097.43,5852.35,3.9,No,7291
55237,Steelbird Tyres X 2,Automotive,Tyres,STEELBIRD,40975.21,16503.31,4.21,No,8237
55238,UCB Women Lite 9,Fashion,Women Clothing,UCB,3934.58,2114.31,2.55,Yes,8659
55239,Oxford Biographies Lite 5,Books,Biographies,OXFORD,257171.07,178691.08,3.5,No,7123
55240,Havells Garden Smart 7,Home Kitchen,Garden,HAVELLS,13979.75,7708.75,3.62,Yes,8434
55241,P&G Baby Ultra 8,Grocery,Baby Products,P&G,13152.27,8075.98,4.29,No,7294
55242,Realme Gaming Neo 7,Electronics,Gaming,REALME,180984.56,90828.22,4.48,Yes,7682
55243,ITC Beverages X 8,Grocery,Beverages,ITC,597.25,334.08,4.2,No,7472
55244,Biotique Makeup Pro 5,Beauty,Makeup,BIOTIQUE,3032.88,1224.91,4.58,Yes,8410
55245,Pearson Academic Ultra 1,Books,Academic,PEARSON,1299.73,757.58,3.53,Yes,7601
55246,Cipla Medical Edge 5,Health,Medical Devices,CIPLA,1843.16,777.89,3.71,No,8193
55247,Hasbro Action Smart 6,Toys,Action Figures,HASBRO,4535.47,1857.59,4.5,Yes,7464
55248,SG Yoga Smart 6,Sports,Yoga,SG,1795.58,1256.906,4.65,Yes,8478
55249,Fast&Up Ayurveda Active 1,Health,Ayurveda,FAST&UP,4655.68,1919.65,4.48,Yes,8423
55250,Pantene Skincare Edge 3,Beauty,Skincare,PANTENE,255760.39,139657.19,2.81,No,7261
55251,Peter England Footwear Elite 2,Fashion,Footwear,PETER ENGLAND,357.39,200.27,3.23,Yes,8480
55252,Mattel Action Flex 1,Toys,Action Figures,MATTEL,13718.83,9576.36,4.25,Yes,7271
55253,MRF Badminton Elite 7,Sports,Badminton,MRF,771.02,319.19,4.18,No,7090
55254,Yonex Cricket Edge 8,Sports,Cricket,YONEX,258.0,133.31,3.53,Yes,7477
55255,Vega Car Pro 1,Automotive,Car Accessories,VEGA,618.76,362.72,3.44,Yes,7434
55256,Parle Dairy Edge 4,Grocery,Dairy,PARLE,6309.63,2628.06,2.84,Yes,8694
55257,Patanjali Beverages Active 5,Grocery,Beverages,PATANJALI,1160.79,721.97,3.03,Yes,8062
55258,Woodland Jewellery Edge 2,Fashion,Jewellery,WOODLAND,515.86,242.95,4.99,Yes,7156
55259,Nivea Fragrances Lite 9,Beauty,Fragrances,NIVEA,2747.23,1934.77,2.69,Yes,8075
55260,Fast&Up First Elite 3,Health,First Aid,FAST&UP,27529.86,14813.24,3.4,Yes,7616
55261,Zara Footwear Flex 9,Fashion,Footwear,ZARA,997.23,413.74,3.16,Yes,7897
55262,Mattel Soft Elite 9,Toys,Unknown,MATTEL,2211.48,1138.23,3.51,No,8954
55263,Butterfly Lighting Neo 7,Home Kitchen,Lighting,BUTTERFLY,685.36,488.48,3.04,Yes,7170
55264,3M Lubricants Mini 2,Automotive,Lubricants,3M,4065.51,1764.39,2.95,Yes,8484
55265,Scholastic Fiction X 1,Books,Unknown,SCHOLASTIC,58063.27,37875.65,3.51,Yes,7803
55266,Dell Gaming Active 8,Electronics,Gaming,DELL,14337.61,9296.01,3.43,Yes,7285
55267,Steelbird Tools X 3,Automotive,Tools,STEELBIRD,1500.35,880.28,2.83,Yes,8865
55268,Amul Snacks Pro 2,Grocery,Unknown,AMUL,1994.84,1350.54,4.54,Yes,7099
55269,Amul Baby Elite 6,Grocery,Baby Products,AMUL,3471.535,2950.80475,3.15,Yes,8346
55270,Samsung Headphones Mini 9,Electronics,Headphones,SAMSUNG,3450.27,1577.78,5.0,No,7759
55271,healthkart Supplements Smart 1,Health,Supplements,HEALTHKART,555.29,252.83,2.72,Yes,7090
55272,Orient Garden Premium 7,Home Kitchen,Unknown,ORIENT,678.85,435.41,2.92,Yes,8384
55273,DABUR Beverages Ultra 2,Grocery,Beverages,DABUR,4722.41,2178.88,3.5,No,8738
55274,Canon Accessories Premium 4,Electronics,Accessories,CANON,43018.57,25693.55,3.07,Yes,8100
55275,Oxford Biographies Mini 4,Books,Biographies,OXFORD,373.38,240.23,4.71,Yes,7722
55276,Nestle Beverages Mini 6,Grocery,Beverages,NESTLE,1494.25,885.75,3.51,Yes,8430
55277,Havells Appliances Flex 2,Home Kitchen,Appliances,HAVELLS,76600.59,51938.37,2.95,Yes,8690
55278,Michelin Tyres Mini 7,Automotive,Tyres,MICHELIN,641.36,422.89,4.98,Yes,8236
55279,H&M Sunglasses Lite 8,Fashion,Sunglasses,H&M,3464.27,2356.03,2.54,Yes,7754
55280,Funskool Remote Neo 5,Toys,Remote Control,FUNSKOOL,2211.4,1118.01,3.05,Yes,8440
55281,Arihant Biographies Smart 6,Books,Biographies,ARIHANT,47151.66,28402.24,2.51,Yes,7259
55282,Pearson Fiction Plus 5,Books,Fiction,PEARSON,381.13,256.25,3.92,Yes,8787
55283,Shell Tyres Max 5,Automotive,Tyres,SHELL,9456.68,3953.89,3.26,No,8089
55284,Scholastic Biographies Active 4,Books,Biographies,SCHOLASTIC,4252.86,2642.98,3.54,Yes,8656
55285,Oxford Children Elite 2,Books,Children Books,OXFORD,865.96,523.23,4.27,Yes,8030
55286,nike Jewellery Lite 3,Fashion,Jewellery,NIKE,935.48,643.97,2.51,Yes,8933
55287,Mattel Action X 1,Toys,Action Figures,MATTEL,3713.76,2250.62,4.53,No,8613
55288,Michelin Bike Premium 4,Automotive,Bike Accessories,MICHELIN,353.03,154.13,3.69,No,8524
55289,H&M Jewellery Elite 4,Fashion,Jewellery,H&M,844.95,544.05,3.4,Yes,7876
55291,Scholastic Academic X 3,Books,Academic,SCHOLASTIC,421.19,293.85,2.76,Yes,7016
55292,Castrol Bike Active 9,Automotive,Bike Accessories,CASTROL,158437.86,93794.16,3.5,Yes,7663
55293,LOreal Haircare Elite 1,Beauty,Haircare,LOREAL,3917.0,1746.56,4.91,Yes,7727
55294,Yonex Running Pro 6,Sports,Running,YONEX,50477.01,25244.85,2.86,No,7806
55295,Abbott Medical Active 4,Health,Medical Devices,ABBOTT,4082.84,2584.51,4.17,Yes,7272
55296,Mattel Remote Neo 2,Toys,Remote Control,MATTEL,78688.76,31510.36,2.72,Yes,8528
55297,Arihant Non Neo 8,Books,Non Fiction,ARIHANT,686.69,352.71,3.9,No,7589
55298,Van Heusen Bags Elite 7,Fashion,Bags,VAN HEUSEN,7057.46,4863.96,4.67,Yes,8578
55299,Scholastic Fiction Smart 4,Books,Fiction,SCHOLASTIC,4538.97,742.93,4.12,No,7150
55300,Webby Puzzles Air 2,Toys,Puzzles,WEBBY,13611.66,7244.73,2.54,Yes,7807
55301,Tata Beverages Plus 4,Grocery,Beverages,TATA,4548.02,1825.52,3.13,Yes,8480
55302,Realme Laptops Mini 9,Electronics,Laptops,REALME,12729.5,8768.32,3.42,Yes,7517
55303,Speedo Fitness X 6,Sports,Fitness Equipment,SPEEDO,104.78,55.89,4.61,No,8671
55304,Bosch Tools Neo 8,Automotive,Tools,BOSCH,295188.89,164533.24,3.34,Yes,7658
55305,Nikon Smart Edge 3,Electronics,Smart Tvs,NIKON,924.37,394.35,3.81,No,8820
55306,Oxford Academic X 9,Books,Academic,OXFORD,958.65,620.66,2.98,Yes,7005
55307,Usha Decor Elite 3,Home Kitchen,Decor,USHA,822.98,381.62,3.41,Yes,7686
55308,Michelin Bike Neo 9,Automotive,Bike Accessories,MICHELIN,578.04,241.03,3.37,Yes,8933
55309,Borosil Storage Ultra 4,Home Kitchen,Storage,BOROSIL,74409.1,50564.96,3.56,No,8809
55310,Funskool Remote Plus 7,Toys,Remote Control,FUNSKOOL,41666.0,17908.04,4.69,No,8292
55311,Britannia Personal X 6,Grocery,Personal Care,BRITANNIA,28709.03,16838.09,3.39,No,8868
55312,Dove Haircare Edge 8,Beauty,Haircare,DOVE,11657.13,6752.5,3.33,No,7287
55313,MRF Fitness Ultra 9,Sports,Fitness Equipment,MRF,388.37,236.41,3.65,Yes,8286
55314,Pigeon Cookware Edge 1,Home Kitchen,Cookware,PIGEON,2335.76,1162.16,3.98,Yes,7891
55315,Levis Bags Neo 7,Fashion,Bags,LEVIS,3817.59,1781.19,3.01,Yes,8385
55316,Speedo Cricket Plus 7,Sports,Cricket,SPEEDO,4795.84,3243.65,3.58,No,7196
55317,Xiaomi Mobiles Premium 7,Electronics,Mobiles,XIAOMI,18367.51,8118.66,4.4,Yes,8382
55318,Tata Staples Neo 3,Grocery,Staples,TATA,621.26,278.71,2.91,Yes,7543
55319,Britannia Staples Lite 6,Grocery,Staples,BRITANNIA,13289.5,7937.84,3.95,Yes,7869
55320,Fast&Up Vitamins Mini 3,Health,Vitamins,FAST&UP,160681.39,70426.95,5.0,Yes,7738
55321,Realme Laptops Lite 3,Electronics,Laptops,REALME,350.76,222.7,2.62,Yes,8423
55322,Castrol Bike Neo 5,Automotive,Bike Accessories,CASTROL,325.93,143.54,4.29,Yes,8464
55323,Fast&Up Medical Elite 4,Health,Medical Devices,FAST&UP,2718.86,1505.13,3.55,Yes,8320
55324,Nike Sports Shoes Pro,Grocery,Personal Care,DABUR,4840.445,4114.37825,4.7,Yes,7096
55325,Cipla Supplements Active 2,Health,Supplements,CIPLA,4482.52,1929.4,4.0,Yes,7716
55326,Himalaya Medical Flex 4,Health,Medical Devices,HIMALAYA,800.05,462.98,3.84,Yes,8305
55327,Dabur Cleaning Pro 8,Grocery,Cleaning,DABUR,11448.67,5918.74,3.93,No,7090
55328,LG Mobiles Max 6,Electronics,Mobiles,LG,8207.18,4740.65,3.55,Yes,7171
55329,Ok Play Remote Active 5,Toys,Remote Control,OK PLAY,3203.33,1908.04,4.51,Yes,8621
55330,Steelbird Tools Edge 7,Automotive,Tools,STEELBIRD,379.25,261.76,3.9,Yes,7760
55331,Puma Watches Active 6,Fashion,Watches,PUMA,632.2,275.22,3.44,Yes,8472
55332,Castrol Tyres Edge 2,Automotive,Tyres,CASTROL,19623.15,12868.29,4.69,No,8215
55333,Dabur Fruits Premium 6,Grocery,Fruits Vegetables,DABUR,10714.92,7641.32,4.74,Yes,7706
55334,Dabur Baby Lite 3,Grocery,Baby Products,DABUR,10936.96,7730.09,4.23,No,7590
55335,Fastrack Kids Premium 3,Fashion,Kids Wear,FASTRACK,30989.1,13151.85,3.11,Yes,7292
55336,Muscleblaze First Pro 9,Health,First Aid,MUSCLEBLAZE,1730.66,1231.19,3.74,Yes,7709
55337,Penguin Academic Max 7,Books,Academic,PENGUIN,14865.04,6990.32,4.07,Yes,8266
55338,3M Bike Edge 9,Automotive,Bike Accessories,3M,14019.73,9231.73,5.0,Yes,8334
55339,Pantene Skincare Max 7,Beauty,Skincare,PANTENE,4227.72,2167.65,3.38,Yes,7190
55340,Titan Men Active 6,Fashion,Men Clothing,TITAN,11786.4,5876.78,3.92,Yes,8341
55341,Fastrack Footwear Air 4,Fashion,Footwear,FASTRACK,1032.39,583.46,4.15,No,8771
55342,UCB Jewellery Edge 9,Fashion,Jewellery,UCB,6838.09,4295.35,4.2,Yes,8655
55343,Amul Fruits Lite 9,Grocery,Fruits Vegetables,AMUL,363.8,179.6,4.34,Yes,8807
55344,Boat Rockerz 550,Toys,Remote Control,FISHER PRICE,79176.93,51118.37,3.51,Yes,8273
55345,Pigeon Storage Flex 2,Home Kitchen,Storage,PIGEON,229.9,163.52,2.57,No,7256
55346,Steelbird Tyres Pro 7,Automotive,Tyres,STEELBIRD,437.98,207.32,2.54,Yes,8155
55347,Fast&Up Vitamins Plus 8,Health,Vitamins,FAST&UP,66702.88,27673.75,2.97,No,7530
55348,Bata Men Pro 3,Fashion,Men Clothing,BATA,243.24,113.04,3.09,Yes,8906
55349,Dove Mens Edge 4,Beauty,Mens Grooming,DOVE,6408.8,3774.08,4.13,Yes,7559
55350,MICHELIN Car Plus 2,Automotive,Car Accessories,MICHELIN,837.37,436.73,3.72,Yes,7489
55351,Parle Snacks Edge 7,Grocery,Snacks,PARLE,472.67,230.82,3.95,Yes,7165
55352,3M Car Air 5,Automotive,Car Accessories,3M,6884.03,2981.4,3.01,Yes,7528
55353,Usha Appliances Elite 3,Home Kitchen,Appliances,USHA,621.37,337.35,2.8,No,8353
55354,Milton Bedding Plus 1,Home Kitchen,Bedding,MILTON,154715.27,108303.52,2.84,Yes,8073
55355,Cipla Ayurveda Active 2,Health,Ayurveda,CIPLA,12461.59,5493.27,3.1,Yes,8850
55356,Under Armour Cycling Elite 1,Sports,Cycling,UNDER ARMOUR,187.89,86.18,3.06,Yes,8045
55357,P&G Staples Neo 2,Grocery,Staples,P&G,1226.35,798.81,4.29,No,8724
55358,Patanjali Fruits Neo 4,Grocery,Fruits Vegetables,PATANJALI,922.16,624.27,4.45,Yes,8339
55359,Steelbird Bike Active 7,Automotive,Bike Accessories,STEELBIRD,242456.72,168720.07,4.12,No,8472
55360,Decathlon Badminton Max 4,Sports,Badminton,DECATHLON,331.43,192.24,4.7,Yes,8249
55361,Pearson Children Smart 4,Books,Children Books,PEARSON,209807.96,96391.43,2.87,Yes,8127
55362,Lakme Fragrances Pro 4,Beauty,Fragrances,LAKME,881.51,455.34,4.0,Yes,8919
55363,Lego Soft Edge 7,Toys,Soft Toys,LEGO,990.34,495.37,4.84,Yes,8533
55364,ITC Personal Neo 7,Grocery,Personal Care,ITC,1075.83,469.16,4.55,No,7837
55365,Oxford Academic Edge 2,Books,Academic,OXFORD,3711.5,2560.89,4.28,Yes,8260
55366,BOSCH Tools Smart 8,Automotive,Tools,BOSCH,14540.19,8234.67,2.75,Yes,8065
55367,Ok Play Remote Premium 9,Toys,Remote Control,OK PLAY,3491.75,2038.61,4.43,Yes,8559
55368,HarperCollins Fiction Pro 2,Books,Fiction,HARPERCOLLINS,842.0,576.22,3.06,Yes,7276
55369,Cipla Ayurveda Edge 9,Health,Ayurveda,CIPLA,2413.58,1456.8,4.97,Yes,7081
55370,Steelbird Tools Neo 3,Automotive,Tools,STEELBIRD,234.63,120.83,3.42,Yes,7615
55371,Cipla Ayurveda Ultra 8,Health,Ayurveda,CIPLA,3941.95,2699.74,3.73,Yes,8506
55372,Nivea Fragrances Neo 3,Beauty,Fragrances,NIVEA,942.12,434.11,4.33,Yes,8716
55373,3M Lubricants Edge 2,Automotive,Lubricants,3M,16356.05,9654.37,3.14,Yes,8308
55374,Biotique Skincare Lite 5,Beauty,Skincare,BIOTIQUE,3256.28,1772.38,3.39,Yes,8867
55375,Oxford Children Ultra 5,Books,Children Books,OXFORD,660.49,330.245,3.69,Yes,8962
55376,Usha Appliances Active 7,Home Kitchen,Appliances,USHA,455.88,284.93,4.29,No,7165
55377,Castrol Car Edge 2,Automotive,Car Accessories,CASTROL,369.74,170.58,2.72,Yes,7362
55378,Ok Play Board Active 1,Toys,Board Games,OK PLAY,963.3,562.0,3.05,No,8451
55379,Healthkart First Elite 4,Health,First Aid,HEALTHKART,20065.39,12727.54,3.1,Yes,8523
55380,Hasbro Educational Premium 1,Toys,Educational,HASBRO,2845.81,1254.1,4.5,Yes,8121
55381,Amul Personal Max 3,Grocery,Personal Care,AMUL,551.06,252.77,5.0,No,8114
55382,Philips Garden Premium 1,Home Kitchen,Garden,PHILIPS,11378.22,6526.59,2.55,Yes,7985
55383,DOVE Haircare Ultra 1,Beauty,Unknown,DOVE,82710.65,42299.12,4.61,Yes,7223
55384,Mattel Board Plus 6,Toys,Unknown,MATTEL,1534.39,881.44,4.67,Yes,8952
55385,Zara Sunglasses Lite 5,Fashion,Sunglasses,ZARA,31938.0,20076.45,3.39,Yes,8742
55386,Fastrack Women Pro 1,Fashion,Women Clothing,FASTRACK,20963.8,11738.75,2.6,Yes,7889
55387,Realme Tablets X 7,Electronics,Tablets,REALME,16841.49,7057.22,2.84,No,8711
55388,Decathlon Yoga Plus 3,Sports,Yoga,DECATHLON,56594.62,33969.77,3.92,No,8260
55389,LOreal Mens Pro 9,Beauty,Mens Grooming,LOREAL,58244.57,35295.87,4.62,Yes,8965
55390,Oxford Biographies Flex 1,Books,Biographies,OXFORD,2602.06,1872.14,4.06,No,7583
55391,Forest Essentials Fragrances Mini 2,Beauty,Fragrances,FOREST ESSENTIALS,60568.09,40185.2,3.71,No,7103
55392,3M Tools Active 6,Automotive,Tools,3M,14429.79,8080.55,4.97,No,8501
55393,Adidas Women Max 7,Fashion,Women Clothing,ADIDAS,450.24,310.96,3.55,Yes,8988
55394,Usha Lighting Premium 7,Home Kitchen,Unknown,USHA,330.89,170.39,4.3,Yes,8034
55395,Milton Storage Lite 3,Home Kitchen,Storage,MILTON,484.23,273.93,3.87,Yes,8000
55396,H&M Kids X 1,Fashion,Kids Wear,H&M,56492.86,29676.91,4.86,Yes,8709
55397,Vega Lubricants Flex 6,Automotive,Lubricants,VEGA,37753.26,16346.78,4.38,Yes,7354
55398,Nestle Staples Mini 2,Grocery,Staples,NESTLE,554.69,263.12,4.18,Yes,7196
55399,Logitech Smartwatches Edge 1,Electronics,Smartwatches,LOGITECH,121053.33,86707.2,3.32,Yes,7105
55400,HP Headphones Air 6,Electronics,Headphones,HP,710.92,393.11,2.94,Yes,7564
55401,P&G Fruits Smart 3,Grocery,Fruits Vegetables,P&G,507.35,226.8,4.88,Yes,7513
55402,OPPO Gaming Pro 4,Electronics,Gaming,OPPO,4474.3,4026.8700000000003,3.27,Yes,8373
55403,Vega Tyres Plus 5,Automotive,Tyres,VEGA,221.96,129.85,3.3,Yes,7623
55404,Abbott Protein Mini 8,Health,Protein,ABBOTT,285377.85,122739.22,3.65,Yes,7159
55405,Lego Board Pro 4,Toys,Board Games,LEGO,892.78,387.71,4.17,Yes,8691
55406,Tanishq Kids Max 5,Fashion,Kids Wear,TANISHQ,2737.42,1387.83,2.58,No,7493
55407,Fast&Up Medical Plus 5,Health,Medical Devices,FAST&UP,1006.28,487.76,2.61,Yes,8472
55408,Arihant Children Lite 3,Books,Children Books,ARIHANT,732.45,456.66,2.83,No,7615
55409,HUL Snacks X 7,Grocery,Snacks,HUL,10329.03,4722.45,3.18,Yes,7729
55411,Steelbird Bike Neo 3,Automotive,Bike Accessories,STEELBIRD,810.89,564.14,4.86,No,8599
55412,Decathlon Badminton Edge 7,Sports,Badminton,DECATHLON,13697.03,9281.75,2.64,No,7747
55413,Borosil Decor Flex 2,Home Kitchen,Decor,BOROSIL,99837.63,71332.99,4.67,Yes,8679
55414,LG Cameras Premium 8,Electronics,Cameras,LG,2767.62,1607.03,4.21,No,7169
55415,Usha Lighting Pro 5,Home Kitchen,Lighting,USHA,210380.3,136792.9,4.24,No,8752
55416,Ok Play Educational Pro 8,Toys,Educational,OK PLAY,3921.38,2082.22,2.54,No,8544
55417,Levis Watches Ultra 2,Fashion,Watches,LEVIS,82196.19,54977.63,4.46,Yes,7126
55418,HUL Snacks Mini 2,Grocery,Snacks,HUL,310.42,193.4,3.01,Yes,8518
55419,Bata Bags Neo 8,Fashion,Bags,BATA,528.2,306.89,3.56,Yes,8822
55420,Orient Cookware Pro 7,Home Kitchen,Cookware,ORIENT,33344.11,14304.7,3.92,No,7879
55421,Nestle Snacks Neo 6,Grocery,Unknown,NESTLE,752.79,376.4,3.7,Yes,8683
55422,Pearson Self Mini 8,Books,Self Help,PEARSON,4359.89,2284.93,4.68,Yes,7971
55423,Healthkart Supplements X 9,Health,Supplements,HEALTHKART,1064.37,524.32,3.92,No,7051
55424,Dabur Baby Mini 6,Grocery,Baby Products,DABUR,377.78,213.94,4.7,Yes,7239
55425,Webby Puzzles Max 7,Toys,Puzzles,WEBBY,64193.48,31061.83,2.91,Yes,8657
55426,Amul Snacks Flex 3,Grocery,Snacks,AMUL,570.54,389.58,3.83,Yes,8757
55427,Ok Play Soft Flex 3,Toys,Soft Toys,OK PLAY,72079.64,49501.04,3.55,Yes,8633
55428,Adidas Watches Active 8,Fashion,Watches,ADIDAS,3899.19,2208.09,3.21,No,7636
55429,Hasbro Educational Flex 9,Toys,Educational,HASBRO,3964.02,1903.92,3.36,Yes,7361
55430,HarperCollins Fiction Flex 7,Books,Fiction,HARPERCOLLINS,8217.15,4427.28,4.85,Yes,7644
55431,Nivea Skincare Mini 3,Beauty,Skincare,NIVEA,909.78,564.55,2.54,Yes,8396
55432,Butterfly Garden Air 4,Home Kitchen,Garden,BUTTERFLY,196118.39,112887.55,3.34,No,8418
55433,Philips Lighting Ultra 2,Home Kitchen,Lighting,PHILIPS,345.39,167.12,4.52,Yes,7482
55434,Mattel Soft Active 3,Toys,Soft Toys,MATTEL,775.37,371.97,4.3,Yes,7722
55435,Pearson Fiction Ultra 5,Books,Fiction,PEARSON,8800.76,4551.13,3.47,Yes,8770
55436,Tanishq Kids Plus 5,Fashion,Kids Wear,TANISHQ,15686.39,8709.68,3.52,Yes,7556
55437,LOreal Skincare Max 6,Beauty,Skincare,LOREAL,11081.47,7453.7,3.35,No,8338
55438,Britannia Beverages Max 2,Grocery,Beverages,BRITANNIA,155768.05,98271.29,3.79,No,7648
55439,Orient Storage X 6,Home Kitchen,Storage,ORIENT,608.78,312.58,2.8,Yes,8370
55440,Pigeon Storage Elite 5,Home Kitchen,Storage,PIGEON,4213.65,2872.38,4.89,Yes,8643
55441,Vivo Mobiles Air 1,Electronics,Mobiles,VIVO,8152.85,4917.06,3.36,Yes,7200
55442,Castrol Lubricants Premium 1,Automotive,Lubricants,CASTROL,66077.85,29700.97,3.35,Yes,8444
55443,Bosch Tools Active 7,Automotive,Tools,BOSCH,218402.17,141067.17,3.08,Yes,8204
55444,Decathlon Cricket Neo 9,Sports,Cricket,DECATHLON,18860.19,8167.82,3.16,Yes,8986
55445,Steelbird Tools Neo 9,Automotive,Tools,STEELBIRD,23294.16,18635.328,5.0,No,8088
55446,Amul Snacks Mini 1,Grocery,Snacks,AMUL,141062.83,94312.9,5.0,Yes,7686
55447,Bosch Tyres Elite 1,Automotive,Tyres,BOSCH,2219.54,1403.9,4.82,Yes,7090
55448,Parle Cleaning Premium 2,Grocery,Cleaning,PARLE,548.44,305.01,3.15,Yes,8447
55449,Butterfly Appliances Plus 1,Home Kitchen,Appliances,BUTTERFLY,3398.38,2378.866,2.75,Yes,7387
55450,Steelbird Bike Active 8,Automotive,Bike Accessories,STEELBIRD,4856.91,2248.52,3.77,Yes,7003
55451,Boat Rockerz 550,Automotive,Bike Accessories,CASTROL,989.53,461.52,4.52,Yes,8791
55452,Patanjali Baby Edge 7,Grocery,Baby Products,PATANJALI,55645.51,39640.65,4.2,No,7602
55453,Philips Lighting Max 7,Home Kitchen,Lighting,PHILIPS,918.8,455.23,3.28,Yes,7061
55454,Forest Essentials Fragrances Mini 5,Beauty,Fragrances,FOREST ESSENTIALS,549.69,237.1,2.59,No,7015
55455,Webby Educational Ultra 4,Toys,Educational,WEBBY,7205.11,3585.49,4.41,Yes,7670
55456,Funskool Board X 8,Toys,Board Games,FUNSKOOL,24491.08,15567.85,3.73,Yes,8079
55457,Samsung Gaming Mini 6,Electronics,Gaming,SAMSUNG,10487.91,4364.14,2.88,Yes,7986
55458,Ok Play Soft Flex 3,Toys,Soft Toys,OK PLAY,2735.56,1752.19,4.1,Yes,8303
55459,Under Armour Fitness X 8,Sports,Unknown,UNDER ARMOUR,66761.27,48037.44,2.62,Yes,7273
55460,Dell Headphones Neo 4,Electronics,Headphones,DELL,59783.08,28105.66,3.08,Yes,7796
55461,Nivea Mens Premium 7,Beauty,Mens Grooming,NIVEA,1192.63,796.08,3.77,No,8546
55462,S.Chand Academic Ultra 6,Books,Academic,S.CHAND,160.04,76.39,2.68,Yes,7663
55463,SG Cricket Premium 5,Sports,Cricket,SG,937.07,567.97,4.31,Yes,8564
55464,Bosch Lubricants Lite 5,Automotive,Lubricants,BOSCH,8320.81,5451.8,4.06,Yes,8518
55465,Boat Tablets Air 2,Electronics,Tablets,BOAT,11970.65,5765.43,3.52,Yes,8413
55466,SG Yoga Smart 7,Sports,Yoga,SG,42534.51,21050.04,2.9,No,8298
55467,Fast&Up Supplements Edge 7,Health,Supplements,FAST&UP,4528.82,1831.3,4.97,No,8900
55468,Havells Bedding Edge 1,Home Kitchen,Bedding,HAVELLS,948.48,392.07,3.23,Yes,7364
55469,Reebok Fitness Max 9,Sports,Fitness Equipment,REEBOK,3064.4,1438.15,3.83,Yes,7518
55470,Dell Smartwatches Neo 5,Electronics,Smartwatches,DELL,6189.94,3879.11,3.04,Yes,7116
55471,BIOTIQUE Mens Premium 7,Beauty,Mens Grooming,BIOTIQUE,4818.93,3132.3045,3.96,Yes,8902
55472,Oxford Academic X 3,Books,Academic,OXFORD,4514.11,2868.42,2.76,Yes,7836
55473,Healthkart Ayurveda Active 9,Health,Ayurveda,HEALTHKART,3623.37,1476.15,4.69,Yes,8140
55474,Biotique Skincare Premium 6,Beauty,Skincare,BIOTIQUE,954.1,466.68,4.38,No,7336
55475,Parle Baby Neo 7,Grocery,Baby Products,PARLE,258.04,150.98,4.33,Yes,8956
55476,Yonex Fitness Active 5,Sports,Fitness Equipment,YONEX,3972.15,1798.54,4.93,Yes,7258
55477,Butterfly Appliances Neo 2,Home Kitchen,Appliances,BUTTERFLY,13523.57,7580.71,4.71,Yes,7043
55478,Steelbird Tools Lite 7,Automotive,Tools,STEELBIRD,720.74,576.592,4.22,Yes,8963
55479,Amul Cleaning Plus 1,Grocery,Cleaning,AMUL,537.75,324.23,3.89,Yes,8810
55480,ITC Beverages Mini 5,Grocery,Beverages,ITC,536.24,223.29,4.87,Yes,8423
55481,Zara Footwear Active 4,Fashion,Footwear,ZARA,203350.42,85781.11,2.9,No,8275
55482,Lenovo Smart Smart 2,Electronics,Smart Tvs,LENOVO,242.73,143.2,4.91,Yes,8213
55483,Patanjali Beverages Lite 7,Grocery,Beverages,PATANJALI,15635.25,9400.09,4.99,Yes,7464
55484,Acer Smart Elite 9,Electronics,Smart Tvs,ACER,4412.09,1883.6,4.83,Yes,7230
55485,Borosil Furniture X 1,Home Kitchen,Furniture,BOROSIL,3735.94,1694.55,4.75,Yes,7686
55486,Pantene Makeup Edge 3,Beauty,Makeup,PANTENE,2807.2,1694.09,4.11,No,7154
55487,Webby Board Neo 1,Toys,Board Games,WEBBY,194714.18,107584.4,2.69,Yes,8574
55488,SG Swimming Mini 7,Sports,Swimming,SG,2042.96,1251.6,2.71,Yes,8766
55489,Scholastic Non Active 6,Books,Non Fiction,SCHOLASTIC,61451.27,42071.49,3.25,Yes,7709
55490,Canon Headphones Premium 5,Electronics,Headphones,CANON,8358.59,4785.49,3.48,Yes,8793
55491,Scholastic Self Pro 8,Books,Self Help,SCHOLASTIC,1255.94,612.79,3.4,Yes,8157
55492,Hasbro Educational Flex 9,Toys,Educational,HASBRO,17749.22,11835.73,4.34,No,8881
55493,Tanishq Bags Smart 2,Fashion,Bags,TANISHQ,4995.39,2972.76,4.92,Yes,8615
55494,Mattel Puzzles Edge 2,Toys,Puzzles,MATTEL,107.24,47.55,3.1,Yes,8313
55495,Nike Watches Active 6,Fashion,Watches,NIKE,71375.5,34895.93,3.49,No,7603
55496,Mattel Action Plus 9,Toys,Action Figures,MATTEL,344.76,177.26,4.66,No,7050
55497,Bajaj Decor Elite 4,Home Kitchen,Decor,BAJAJ,19578.54,8988.43,3.12,Yes,8846
55498,Dove Makeup Ultra 9,Beauty,Makeup,DOVE,79765.72,49407.92,3.9,Yes,7759
55499,philips Cookware X 2,Home Kitchen,Cookware,PHILIPS,2908.93,1352.31,2.74,Yes,7271
55500,Realme Gaming Elite 3,Electronics,Gaming,REALME,7946.25,3352.38,4.2,Yes,8997
55501,Amul Snacks Premium 1,Grocery,Snacks,AMUL,701.88,342.85,3.96,Yes,8841
55502,LOreal Skincare Active 4,Beauty,Skincare,LOREAL,9371.69,6720.39,4.04,Yes,8447
55503,Muscleblaze Vitamins Premium 8,Health,Vitamins,MUSCLEBLAZE,837.16,492.88,3.01,Yes,7086
55504,Britannia Snacks Flex 4,Grocery,Snacks,BRITANNIA,17287.07,8919.72,3.03,Yes,7109
55505,HarperCollins Self Active 5,Books,Self Help,HARPERCOLLINS,30774.89,16786.06,4.22,Yes,7843
55506,SG Yoga Lite 7,Sports,Yoga,SG,4887.87,3499.9,4.88,No,7341
55507,Dell Headphones Ultra 4,Electronics,Headphones,DELL,511.63,280.74,4.35,Yes,8933
55508,SG Swimming Plus 6,Sports,Swimming,SG,429.19,289.63,4.12,No,8031
55509,Michelin Tools Flex 7,Automotive,Tools,MICHELIN,838.54,418.12,4.43,No,7001
55510,Michelin Bike Lite 9,Automotive,Bike Accessories,MICHELIN,3359.34,1920.49,3.98,Yes,7807
55511,Zara Bags Pro 4,Fashion,Bags,ZARA,262.31,173.71,5.0,Yes,8941
55512,Dove Fragrances Edge 7,Beauty,Fragrances,DOVE,143.5,96.22,2.96,No,7083
55513,Shell Bike Active 1,Automotive,Bike Accessories,SHELL,14018.01,7671.52,3.54,Yes,8734
55514,Pearson Non Lite 9,Books,Non Fiction,PEARSON,168.58,79.34,4.19,No,8114
55515,Cipla Protein Mini 3,Health,Protein,CIPLA,35759.55,18278.24,4.86,Yes,7723
55516,Parle Beverages Premium 7,Grocery,Beverages,PARLE,1543.84,945.62,4.21,Yes,7634
55517,Webby Puzzles Edge 1,Toys,Puzzles,WEBBY,685.73,441.89,2.87,Yes,8160
55518,Titan Men Elite 4,Fashion,Men Clothing,TITAN,203.14,113.53,3.23,Yes,7766
55519,Cipla First Mini 5,Health,First Aid,CIPLA,3296.04,1357.04,4.47,No,7685
55520,Pearson Self Edge 7,Books,Self Help,PEARSON,190.47,100.7,4.81,Yes,7326
55521,Speedo Cricket Elite 7,Sports,Cricket,SPEEDO,4622.41,2312.16,3.55,No,8362
55522,Lakme Skincare Air 6,Beauty,Skincare,LAKME,35262.8,23948.99,2.51,No,7359
55523,Nivea Makeup Mini 5,Beauty,Makeup,NIVEA,185.54,89.12,2.87,Yes,8520
55524,Arihant Fiction Plus 8,Books,Fiction,ARIHANT,251357.92,103738.31,4.17,Yes,7578
55525,Gillette Fragrances Lite 4,Beauty,Fragrances,GILLETTE,15447.31,6717.81,4.54,Yes,7676
55526,Fast&Up Supplements X 9,Health,Supplements,FAST&UP,4734.03,2649.87,2.61,No,7403
55527,Tanishq Sunglasses Air 5,Fashion,Sunglasses,TANISHQ,917.59,384.21,4.33,Yes,7454
55528,Havells Cookware Max 6,Home Kitchen,Cookware,HAVELLS,14243.47,9105.38,4.49,No,8441
55529,Orient Bedding Flex 5,Home Kitchen,Bedding,ORIENT,575.04,357.92,5.0,Yes,7505
55530,Biotique Haircare Mini 7,Beauty,Haircare,BIOTIQUE,79135.26,36520.67,3.33,No,7632
55531,Bosch Lubricants Neo 7,Automotive,Lubricants,BOSCH,705.8,447.25,3.23,Yes,8025
55532,Under Armour Cricket Flex 5,Sports,Cricket,UNDER ARMOUR,4965.29,3281.52,4.09,Yes,7896
55533,Maybelline Haircare Max 8,Beauty,Haircare,MAYBELLINE,1595.35,710.57,4.21,Yes,7423
55534,Milton Appliances Flex 5,Home Kitchen,Appliances,MILTON,1641.11,726.98,4.4,Yes,8480
55535,Boat Rockerz 550,Toys,Remote Control,HASBRO,1403.38,660.31,3.42,Yes,8805
55536,Pantene Makeup Air 5,Beauty,Makeup,PANTENE,2904.54,1826.79,3.89,Yes,7637
55537,Hasbro Board Air 9,Toys,Board Games,HASBRO,1625.0,1062.82,5.0,Yes,7865
55538,Usha Cookware Max 1,Home Kitchen,Cookware,USHA,1092.51,497.78,4.7,No,7476
55539,Speedo Cricket Plus 3,Sports,Cricket,SPEEDO,18979.7,7887.4,4.74,Yes,7865
55540,3M Lubricants Active 7,Automotive,Lubricants,3M,311.34,190.39,4.69,Yes,8935
55541,Gillette Mens Premium 8,Beauty,Mens Grooming,GILLETTE,44204.54,28732.951,4.32,Yes,7043
55542,Muscleblaze Supplements Active 5,Health,Supplements,MUSCLEBLAZE,282.61,197.12,2.92,Yes,8368
55543,Havells Bedding Air 7,Home Kitchen,Bedding,HAVELLS,1480.89,719.01,4.42,No,7708
55544,Webby Action Premium 6,Toys,Action Figures,WEBBY,43687.96,23029.75,4.47,Yes,7143
55545,JBL Cameras Edge 1,Electronics,Cameras,JBL,525.24,235.43,4.18,Yes,8457
55546,Hasbro Puzzles Edge 1,Toys,Puzzles,HASBRO,276284.13,140383.53,2.93,Yes,7498
55547,HUL Beverages Ultra 6,Grocery,Beverages,HUL,51341.45,25192.49,4.29,Yes,8768
55548,Puma Women Neo 5,Fashion,Women Clothing,PUMA,1481.1,841.61,4.84,Yes,7184
55549,HUL Staples Smart 9,Grocery,Staples,HUL,299.25,201.33,3.42,Yes,8153
55550,OPPO Headphones X 4,Electronics,Headphones,OPPO,70844.3,45765.67,3.14,Yes,8752
55551,Bajaj Bedding Elite 6,Home Kitchen,Bedding,BAJAJ,310.21,176.67,3.54,No,7037
55552,Vivo Cameras Smart 5,Electronics,Cameras,VIVO,496.53,277.28,3.73,Yes,7745
55553,Tata Beverages Elite 9,Grocery,Beverages,TATA,3293.74,2312.17,3.48,No,8367
55554,Fastrack Men Smart 8,Fashion,Men Clothing,FASTRACK,4651.765,2791.059,2.76,Yes,8578
55555,Webby Action Max 3,Toys,Action Figures,WEBBY,9170.57,6456.24,3.98,Yes,7388
55556,3M Car Edge 7,Automotive,Car Accessories,3M,51408.81,32597.7,4.26,Yes,8202
55557,Speedo Running Max 8,Sports,Running,SPEEDO,3070.65,1567.07,3.66,Yes,7250
55558,Lakme Mens Neo 2,Beauty,Mens Grooming,LAKME,40394.43,26256.379500000003,3.53,Yes,8057
55559,Vega Bike Plus 2,Automotive,Bike Accessories,VEGA,3713.17,1724.26,4.41,No,7233
55560,Lakme Skincare Ultra 5,Beauty,Skincare,LAKME,726.05,423.36,4.14,Yes,7820
55561,Philips Storage Smart 1,Home Kitchen,Storage,PHILIPS,4941.59,2537.57,5.0,Yes,7508
55562,Penguin Academic Plus 6,Books,Academic,PENGUIN,5906.46,2700.35,4.75,Yes,7148
55563,Decathlon Badminton Neo 5,Sports,Badminton,DECATHLON,717.5,483.07,4.74,Yes,7202
55564,Oxford Children Plus 8,Books,Children Books,OXFORD,25466.09,14666.92,3.37,No,8343
55565,Pigeon Decor Neo 7,Home Kitchen,Decor,PIGEON,275268.08,171612.21,2.86,No,8610
55566,OnePlus Laptops Plus 6,Electronics,Laptops,ONEPLUS,2416.01,1160.86,4.85,No,8885
55567,Britannia Personal Edge 8,Grocery,Personal Care,BRITANNIA,2423.67,1377.99,4.8,No,8521
55568,Gillette Mens Lite 7,Beauty,Mens Grooming,GILLETTE,62551.0,36733.73,4.47,Yes,8899
55569,Hasbro Soft Plus 7,Toys,Soft Toys,HASBRO,2486.75,1202.05,3.22,No,8984
55570,Shell Car Premium 2,Automotive,Car Accessories,SHELL,51997.65,36733.68,4.29,Yes,8956
55571,Himalaya Vitamins Mini 1,Health,Vitamins,HIMALAYA,762.11,518.48,3.93,No,7897
55572,Biotique Haircare Mini 2,Beauty,Haircare,BIOTIQUE,969.2,459.5,3.85,Yes,7350
55573,Boat Rockerz 550,Electronics,Headphones,LOGITECH,617.29,333.73,4.26,No,7179
55574,S.Chand Fiction Plus 6,Books,Fiction,S.CHAND,304.35,149.66,2.88,Yes,8838
55575,Pigeon Decor Elite 8,Home Kitchen,Decor,PIGEON,1341.21,656.83,3.22,Yes,8848
55576,ITC Baby Lite 9,Grocery,Baby Products,ITC,76213.56,36167.98,3.6,Yes,8309
55577,Gillette Haircare Flex 6,Beauty,Haircare,GILLETTE,2454.95,1001.64,3.9,Yes,7669
55578,Shell Tools Premium 9,Automotive,Tools,SHELL,17297.88,7662.2,3.81,Yes,7901
55579,HarperCollins Children Flex 8,Books,Children Books,HARPERCOLLINS,45294.43,24663.55,3.29,Yes,7872
55580,Pigeon Lighting Edge 7,Home Kitchen,Lighting,PIGEON,5603.48,3113.18,4.5,Yes,8034
55581,Parle Dairy Mini 5,Grocery,Dairy,PARLE,895.75,617.55,2.53,No,7875
55582,Dabur Fruits Ultra 4,Grocery,Fruits Vegetables,DABUR,800.64,565.09,2.99,Yes,7808
55583,Biotique Haircare Pro 5,Beauty,Haircare,BIOTIQUE,6987.51,4557.43,4.85,Yes,8619
55584,Butterfly Garden Premium 2,Home Kitchen,Garden,BUTTERFLY,115335.19,54366.93,4.33,Yes,8802
55585,3M Tools Edge 5,Automotive,Tools,3M,3927.03,2446.96,4.15,Yes,7008
55586,UCB Bags Premium 2,Fashion,Bags,UCB,266848.4,156250.86,3.45,Yes,7070
55587,Biotique Haircare Lite 8,Beauty,Haircare,BIOTIQUE,194.7,114.54,3.25,Yes,8532
55588,Penguin Non Max 7,Books,Non Fiction,PENGUIN,392.82,249.49,4.73,No,8378
55589,Nivia Running Max 1,Sports,Running,NIVIA,16993.37,7567.19,3.44,Yes,7491
55590,Apple Headphones Ultra 7,Electronics,Headphones,APPLE,564.36,270.16,4.65,Yes,7978
55591,Patanjali Beverages X 7,Grocery,Beverages,PATANJALI,2403.53,1488.73,3.39,Yes,7160
55592,Borosil Cookware Edge 2,Home Kitchen,Cookware,BOROSIL,4258.1,2713.58,4.93,Yes,8347
55593,Philips Furniture Premium 1,Home Kitchen,Furniture,PHILIPS,2432.27,1330.28,3.05,No,7698
55594,Scholastic Academic Edge 6,Books,Unknown,SCHOLASTIC,4264.45,2276.06,4.16,Yes,7641
55595,Bosch Tyres Ultra 9,Automotive,Tyres,BOSCH,14287.36,8987.99,4.93,Yes,8191
55596,Bosch Bike Max 8,Automotive,Bike Accessories,BOSCH,40921.7,24945.69,3.91,Yes,8912
55597,Funskool Action Pro 8,Toys,Action Figures,FUNSKOOL,28087.69,14399.19,4.62,No,7512
55598,Hasbro Puzzles Active 4,Toys,Puzzles,HASBRO,2485.51,1349.71,2.86,No,8579
55599,Bajaj Appliances Flex 2,Home Kitchen,Appliances,BAJAJ,58922.55,40060.46,3.22,Yes,7534
55600,Lego Puzzles Plus 5,Toys,Puzzles,LEGO,18740.34,8765.9,3.42,Yes,7468
55601,Webby Soft Pro 6,Toys,Soft Toys,WEBBY,234.74,129.85,3.89,Yes,8604
55602,Titan Jewellery Flex 5,Fashion,Jewellery,TITAN,14254.5,8727.45,2.7,Yes,8564
55603,Healthkart First Neo 2,Health,First Aid,HEALTHKART,2555.78,1249.38,3.72,Yes,7838
55604,Dabur Supplements Flex 1,Health,Supplements,DABUR,3951.91,2310.94,4.25,Yes,8244
55605,Nikon Tablets Elite 3,Electronics,Tablets,NIKON,151.06,84.81,4.07,Yes,7048
55606,Himalaya First Max 7,Health,First Aid,HIMALAYA,135978.7,74268.81,4.22,Yes,8390
55607,Cipla Medical Premium 2,Health,Medical Devices,CIPLA,2383.21,1098.87,3.36,Yes,7473
55608,Michelin Tools Plus 4,Automotive,Tools,MICHELIN,638.57,302.06,2.86,Yes,8140
55609,Louis Philippe Sunglasses Max 4,Fashion,Sunglasses,LOUIS PHILIPPE,2449.61,1568.32,4.65,Yes,8517
55610,Cosco Cycling Mini 1,Sports,Cycling,COSCO,2775.73,1869.69,4.01,No,8185
55611,Forest Essentials Makeup Premium 3,Beauty,Makeup,FOREST ESSENTIALS,71799.48,39051.89,3.54,Yes,7589
55612,Dell Headphones Max 9,Electronics,Headphones,DELL,17007.33,10742.27,3.78,Yes,7027
55613,Muscleblaze Protein Ultra 4,Health,Protein,MUSCLEBLAZE,3544.66,2054.32,4.71,Yes,8919
55614,HarperCollins Children Premium 2,Books,Children Books,HARPERCOLLINS,4714.84,2633.17,4.15,Yes,7157
55615,Acer Smartwatches Premium 9,Electronics,Smartwatches,ACER,3819.54,1479.91,3.36,Yes,7860
55616,Webby Educational Air 8,Toys,Educational,WEBBY,906.81,614.11,4.42,Yes,7397
55617,Steelbird Car Plus 8,Automotive,Car Accessories,STEELBIRD,3837.84,2644.81,4.48,Yes,7177
55618,Nivea Skincare Flex 7,Beauty,Skincare,NIVEA,11434.4,5917.72,3.76,No,7897
55619,Pearson Self Active 9,Books,Self Help,PEARSON,37410.46,15996.08,4.48,Yes,8304
55620,P&G Cleaning Air 4,Grocery,Cleaning,P&G,91792.97,61473.01,3.37,Yes,8767
55621,H&M Kids Air 8,Fashion,Kids Wear,H&M,57926.69,31158.81,3.07,Yes,8429
55622,Dabur Ayurveda Flex 4,Health,Ayurveda,DABUR,3231.47,2316.0,2.92,Yes,8553
55623,Tata Beverages Smart 7,Grocery,Beverages,TATA,7639.69,3867.77,3.21,Yes,7162
55624,Usha Furniture X 1,Home Kitchen,Furniture,USHA,4982.55,2009.62,4.23,No,7334
55625,Under Armour Running Lite 2,Sports,Unknown,UNDER ARMOUR,28872.1,18638.98,3.15,No,7606
55626,Puma Jewellery Premium 1,Fashion,Jewellery,PUMA,269194.99,171681.31,4.76,Yes,8621
55627,Gillette Makeup Premium 5,Beauty,Makeup,GILLETTE,2535.22,1615.49,4.02,Yes,7796
55628,Cosco Yoga Edge 3,Sports,Yoga,COSCO,3263.57,2163.52,3.49,No,7508
55629,Himalaya Medical Premium 9,Health,Medical Devices,HIMALAYA,170.05,99.39,3.93,Yes,8448
55630,Castrol Bike Pro 1,Automotive,Bike Accessories,CASTROL,479.92,314.08,4.25,No,8456
55631,Reebok Fitness Max 7,Sports,Fitness Equipment,REEBOK,51015.75,23318.83,4.78,Yes,8069
55632,Parle Fruits Smart 1,Grocery,Fruits Vegetables,PARLE,4884.17,2523.38,4.91,Yes,8246
55633,Vega Tools X 3,Automotive,Tools,VEGA,680.0,334.08,4.17,Yes,7208
55634,Patanjali Staples Elite 5,Grocery,Staples,PATANJALI,975.25,405.67,4.59,Yes,8358
55635,SG Cricket Edge 8,Sports,Cricket,SG,829.92,335.48,3.64,Yes,8796
55636,Prestige Decor Flex 6,Home Kitchen,Decor,PRESTIGE,28167.23,17334.6,3.36,Yes,7728
55637,SG Swimming Smart 6,Sports,Swimming,SG,3387.46,2099.37,4.63,Yes,7913
55638,OPPO Accessories Ultra 1,Electronics,Unknown,OPPO,983.08,501.16,3.9,Yes,8610
55639,Dabur Fruits Lite 4,Grocery,Fruits Vegetables,DABUR,61691.54,52437.809,4.02,No,8622
55640,Peter England Men Smart 5,Fashion,Men Clothing,PETER ENGLAND,146.88,87.85,3.64,Yes,7009
55641,Lego Puzzles X 9,Toys,Puzzles,LEGO,1946.76,1174.28,3.73,Yes,7416
55642,Abbott Supplements Mini 6,Health,Supplements,ABBOTT,3587.11,2155.67,3.46,Yes,7434
55643,Muscleblaze Ayurveda Lite 1,Health,Ayurveda,MUSCLEBLAZE,251.17,134.37,4.07,Yes,8577
55644,Usha Bedding Flex 6,Home Kitchen,Bedding,USHA,683.79,488.47,2.56,Yes,8107
55645,Dabur Fruits Edge 5,Grocery,Fruits Vegetables,DABUR,138.09,87.59,3.34,No,7809
55646,Maybelline Mens Edge 9,Beauty,Mens Grooming,MAYBELLINE,446.41,290.16650000000004,4.39,No,8686
55647,Pantene Haircare Lite 9,Beauty,Haircare,PANTENE,464.71,253.05,3.9,Yes,8356
55648,Levis Watches Neo 2,Fashion,Watches,LEVIS,45679.41,29821.31,4.49,No,8143
55649,Reebok Swimming Mini 6,Sports,Swimming,REEBOK,5426.42,3800.72,2.75,Yes,7223
55650,Speedo Cycling Edge 2,Sports,Cycling,SPEEDO,30327.43,21229.200999999997,2.77,Yes,7597
55651,Philips Storage Premium 8,Home Kitchen,Storage,PHILIPS,4601.03,3120.42,4.33,Yes,8166
55652,Samsung Cameras Smart 3,Electronics,Cameras,SAMSUNG,2560.12,1265.3,4.31,No,8436
55653,Tata Beverages Plus 8,Grocery,Beverages,TATA,272676.94,125419.13,4.03,Yes,7921
55654,cipla First Lite 9,Health,First Aid,CIPLA,50479.1,21369.69,4.22,No,8198
55655,P&G Personal X 9,Grocery,Personal Care,P&G,843.68,560.74,3.03,Yes,8335
55656,Cipla Protein Flex 9,Health,Protein,CIPLA,68591.19,27962.41,3.4,Yes,8670
55657,Woodland Men Pro 5,Fashion,Men Clothing,WOODLAND,15542.15,10014.36,2.55,Yes,7017
55658,Patanjali Dairy Flex 1,Grocery,Dairy,PATANJALI,576.86,244.99,2.57,No,7520
55659,HUL Personal Active 7,Grocery,Personal Care,HUL,5016.75,3512.83,3.69,Yes,7911
55660,Dabur Ayurveda Pro 8,Health,Ayurveda,DABUR,32506.84,18059.22,3.94,Yes,8008
55661,Yonex Swimming Smart 6,Sports,Swimming,YONEX,3594.31,1692.83,2.6,Yes,7348
55662,Titan Watches Neo 7,Fashion,Watches,TITAN,16190.45,10496.39,4.95,Yes,7118
55663,Nikon Headphones Lite 7,Electronics,Unknown,NIKON,15191.31,7418.77,3.33,No,7624
55664,Havells Cookware X 1,Home Kitchen,Cookware,HAVELLS,72670.51,36479.08,4.65,Yes,7897
55665,Mattel Board Air 6,Toys,Board Games,MATTEL,63898.83,38248.22,3.34,Yes,7373
55666,fast&up First Elite 5,Health,First Aid,FAST&UP,387.71,211.45,4.79,Yes,8206
55667,Himalaya Ayurveda X 7,Health,Ayurveda,HIMALAYA,45320.66,22869.49,3.01,Yes,7667
55668,HUL Beverages Smart 4,Grocery,Beverages,HUL,28501.12,18733.68,3.38,Yes,7228
55669,Borosil Appliances Active 2,Home Kitchen,Appliances,BOROSIL,539.12,237.75,3.12,No,7096
55670,Cipla Vitamins Lite 2,Health,Vitamins,CIPLA,210403.9,106176.38,4.79,Yes,8520
55671,Amul Personal Elite 3,Grocery,Personal Care,AMUL,13645.2,6281.04,4.02,Yes,7783
55672,Shell Tools Neo 7,Automotive,Tools,SHELL,17939.63,9108.65,4.21,Yes,7100
55673,Oxford Fiction Premium 2,Books,Fiction,OXFORD,7721.79,3959.73,3.56,Yes,7965
55674,Decathlon Yoga Mini 7,Sports,Yoga,DECATHLON,19648.77,14012.93,4.74,Yes,8269
55675,Titan Kids Air 5,Fashion,Kids Wear,TITAN,64354.07,45928.65,2.82,Yes,8164
55676,Levis Men X 9,Fashion,Men Clothing,LEVIS,238368.97,105537.38,4.9,Yes,8558
55677,Dabur Medical Flex 8,Health,Medical Devices,DABUR,4980.02,2632.46,3.11,Yes,7211
55678,3M Tyres Pro 4,Automotive,Tyres,3M,15802.26,6545.69,4.2,Yes,7622
55679,Gillette Haircare Air 6,Beauty,Haircare,GILLETTE,327.79,155.53,3.69,No,7626
55680,Speedo Fitness Smart 8,Sports,Fitness Equipment,SPEEDO,2036.61,1362.37,3.63,Yes,8224
55681,Lego Board Lite 3,Toys,Board Games,LEGO,3444.94,2432.97,4.97,Yes,7161
55682,Under Armour Badminton Neo 1,Sports,Badminton,UNDER ARMOUR,723.98,506.786,4.6,Yes,7258
55683,Philips Decor Edge 3,Home Kitchen,Decor,PHILIPS,58844.31,23621.13,2.97,Yes,8453
55684,Borosil Lighting Plus 1,Home Kitchen,Lighting,BOROSIL,3413.07,2157.19,4.73,Yes,8510
55685,Fisher Price Soft Smart 4,Toys,Soft Toys,FISHER PRICE,537.38,229.98,3.66,Yes,7610
55686,Muscleblaze Medical Active 6,Health,Medical Devices,MUSCLEBLAZE,76912.14,50022.61,2.8,Yes,8348
55687,Samsung Laptops Edge 8,Electronics,Laptops,SAMSUNG,526.42,229.85,4.15,Yes,8856
55688,dove Skincare Ultra 2,Beauty,Skincare,DOVE,256.59,175.3,2.8,No,8636
55689,Patanjali Cleaning Plus 5,Grocery,Cleaning,PATANJALI,33662.42,23463.65,3.42,No,7123
55690,Abbott Ayurveda Air 9,Health,Ayurveda,ABBOTT,568.84,298.49,3.18,No,7587
55691,Nike Footwear Active 4,Fashion,Footwear,NIKE,3698.93,1847.25,4.92,Yes,7603
55692,Gillette Haircare Max 7,Beauty,Haircare,GILLETTE,2986.56,1819.99,4.4,No,7410
55693,Speedo Yoga Plus 9,Sports,Yoga,SPEEDO,164.41,96.98,3.25,No,7242
55694,Van Heusen Bags Flex 5,Fashion,Bags,VAN HEUSEN,273.5,123.33,3.43,Yes,8423
55695,COSCO Badminton Plus 8,Sports,Badminton,COSCO,2692.68,1319.63,3.55,Yes,8829
55696,Amul Personal Flex 8,Grocery,Personal Care,AMUL,1654.31,987.09,4.51,Yes,8594
55697,Bata Footwear Flex 7,Fashion,Footwear,BATA,18492.24,13201.06,2.57,Yes,8607
55698,Healthkart Medical Elite 6,Health,Medical Devices,HEALTHKART,128359.27,96269.4525,2.72,Yes,8064
55699,UCB Jewellery Smart 5,Fashion,Jewellery,UCB,3589.69,2410.81,3.15,No,7002
55700,Cosco Badminton Active 9,Sports,Badminton,COSCO,59859.95,37245.29,3.26,Yes,8555
55701,HUL Snacks X 6,Grocery,Snacks,HUL,5765063.94,3196142.44,4.1,Yes,7753
55702,HUL Baby X 8,Grocery,Baby Products,HUL,3919.25,1932.92,4.24,No,7033
55703,Vivo Gaming Active 7,Electronics,Gaming,VIVO,274291.67,145444.06,2.72,Yes,8404
55704,Cosco Yoga Elite 7,Sports,Yoga,COSCO,15398.55,8551.16,4.98,Yes,7089
55705,Dabur Dairy X 8,Grocery,Dairy,DABUR,117909.87,78377.48,2.8,Yes,7081
55706,Ok Play Remote Smart 2,Toys,Remote Control,OK PLAY,13991.69,9233.23,3.13,Yes,7496
55707,Tata Baby Elite 9,Grocery,Baby Products,TATA,2990.16,1527.08,3.7,No,8361
55708,Bosch Car Plus 3,Automotive,Car Accessories,BOSCH,74618.11,32374.88,2.69,No,7920
55709,Van Heusen Kids Elite 3,Fashion,Kids Wear,VAN HEUSEN,6248.37,3062.35,4.49,Yes,8162
55710,Dabur Protein Smart 1,Health,Protein,DABUR,340.79,146.81,2.56,Yes,8277
55711,Funskool Action Neo 8,Toys,Action Figures,FUNSKOOL,560.83,303.05,3.81,Yes,7342
55712,Nivia Cricket X 5,Sports,Cricket,NIVIA,58141.55,33690.55,4.72,Yes,7880
55713,Bata Women Neo 8,Fashion,Women Clothing,BATA,2086.92,1292.18,4.17,Yes,8711
55714,Ok Play Board Smart 4,Toys,Board Games,OK PLAY,8561.8,4031.98,2.62,Yes,7065
55715,Levis Jewellery Lite 2,Fashion,Jewellery,LEVIS,16804.59,10690.24,3.56,Yes,8073
55716,Cipla Supplements Max 3,Health,Supplements,CIPLA,16705.41,11267.92,4.73,Yes,8263
55717,Titan Bags Air 5,Fashion,Bags,TITAN,8908.74,4918.38,3.02,No,7659
55718,Ok Play Educational Plus 6,Toys,Educational,OK PLAY,391.81,279.14,3.14,Yes,7969
55719,Amul Fruits Neo 2,Grocery,Fruits Vegetables,AMUL,165221.34,100979.62,2.75,No,7883
55720,Hasbro Educational Mini 6,Toys,Educational,HASBRO,911.12,546.89,4.12,Yes,7202
55721,Fastrack Footwear Air 3,Fashion,Footwear,FASTRACK,259.95,158.99,2.76,Yes,7658
55722,Penguin Academic Elite 8,Books,Academic,PENGUIN,70516.57,34592.54,4.58,No,8982
55723,P&G Cleaning Flex 5,Grocery,Cleaning,P&G,18744.56,11548.49,3.78,Yes,8469
55724,Steelbird Car Flex 2,Automotive,Car Accessories,STEELBIRD,44988.52,30750.72,2.94,Yes,8280
55725,Dabur Supplements X 5,Health,Supplements,DABUR,831.89,623.9175,3.84,Yes,8462
55726,Lakme Skincare Smart 7,Beauty,Skincare,LAKME,280573.95,126182.53,3.28,No,8000
55727,Healthkart Protein Lite 6,Health,Protein,HEALTHKART,140005.52,66650.0,2.51,Yes,7440
55728,LEGO Educational X 1,Toys,Educational,LEGO,4010.22,2426.3,3.6,Yes,7303
55729,himalaya Protein Smart 7,Health,Protein,HIMALAYA,936.11,401.97,4.27,Yes,7709
55730,Cipla Supplements Air 9,Health,Supplements,CIPLA,294004.24,169407.57,3.03,Yes,8398
55731,Abbott Supplements Active 9,Health,Supplements,ABBOTT,10981.85,6619.72,4.29,Yes,7471
55732,Penguin Academic Flex 4,Books,Academic,PENGUIN,8211.65,3764.06,3.79,Yes,7645
55733,Decathlon Fitness Mini 2,Sports,Fitness Equipment,DECATHLON,66611.17,30492.5,3.43,Yes,7760
55734,Muscleblaze First Air 9,Health,First Aid,MUSCLEBLAZE,41906.19,28844.53,4.72,Yes,8469
55735,Dabur Medical Flex 6,Health,Medical Devices,DABUR,241.95,139.13,3.7,Yes,7123
55736,Milton Furniture Ultra 5,Home Kitchen,Furniture,MILTON,35832.55,20385.56,4.79,Yes,8757
55737,Parle Cleaning Neo 7,Grocery,Cleaning,PARLE,4599.01,2021.17,2.68,No,8772
55738,Yonex Fitness Edge 8,Sports,Fitness Equipment,YONEX,9005.65,4820.0,4.62,No,8997
55739,Yonex Fitness Pro 1,Sports,Fitness Equipment,YONEX,69877.5,42358.49,3.48,No,7497
55740,Bajaj Cookware Elite 6,Home Kitchen,Cookware,BAJAJ,548.66,350.52,3.57,No,8357
55741,Xiaomi Mobiles Ultra 1,Electronics,Mobiles,XIAOMI,964.85,498.73,4.42,Yes,8215
55742,H&M Jewellery Premium 2,Fashion,Jewellery,H&M,17497.13,11055.33,3.58,Yes,8201
55743,Penguin Academic Flex 8,Books,Academic,PENGUIN,6914.54,3396.85,4.6,Yes,7010
55744,Philips Garden Ultra 8,Home Kitchen,Garden,PHILIPS,745.34,458.84,4.39,Yes,8502
55745,Patanjali Staples Max 5,Grocery,Staples,PATANJALI,3084.63,2013.4,4.57,Yes,7834
55746,S.Chand Biographies Edge 9,Books,Biographies,S.CHAND,211.61,100.42,4.94,Yes,8219
55747,Vega Lubricants Ultra 8,Automotive,Lubricants,VEGA,107905.78,66549.09,2.95,Yes,8246
55748,ok play Puzzles Lite 9,Toys,Puzzles,OK PLAY,268507.37,113370.69,4.09,Yes,7938
55749,HUL Dairy Mini 6,Grocery,Dairy,HUL,16125.1,7558.97,4.63,Yes,8418
55750,Nike Sports Shoes Pro,Electronics,Tablets,LG,742.55,325.79,2.81,Yes,7711
55751,JBL Gaming Ultra 6,Electronics,Gaming,JBL,2788.31,1911.08,4.45,Yes,8974
55752,Yonex Badminton Air 2,Sports,Badminton,YONEX,102187.78,41324.66,3.06,Yes,7856
55753,Healthkart First Max 8,Health,First Aid,HEALTHKART,12015.19,7261.91,3.05,No,8003
55754,Puma Jewellery Pro 2,Fashion,Jewellery,PUMA,4012.59,1918.85,2.59,No,8993
55755,Ok Play Educational X 5,Toys,Educational,OK PLAY,1695.88,725.27,4.25,Yes,8924
55756,Nivea Fragrances Active 5,Beauty,Fragrances,NIVEA,413.84,213.96,3.9,Yes,8649
55757,Titan Watches Max 4,Fashion,Watches,TITAN,338.61,185.87,4.44,Yes,8273
55758,webby Soft Elite 8,Toys,Soft Toys,WEBBY,17372.22,10434.43,3.91,Yes,8047
55759,Butterfly Appliances Air 3,Home Kitchen,Appliances,BUTTERFLY,396.98,254.71,4.81,No,8413
55760,Biotique Makeup Elite 1,Beauty,Makeup,BIOTIQUE,815.79,448.14,2.63,Yes,8118
55761,Fast&Up Ayurveda Premium 8,Health,Ayurveda,FAST&UP,21658.34,13794.9,3.54,Yes,8715
55762,Nikon Tablets Active 9,Electronics,Tablets,NIKON,18469.3,11425.4,3.6,No,8539
55763,HarperCollins Biographies Plus 3,Books,Biographies,HARPERCOLLINS,379.08,242.16,4.5,No,7228
55764,Parle Cleaning Elite 8,Grocery,Cleaning,PARLE,802.8,478.28,3.8,No,7199
55765,Pigeon Cookware Active 2,Home Kitchen,Cookware,PIGEON,321.19,223.88,4.19,Yes,7494
55766,Arihant Academic Flex 9,Books,Academic,ARIHANT,2689.36,1355.15,3.67,Yes,7162
55767,Hasbro Soft Ultra 8,Toys,Soft Toys,HASBRO,258727.83,118973.04,4.31,Yes,8343
55768,Dabur Vitamins Ultra 9,Health,Vitamins,DABUR,3478.5,2159.38,3.41,Yes,8441
55769,Dabur Cleaning Active 8,Grocery,Cleaning,DABUR,25256.45,13027.2,3.42,Yes,8765
55770,Orient Bedding Max 2,Home Kitchen,Bedding,ORIENT,780.28,368.72,4.6,Yes,8318
55771,Bosch Tools Mini 2,Automotive,Tools,BOSCH,11093.48,6652.36,3.65,No,8116
55772,Biotique Fragrances Edge 9,Beauty,Fragrances,BIOTIQUE,572.59,271.87,3.87,Yes,7480
55773,Fast&Up First Air 5,Health,First Aid,FAST&UP,779.39,524.41,3.82,Yes,7788
55774,Muscleblaze Supplements Max 9,Health,Supplements,MUSCLEBLAZE,904.05,600.21,2.98,Yes,7366
55775,Cosco Cycling Lite 9,Sports,Cycling,COSCO,1599.0,956.51,4.35,Yes,8286
55776,S.Chand Non X 2,Books,Non Fiction,S.CHAND,45449.99,23337.05,4.67,Yes,7291
55777,OnePlus Laptops Flex 8,Electronics,Laptops,ONEPLUS,8348.37,3799.17,4.6,Yes,8705
55778,Steelbird Tools Smart 7,Automotive,Tools,STEELBIRD,649.39,260.55,4.8,Yes,8871
55779,Logitech Laptops Elite 6,Electronics,Laptops,LOGITECH,887.79,547.29,3.16,No,7661
55780,Muscleblaze Protein Max 5,Health,Protein,MUSCLEBLAZE,2107.38,1225.67,5.0,Yes,8076
55781,Biotique Haircare Edge 9,Beauty,Haircare,BIOTIQUE,922.1,500.63,4.11,No,7670
55782,HP Accessories Mini 5,Electronics,Accessories,HP,201279.55,128229.09,4.66,Yes,7546
55783,3M Lubricants Elite 4,Automotive,Lubricants,3M,2377.02,1665.95,2.9,Yes,8375
55784,Shell Tools Ultra 4,Automotive,Tools,SHELL,178.71,83.13,4.04,Yes,7306
55785,Samsung Galaxy M35 5G,Home Kitchen,Appliances,BUTTERFLY,697.64,313.93,4.31,Yes,8702
55786,Nikon Smartwatches Lite 9,Electronics,Smartwatches,NIKON,1796.75,1096.07,4.76,Yes,8615
55787,Lakme Fragrances Elite 8,Beauty,Fragrances,LAKME,4721.31,2404.93,3.13,Yes,7035
55788,Fisher Price Board Air 1,Toys,Board Games,FISHER PRICE,633.29,274.11,4.66,Yes,7114
55789,P&G Cleaning Ultra 6,Grocery,Cleaning,P&G,457.9,291.46,3.54,No,8943
55790,Penguin Academic Premium 1,Books,Academic,PENGUIN,857.33,558.33,2.74,Yes,7849
55791,LOreal Skincare Mini 5,Beauty,Skincare,LOREAL,18754.37,10354.67,4.09,Yes,8065
55792,Scholastic Academic Air 4,Books,Academic,SCHOLASTIC,6295.21,2979.88,4.24,No,7259
55793,tata Beverages Plus 6,Grocery,Beverages,TATA,33928.16,13854.28,3.41,Yes,7832
55794,Lego Soft Ultra 2,Toys,Soft Toys,LEGO,30557.27,16595.42,4.12,Yes,8923
55795,Pearson Children X 2,Books,Children Books,PEARSON,47090.45,21636.11,3.92,No,7489
55796,Pantene Makeup Active 4,Beauty,Makeup,PANTENE,58327.85,37995.34,3.65,Yes,8839
55797,adidas Jewellery Ultra 9,Fashion,Jewellery,ADIDAS,16886.14,9417.58,4.24,Yes,8155
55798,Forest Essentials Mens Edge 3,Beauty,Mens Grooming,FOREST ESSENTIALS,734.93,352.29,4.07,Yes,8614
55799,Havells Garden Elite 8,Home Kitchen,Garden,HAVELLS,177.01,121.74,3.35,Yes,8515
55800,Cosco Cricket Max 6,Sports,Cricket,COSCO,326.9,158.95,3.55,Yes,8551
55801,SG Yoga Active 5,Sports,Yoga,SG,48992.6,34105.77,3.34,No,7544
55802,Parle Snacks Neo 6,Grocery,Snacks,PARLE,5821.84,2338.47,4.55,Yes,7317
55803,Tata Fruits Max 5,Grocery,Fruits Vegetables,TATA,3281.73,1863.17,2.8,No,7177
55804,Abbott Ayurveda Smart 5,Health,Ayurveda,ABBOTT,916.19,479.48,3.43,Yes,7321
55805,Decathlon Fitness Lite 4,Sports,Fitness Equipment,DECATHLON,798.77,418.74,3.88,Yes,8484
55806,Vega Lubricants Ultra 7,Automotive,Lubricants,VEGA,15825.08,11274.44,4.13,Yes,8305
55807,Lakme Skincare Smart 5,Beauty,Skincare,LAKME,261309.23,160517.92,3.79,Yes,7915
55808,Dabur Ayurveda Mini 6,Health,Ayurveda,DABUR,500.22,353.21,4.46,Yes,8062
55809,S.Chand Fiction Premium 3,Books,Fiction,S.CHAND,3357.24,1971.41,3.1,Yes,8269
55810,LG Cameras X 5,Electronics,Cameras,LG,115522.44,68161.59,3.83,No,8250
55811,Lakme Skincare Active 7,Beauty,Skincare,LAKME,30802.49,16805.11,3.42,Yes,7704
55812,Xiaomi Headphones Pro 2,Electronics,Headphones,XIAOMI,150.54,98.13,4.59,No,7038
55813,Mattel Action Neo 8,Toys,Action Figures,MATTEL,216.66,124.87,2.98,Yes,7168
55814,Under Armour Fitness Premium 7,Sports,Fitness Equipment,UNDER ARMOUR,569.22,282.75,4.16,Yes,7002
55815,Lenovo Accessories Max 7,Electronics,Accessories,LENOVO,3978.9,1596.82,2.51,Yes,8564
55816,Dabur Protein Mini 5,Health,Protein,DABUR,6823.07,3450.64,3.85,Yes,7764
55817,Acer Gaming Elite 4,Electronics,Gaming,ACER,3795.91,2431.9,2.68,Yes,7516
55818,Vega Tyres Active 7,Automotive,Tyres,VEGA,1192.51,702.91,4.88,No,8812
55819,3M Tools Flex 1,Automotive,Tools,3M,74809.97,31467.4,3.0,No,8594
55820,Bosch Tools Mini 2,Automotive,Tools,BOSCH,1252.68,773.84,4.52,Yes,8884
55821,Forest Essentials Fragrances X 6,Beauty,Fragrances,FOREST ESSENTIALS,13853.02,6602.08,2.52,Yes,8700
55822,Webby Remote Elite 9,Toys,Remote Control,WEBBY,441.84,312.53,4.51,Yes,7896
55823,Lakme Mens Active 3,Beauty,Mens Grooming,LAKME,2809.62,1703.47,3.66,No,8186
55824,Ok Play Puzzles Active 1,Toys,Puzzles,OK PLAY,2509.02,1019.52,4.97,Yes,8337
55826,Orient Storage Plus 8,Home Kitchen,Storage,ORIENT,553.72,320.8,2.61,Yes,7545
55827,P&G Staples Premium 2,Grocery,Staples,P&G,4381.48,1071.17,3.21,Yes,8671
55828,Asus Smart Ultra 9,Electronics,Smart Tvs,ASUS,163604.96,108645.01,4.82,Yes,8307
55829,MRF Running Lite 9,Sports,Running,MRF,48237.3,30444.89,2.59,Yes,8459
55830,Amul Beverages Elite 1,Grocery,Unknown,AMUL,3229.23,1921.2,3.14,Yes,8564
55831,Mattel Remote Air 1,Toys,Remote Control,MATTEL,238376.28,124496.2,4.92,Yes,7227
55832,Biotique Mens Neo 5,Beauty,Mens Grooming,BIOTIQUE,932.91,381.43,4.09,Yes,8677
55833,H&M Kids Ultra 8,Fashion,Kids Wear,H&M,366.4,258.68,2.95,Yes,8774
55834,Nivia Swimming Flex 7,Sports,Swimming,NIVIA,19122.57,8819.26,4.85,Yes,7424
55835,Xiaomi Tablets Edge 2,Electronics,Tablets,XIAOMI,5133.53,3158.0,3.2,Yes,7822
55836,Britannia Snacks Max 8,Grocery,Snacks,BRITANNIA,270.51,161.18,2.96,Yes,7863
55837,Himalaya Ayurveda Mini 1,Health,Ayurveda,HIMALAYA,881.84,368.44,4.99,Yes,8980
55838,Tata Baby Air 6,Grocery,Baby Products,TATA,53321.03,32174.89,4.39,Yes,8855
55839,Maybelline Makeup Air 7,Beauty,Unknown,MAYBELLINE,529.95,234.44,2.7,No,8682
55840,SG Fitness Active 3,Sports,Fitness Equipment,SG,4875.56,2627.12,2.5,No,8595
55841,Nike Sports Shoes Pro,Fashion,Men Clothing,PUMA,644.92,317.24,3.45,No,7431
55842,Scholastic Biographies Max 1,Books,Biographies,SCHOLASTIC,287866.15,186617.1,2.57,Yes,7240
55843,Cosco Badminton Smart 4,Sports,Badminton,COSCO,466.98,234.07,2.81,Yes,8152
55844,Hasbro Soft Flex 9,Toys,Soft Toys,HASBRO,213.42,148.19,3.64,No,8048
55845,Levis Bags Ultra 7,Fashion,Bags,LEVIS,67678.69,41000.98,3.97,Yes,7013
55846,Decathlon Swimming Mini 9,Sports,Swimming,DECATHLON,1096.24,617.06,2.88,Yes,7762
55847,HP Smart Mini 2,Electronics,Smart Tvs,HP,253692.41,158640.47,4.52,Yes,8113
55848,Dabur Vitamins Plus 3,Health,Vitamins,DABUR,18190.65,8000.17,2.97,Yes,8241
55849,Dell Headphones Air 2,Electronics,Headphones,DELL,25159.2,17325.27,2.57,Yes,7674
55850,Peter England Kids Ultra 8,Fashion,Kids Wear,PETER ENGLAND,648.9,277.94,3.21,Yes,8950
55851,speedo Cricket Flex 9,Sports,Cricket,SPEEDO,1277.18,903.39,3.5,Yes,7319
55852,Fisher Price Educational X 3,Toys,Educational,FISHER PRICE,520.71,336.37,5.0,Yes,7995
55853,Woodland Men Pro 8,Fashion,Men Clothing,WOODLAND,70043.74,45644.76,4.1,Yes,8228
55854,HUL Staples Ultra 3,Grocery,Staples,HUL,282553.57,240170.5345,4.37,No,8641
55855,Dove Haircare Air 2,Beauty,Haircare,DOVE,208658.63,128918.12,2.97,Yes,7699
55856,Penguin Non Smart 5,Books,Non Fiction,PENGUIN,257.6,176.68,3.74,Yes,8503
55857,titan Bags Plus 9,Fashion,Bags,TITAN,327.82,136.31,4.14,No,8246
55858,Woodland Bags Premium 1,Fashion,Bags,WOODLAND,11726.06,6776.42,4.11,No,7317
55859,Dove Mens Ultra 1,Beauty,Mens Grooming,DOVE,167488.18,101018.7,5.0,Yes,8769
55860,Patanjali Personal Edge 5,Grocery,Personal Care,PATANJALI,150238.17,69765.25,4.86,Yes,8489
55861,Dabur Personal Edge 2,Grocery,Personal Care,DABUR,2074.79,1133.16,2.57,Yes,7390
55862,lego Educational X 4,Toys,Educational,LEGO,2990.51,1660.15,4.31,Yes,7111
55863,Apple Laptops Max 9,Electronics,Laptops,APPLE,10272.38,4500.92,3.04,Yes,8474
55864,HarperCollins Non Max 1,Books,Non Fiction,HARPERCOLLINS,2418.28,1209.14,4.71,Yes,8823
55865,Maybelline Makeup Air 6,Beauty,Makeup,MAYBELLINE,17132.1,11501.68,3.32,Yes,8197
55866,ITC Cleaning X 2,Grocery,Cleaning,ITC,416.11,287.11,3.86,Yes,7671
55867,Xiaomi Mobiles Neo 8,Electronics,Mobiles,XIAOMI,11261.1,5763.59,3.62,Yes,8097
55868,Biotique Mens Premium 6,Beauty,Mens Grooming,BIOTIQUE,1339.25,827.71,3.74,Yes,7438
55869,LOreal Mens Smart 7,Beauty,Mens Grooming,LOREAL,350.61,159.36,3.36,Yes,8910
55870,Hasbro Board Pro 1,Toys,Board Games,HASBRO,6083.4,4078.81,2.71,Yes,8521
55871,Woodland Footwear Neo 6,Fashion,Footwear,WOODLAND,184.43,105.29,4.89,No,7037
55872,Vega Lubricants Air 1,Automotive,Lubricants,VEGA,63772.86,29822.52,4.62,Yes,8953
55873,Dabur Fruits Premium 9,Grocery,Fruits Vegetables,DABUR,2727.36,1441.42,4.17,Yes,8824
55874,Parle Cleaning Lite 3,Grocery,Cleaning,PARLE,4307.88,2279.45,3.13,Yes,7369
55875,Michelin Car Premium 7,Automotive,Car Accessories,MICHELIN,13050.22,6361.74,3.44,Yes,7199
55876,Bajaj Decor Smart 5,Home Kitchen,Decor,BAJAJ,8722.71,3726.1,4.5,Yes,7859
55877,Dove Mens Premium 9,Beauty,Mens Grooming,DOVE,13319.99,7915.33,4.33,No,8211
55878,Pearson Fiction Smart 5,Books,Fiction,PEARSON,2702.67,1590.39,3.94,No,8417
55879,Himalaya First Smart 7,Health,First Aid,HIMALAYA,3836.97,2877.7275,3.69,No,8359
55880,Apple Headphones Ultra 1,Electronics,Headphones,APPLE,4948.69,2650.68,3.4,Yes,8844
55881,Nivea Skincare Smart 9,Beauty,Skincare,NIVEA,7826.29,3339.4,4.02,Yes,7426
55882,Funskool Puzzles Pro 9,Toys,Puzzles,FUNSKOOL,7036.78,3305.25,2.83,Yes,8000
55883,Woodland Sunglasses X 1,Fashion,Sunglasses,WOODLAND,128344.92,54535.05,3.98,Yes,7279
55884,Zara Jewellery Ultra 5,Fashion,Jewellery,ZARA,1390.31,580.66,2.56,Yes,8170
55885,Pantene Fragrances X 1,Beauty,Fragrances,PANTENE,54790.14,32387.77,3.12,No,7383
55886,Pigeon Furniture Active 8,Home Kitchen,Furniture,PIGEON,15534.21,7756.17,2.62,Yes,8216
55887,Tata Snacks Mini 1,Grocery,Snacks,TATA,453.29,252.29,3.47,No,8132
55888,S.Chand Biographies Plus 4,Books,Biographies,S.CHAND,84903.81,57256.36,4.96,No,8833
55889,Tata Cleaning Active 8,Grocery,Cleaning,TATA,298300.91,121747.98,3.41,Yes,7494
55890,3M Tyres Air 1,Automotive,Tyres,3M,762.05,436.46,3.35,Yes,7516
55891,Peter England Men Plus 6,Fashion,Men Clothing,PETER ENGLAND,3869.21,2732.55,2.81,No,8336
55892,Lenovo Headphones Air 2,Electronics,Headphones,LENOVO,1670.04,768.33,3.9,Yes,8210
55893,Asus Gaming X 2,Electronics,Gaming,ASUS,2419.61,1368.41,3.88,Yes,7093
55894,Ok Play Remote Neo 9,Toys,Remote Control,OK PLAY,10045.47,4293.79,4.2,Yes,7043
55895,Under Armour Running Air 1,Sports,Running,UNDER ARMOUR,2305.4,1321.13,4.42,Yes,7692
55896,JBL Laptops Lite 4,Electronics,Laptops,JBL,798.97,349.84,2.59,Yes,8011
55897,Dabur Fruits X 4,Grocery,Fruits Vegetables,DABUR,5925.34,4037.13,2.76,Yes,8585
55898,ORIENT Cookware Flex 8,Home Kitchen,Cookware,ORIENT,159496.48,78079.43,4.07,Yes,8709
55899,Butterfly Bedding Active 5,Home Kitchen,Bedding,BUTTERFLY,509.6,344.89,3.14,No,8076
55900,Mattel Board Lite 3,Toys,Board Games,MATTEL,939.78,647.7,4.93,Yes,8309
55901,H&M Footwear Pro 8,Fashion,Footwear,H&M,15072.2,10598.24,4.77,Yes,7736
55902,Muscleblaze First Elite 6,Health,First Aid,MUSCLEBLAZE,18799.91,11686.81,4.91,Yes,8272
55903,Bajaj Lighting Smart 8,Home Kitchen,Lighting,BAJAJ,78588.89,48872.15,4.31,Yes,8935
55904,Louis Philippe Men Air 2,Fashion,Men Clothing,LOUIS PHILIPPE,18130.38,9410.38,2.52,No,8484
55905,Abbott Medical Lite 5,Health,Medical Devices,ABBOTT,43693.21,22881.98,2.65,No,7226
55906,Hasbro Puzzles Ultra 6,Toys,Puzzles,HASBRO,160599.86,80380.94,4.66,Yes,7845
55907,Ok Play Soft Flex 3,Toys,Soft Toys,OK PLAY,772.83,318.48,3.82,Yes,7159
55908,Lego Soft Air 9,Toys,Soft Toys,LEGO,55716.68,32111.82,4.08,Yes,7674
55909,Oxford Children X 1,Books,Children Books,OXFORD,199.51,139.03,3.11,Yes,8496
55910,Orient Cookware Premium 5,Home Kitchen,Cookware,ORIENT,15663.11,6831.58,4.31,Yes,7789
55911,ITC Baby Lite 9,Grocery,Baby Products,ITC,71543.02,35369.7,3.16,Yes,8456
55912,Realme Headphones Smart 7,Electronics,Headphones,REALME,157.03,70.01,3.88,No,7503
55913,Tata Dairy Active 3,Grocery,Dairy,TATA,40514.31,26649.17,2.56,Yes,7357
55914,Philips Decor Plus 2,Home Kitchen,Decor,PHILIPS,194457.44,123914.49,3.3,No,7384
55915,Forest Essentials Haircare Flex 1,Beauty,Haircare,FOREST ESSENTIALS,32361.04,19988.77,2.91,Yes,7847
55916,Cipla Ayurveda X 5,Health,Ayurveda,CIPLA,3082.1,1435.78,3.81,Yes,7097
55917,Vega Tools Pro 7,Automotive,Tools,VEGA,777.43,555.08,2.58,Yes,8322
55918,Parle Personal Edge 9,Grocery,Personal Care,PARLE,78872.16,55198.59,4.1,Yes,8511
55919,Philips Garden Elite 1,Home Kitchen,Garden,PHILIPS,395.97,216.79,4.01,Yes,7979
55920,Healthkart Ayurveda Edge 2,Health,Ayurveda,HEALTHKART,514.16,344.24,3.3,No,7315
55921,Havells Furniture Max 4,Home Kitchen,Furniture,HAVELLS,793.29,552.51,2.85,Yes,8849
55922,Nivia Yoga Max 6,Sports,Yoga,NIVIA,3727.83,2200.72,3.35,Yes,7106
55923,ONEPLUS Accessories Neo 5,Electronics,Accessories,ONEPLUS,14789.86,9804.76,4.08,Yes,7523
55924,Lego Educational Neo 5,Toys,Educational,LEGO,4644.6,1931.15,4.14,Yes,8661
55925,Mattel Remote X 7,Toys,Remote Control,MATTEL,1683.22,1105.73,4.36,Yes,7796
55927,Forest Essentials Skincare Elite 5,Beauty,Skincare,FOREST ESSENTIALS,393.46,253.43,4.28,Yes,8686
55928,ITC Personal Air 4,Grocery,Personal Care,ITC,639.04,265.74,2.74,No,7680
55929,Mattel Educational Max 4,Toys,Educational,MATTEL,482.19,289.18,3.7,Yes,8881
55930,LG Laptops Mini 9,Electronics,Laptops,LG,46920.89,42228.801,3.62,No,7770
55931,Himalaya Protein Lite 3,Health,Protein,HIMALAYA,4406.25,2868.92,3.14,Yes,8313
55932,Logitech Headphones Active 5,Electronics,Headphones,LOGITECH,11280.12,5723.6,3.59,Yes,7083
55933,Oxford Academic Flex 9,Books,Academic,OXFORD,23244.21,13869.59,4.95,Yes,8206
55934,JBL Tablets Edge 2,Electronics,Tablets,JBL,4181.14,2287.14,4.15,Yes,8448
55935,Logitech Gaming Plus 6,Electronics,Gaming,LOGITECH,941.61,519.86,4.9,Yes,7517
55936,Himalaya Medical Max 5,Health,Medical Devices,HIMALAYA,586.98,241.62,3.95,Yes,8396
55937,Steelbird Bike Mini 9,Automotive,Bike Accessories,STEELBIRD,483.15,319.47,3.48,Yes,7818
55938,Acer Accessories Elite 8,Electronics,Accessories,ACER,8727.28,3844.33,3.65,No,8891
55939,Boat Rockerz 550,Toys,Puzzles,FISHER PRICE,240.84,130.76,2.58,No,7077
55940,Levis Men Edge 6,Fashion,Unknown,LEVIS,19344.94,8984.43,4.11,Yes,7551
55941,Prestige Storage Max 8,Home Kitchen,Storage,PRESTIGE,12682.82,6989.02,3.89,Yes,8743
55942,Ok Play Remote Flex 2,Toys,Remote Control,OK PLAY,12856.82,7105.82,4.05,No,8785
55943,Dabur First Active 3,Health,First Aid,DABUR,8111.21,5438.22,2.95,No,7773
55944,NOISE Smart Active 5,Electronics,Smart Tvs,NOISE,12076.47,7244.65,4.51,Yes,8927
55945,Bosch Tyres X 4,Automotive,Tyres,BOSCH,16079.68,6562.07,3.28,Yes,8270
55946,Abbott Vitamins Flex 2,Health,Vitamins,ABBOTT,10942.19,6168.64,4.2,Yes,7770
55947,ITC Beverages Ultra 8,Grocery,Beverages,ITC,218.29,123.25,2.72,No,8982
55948,Shell Car Edge 3,Automotive,Car Accessories,SHELL,629.56,304.23,4.84,Yes,8000
55949,Decathlon Cricket Smart 9,Sports,Cricket,DECATHLON,2041.22,1318.12,2.77,Yes,8513
55950,Samsung Galaxy M35 5G,Electronics,Tablets,LOGITECH,555.45,304.73,2.57,Yes,7831
55951,Samsung Gaming Ultra 7,Electronics,Gaming,SAMSUNG,5466822.54,2700615.64,3.21,Yes,8548
55952,Hasbro Board Max 5,Toys,Board Games,HASBRO,66126.0,42981.9,3.62,Yes,8434
55953,Adidas Watches Lite 9,Fashion,Watches,ADIDAS,242338.0,128672.95,4.54,Yes,8772
55954,Prestige Bedding Max 5,Home Kitchen,Bedding,PRESTIGE,960.19,479.55,3.87,No,7264
55955,harpercollins Academic Premium 6,Books,Academic,HARPERCOLLINS,2753.91,1107.52,4.85,No,7387
55956,Borosil Garden Elite 1,Home Kitchen,Garden,BOROSIL,2604.2,1050.77,3.5,Yes,7754
55957,Shell Tools Active 3,Automotive,Tools,SHELL,473.62,338.08,4.12,No,7488
55958,Scholastic Self Lite 2,Books,Self Help,SCHOLASTIC,16636.23,9600.41,2.59,Yes,7948
55959,Dabur First Elite 1,Health,First Aid,DABUR,13991.01,7549.9,3.92,Yes,8576
55960,Dove Skincare Elite 2,Beauty,Unknown,DOVE,506.0,226.63,4.77,Yes,8680
55961,Dabur Staples Edge 2,Grocery,Staples,DABUR,35248.5,17626.27,2.56,Yes,7056
55962,HARPERCOLLINS Non Flex 6,Books,Non Fiction,HARPERCOLLINS,157.0,65.12,4.6,No,7224
55963,ITC Staples Ultra 7,Grocery,Staples,ITC,16309.77,7695.53,3.0,Yes,7537
55964,Ok Play Remote Elite 2,Toys,Remote Control,OK PLAY,1118.84,750.26,5.0,Yes,7212
55965,HUL Fruits Premium 3,Grocery,Fruits Vegetables,HUL,541.9,259.48,3.93,Yes,8202
55966,Funskool Remote Mini 3,Toys,Remote Control,FUNSKOOL,15048.53,7154.06,3.85,Yes,8197
55967,ITC Beverages Lite 4,Grocery,Beverages,ITC,17464.26,10647.23,3.86,Yes,7479
55968,3M Lubricants Pro 8,Automotive,Lubricants,3M,1516.03,783.87,3.02,Yes,8273
55969,Ok Play Remote Premium 6,Toys,Remote Control,OK PLAY,75361.56,40126.92,4.68,Yes,8382
55970,Healthkart First Edge 7,Health,First Aid,HEALTHKART,1693.97,809.26,4.31,Yes,7982
55971,Cosco Running Elite 3,Sports,Running,COSCO,6163.13,4419.05,2.55,Yes,8984
55972,Michelin Tools Smart 4,Automotive,Tools,MICHELIN,74120.12,33483.27,4.25,No,8789
55973,P&G Cleaning Ultra 1,Grocery,Cleaning,P&G,78910.53,32172.15,5.0,Yes,8492
55974,Boat Tablets Edge 1,Electronics,Tablets,BOAT,2167807.07,1555601.98,4.06,Yes,8672
55975,Zara Men Smart 3,Fashion,Men Clothing,ZARA,902.79,510.77,2.99,Yes,7245
55976,Michelin Tyres Ultra 1,Automotive,Tyres,MICHELIN,8150.99,3770.23,4.34,Yes,7638
55977,Cipla Vitamins Premium 3,Health,Vitamins,CIPLA,4655.62,3491.715,4.92,No,8756
55978,Pearson Self Edge 6,Books,Self Help,PEARSON,51155.61,27940.98,2.6,Yes,8058
55979,Dabur Personal Edge 8,Grocery,Personal Care,DABUR,15246.48,8114.65,3.27,No,7824
55980,Penguin Fiction Air 5,Books,Fiction,PENGUIN,1085.47,607.2,2.68,Yes,7790
55981,TITAN Kids Ultra 7,Fashion,Kids Wear,TITAN,3353.35,2190.36,4.24,No,8027
55982,Mattel Educational Ultra 8,Toys,Educational,MATTEL,131881.92,78487.63,4.27,Yes,8091
55984,Cipla Protein Max 5,Health,Protein,CIPLA,429.8,288.55,3.52,Yes,7624
55985,Nike Watches Plus 8,Fashion,Watches,NIKE,143517.43,93901.45,3.09,No,7437
55986,Pearson Biographies Active 4,Books,Biographies,PEARSON,1892.69,974.98,4.74,Yes,8671
55987,Abbott Protein Ultra 3,Health,Protein,ABBOTT,6767.98,3190.78,4.31,Yes,8155
55988,Britannia Cleaning Premium 7,Grocery,Cleaning,BRITANNIA,11030.95,6237.51,2.65,Yes,8801
55989,Abbott First Elite 5,Health,First Aid,ABBOTT,7926.46,4694.07,3.2,Yes,8083
55990,Bosch Tools X 3,Automotive,Tools,BOSCH,16145.8,9895.0,4.33,Yes,7763
55991,Healthkart Vitamins Pro 9,Health,Vitamins,HEALTHKART,4490.15,2306.79,3.2,Yes,7740
55992,Louis Philippe Sunglasses X 7,Fashion,Sunglasses,LOUIS PHILIPPE,37045.52,19681.09,4.59,Yes,8001
55993,Arihant Fiction Plus 7,Books,Fiction,ARIHANT,158.06,88.1,4.44,Yes,7958
55994,Mattel Remote Elite 3,Toys,Remote Control,MATTEL,43614.14,23957.24,4.6,Yes,7709
55995,Gillette Makeup Premium 1,Beauty,Makeup,GILLETTE,13379.37,6733.34,4.99,No,7765
55996,Maybelline Fragrances Plus 8,Beauty,Fragrances,MAYBELLINE,5941.86,4119.24,4.58,Yes,7790
55997,H&M Jewellery Plus 4,Fashion,Jewellery,H&M,3590.99,1662.18,3.86,No,7028
55998,Nestle Staples Neo 8,Grocery,Staples,NESTLE,22580.83,14156.23,3.39,Yes,7953
55999,Oxford Biographies Ultra 9,Books,Biographies,OXFORD,169.26,112.75,2.74,No,7923
56000,Pantene Skincare Premium 6,Beauty,Skincare,PANTENE,7625.93,5144.3,2.68,Yes,7035
56001,Healthkart Ayurveda Air 5,Health,Ayurveda,HEALTHKART,155419.97,116564.97750000001,4.57,No,7843
56002,Healthkart Vitamins Max 8,Health,Vitamins,HEALTHKART,4655.62,1869.67,2.6,Yes,7841
56003,MRF Cricket Edge 4,Sports,Cricket,MRF,6489.31,2656.1,3.02,Yes,7889
56004,Funskool Board Neo 6,Toys,Board Games,FUNSKOOL,2926.62,1785.55,2.89,Yes,7454
56005,Under Armour Fitness Elite 2,Sports,Fitness Equipment,UNDER ARMOUR,947.53,630.21,3.24,Yes,8600
56006,Himalaya Supplements Max 2,Health,Supplements,HIMALAYA,9920.1,5192.75,2.62,Yes,7663
56007,Xiaomi Cameras Premium 6,Electronics,Cameras,XIAOMI,164630.54,94651.23,4.61,Yes,7006
56008,Mattel Board Neo 7,Toys,Board Games,MATTEL,63200.63,41080.4095,4.6,Yes,7559
56009,Patanjali Beverages Elite 3,Grocery,Beverages,PATANJALI,17100.86,8267.99,3.54,No,7956
56010,Decathlon Yoga Mini 4,Sports,Yoga,DECATHLON,3788.84,1984.32,2.53,Yes,7105
56011,Borosil Storage Ultra 5,Home Kitchen,Storage,BOROSIL,125521.34,51817.37,3.3,Yes,7481
56012,Decathlon Cricket Elite 7,Sports,Cricket,DECATHLON,535.61,325.71,2.7,Yes,8695
56013,Puma Women Elite 7,Fashion,Women Clothing,PUMA,140029.8,78942.89,4.23,Yes,8546
56014,MRF Running Active 6,Sports,Running,MRF,214.02,136.41,2.92,No,8098
56015,Sony Cameras Lite 9,Electronics,Cameras,SONY,16896.46,7714.81,2.64,No,7683
56016,MRF Cycling Smart 1,Sports,Cycling,MRF,598.31,418.81699999999995,4.16,No,7677
56017,Scholastic Academic Air 9,Books,Academic,SCHOLASTIC,612.59,322.4,4.47,Yes,7310
56018,Canon Gaming Mini 8,Electronics,Gaming,CANON,19660.59,10412.75,4.53,Yes,7289
56019,Muscleblaze Medical Plus 8,Health,Medical Devices,MUSCLEBLAZE,14116.24,9947.04,2.81,Yes,8917
56020,Speedo Cycling Active 3,Sports,Cycling,SPEEDO,18555.18,12466.56,3.15,Yes,8063
56021,Gillette Skincare Premium 6,Beauty,Skincare,GILLETTE,4100.8,2795.37,5.0,Yes,8802
56022,H&M Women X 6,Fashion,Women Clothing,H&M,495.57,261.51,2.75,No,8469
56023,Pearson Self Neo 1,Books,Self Help,PEARSON,176.36,125.71,3.48,No,8754
56024,Shell Tyres Premium 7,Automotive,Tyres,SHELL,6520.8,4650.26,3.56,Yes,7801
56025,SG Running Lite 4,Sports,Running,SG,15156.69,9648.6,3.27,Yes,7956
56026,OPPO Laptops Smart 5,Electronics,Laptops,OPPO,10319.8,9287.82,4.08,Yes,8975
56027,Shell Lubricants Neo 9,Automotive,Lubricants,SHELL,234.79,120.91,3.17,No,8544
56028,Michelin Bike Lite 7,Automotive,Bike Accessories,MICHELIN,4981.62,3290.72,3.67,Yes,7085
56029,JBL Smartwatches Plus 7,Electronics,Smartwatches,JBL,4540.56,1997.18,3.75,Yes,7790
56030,Forest Essentials Skincare Flex 1,Beauty,Skincare,FOREST ESSENTIALS,385.77,226.52,2.75,Yes,8636
56031,P&G Cleaning Plus 5,Grocery,Cleaning,P&G,11549.17,6692.48,4.02,Yes,7932
56032,MRF Badminton Pro 8,Sports,Badminton,MRF,19697.39,9193.17,2.57,Yes,8530
56033,Muscleblaze Medical Max 6,Health,Medical Devices,MUSCLEBLAZE,203457.04,111650.53,4.17,Yes,7828
56034,Ok Play Action Premium 4,Toys,Action Figures,OK PLAY,639.04,345.11,4.97,Yes,7385
56035,Parle Personal Edge 7,Grocery,Personal Care,PARLE,376.77,195.58,3.54,Yes,8384
56036,3M Tools Lite 5,Automotive,Tools,3M,8027.94,5676.23,3.92,No,8008
56037,Sony Smartwatches Plus 2,Electronics,Unknown,SONY,758.86,448.15,3.87,Yes,8026
56038,Reebok Yoga Pro 1,Sports,Yoga,REEBOK,3294.07,1392.33,4.61,No,8161
56039,HUL Snacks Neo 3,Grocery,Snacks,HUL,1827.63,746.88,3.14,Yes,7700
56040,Funskool Puzzles Plus 4,Toys,Puzzles,FUNSKOOL,67314.11,46789.91,4.55,Yes,7497
56041,P&G Snacks Elite 2,Grocery,Snacks,P&G,34511.87,20725.32,4.96,No,7436
56042,Pearson Children Elite 5,Books,Children Books,PEARSON,38474.89,21503.71,2.72,Yes,7656
56043,Pearson Self Plus 2,Books,Self Help,PEARSON,12505.94,6439.19,5.0,Yes,7627
56044,Prestige Furniture X 6,Home Kitchen,Furniture,PRESTIGE,3555.77,2021.67,3.43,No,8837
56045,Nestle Baby Active 5,Grocery,Baby Products,NESTLE,5338.04,2539.43,2.88,Yes,7020
56046,Muscleblaze Vitamins X 5,Health,Vitamins,MUSCLEBLAZE,25259.75,14817.8,3.45,Yes,7122
56047,Penguin Biographies X 6,Books,Biographies,PENGUIN,197.61,124.29,4.36,Yes,8210
56048,Canon Tablets Mini 3,Electronics,Tablets,CANON,19382.93,8663.58,3.79,Yes,8264
56049,OnePlus Accessories Mini 7,Electronics,Accessories,ONEPLUS,71136.52,45866.36,4.8,Yes,7916
56050,castrol Car Neo 6,Automotive,Car Accessories,CASTROL,499.09,215.32,3.44,Yes,7638
56051,3M Tools Active 3,Automotive,Tools,3M,1626.82,985.08,4.74,Yes,8597
56052,Parle Baby Neo 4,Grocery,Baby Products,PARLE,4682.18,2961.89,3.61,Yes,7721
56053,Fastrack Women X 3,Fashion,Women Clothing,FASTRACK,32140.43,16002.17,3.12,Yes,7509
56054,Penguin Academic Premium 9,Books,Academic,PENGUIN,55373.81,30848.04,3.16,Yes,7935
56055,Nestle Staples Plus 4,Grocery,Staples,NESTLE,2362.52,1002.85,4.5,Yes,8815
56056,Pantene Makeup Max 5,Beauty,Makeup,PANTENE,3293.7,2236.41,3.62,Yes,7339
56057,Shell Tools Flex 5,Automotive,Tools,SHELL,7174.84,3381.72,3.64,No,7438
56058,Pearson Academic Ultra 2,Books,Academic,PEARSON,2568.24,1684.98,3.24,No,7702
56059,Lakme Fragrances Elite 5,Beauty,Fragrances,LAKME,368.91,186.57,2.73,No,7335
56060,Shell Lubricants Smart 2,Automotive,Lubricants,SHELL,4785.63,2019.74,3.78,Yes,8474
56061,Louis Philippe Sunglasses Lite 5,Fashion,Sunglasses,LOUIS PHILIPPE,729.25,482.35,3.79,Yes,7872
56062,Funskool Board Neo 3,Toys,Board Games,FUNSKOOL,509.43,237.61,2.87,No,8850
56063,Prestige Lighting Ultra 1,Home Kitchen,Lighting,PRESTIGE,825.55,525.41,4.61,Yes,7150
56064,Lakme Mens Pro 5,Beauty,Mens Grooming,LAKME,752.87,352.25,2.67,Yes,7457
56065,Abbott First Mini 2,Health,First Aid,ABBOTT,323.17,191.62,3.36,Yes,7196
56066,P&G Dairy Neo 2,Grocery,Dairy,P&G,4901.48,2433.13,2.94,Yes,8729
56067,Cosco Swimming Edge 1,Sports,Swimming,COSCO,215.68,103.21,3.69,No,7737
56068,Funskool Puzzles Ultra 6,Toys,Puzzles,FUNSKOOL,623.92,365.22,2.6,Yes,7672
56069,Michelin Tyres Elite 2,Automotive,Tyres,MICHELIN,117188.97,74150.16,3.84,Yes,7237
56070,Nivia Cycling Air 8,Sports,Cycling,NIVIA,14588.32,9214.22,3.49,Yes,8829
56071,OnePlus Accessories Max 8,Electronics,Accessories,ONEPLUS,1968.78,1399.74,3.37,No,7393
56072,Pigeon Garden X 3,Home Kitchen,Garden,PIGEON,438.04,306.628,3.05,Yes,7115
56073,Logitech Headphones Elite 5,Electronics,Headphones,LOGITECH,17261.78,12166.38,3.4,Yes,7461
56074,HUL Fruits Max 7,Grocery,Fruits Vegetables,HUL,7688.53,5163.77,2.73,Yes,8607
56075,Levis Sunglasses Lite 1,Fashion,Sunglasses,LEVIS,167909.19,83607.17,4.26,Yes,7517
56076,S.Chand Biographies Elite 6,Books,Biographies,S.CHAND,3559.6,1463.0,3.39,Yes,8801
56077,Canon Gaming Premium 2,Electronics,Gaming,CANON,4712.74,3148.01,2.78,Yes,8921
56078,lego Action Neo 1,Toys,Action Figures,LEGO,14539.04,10014.67,3.84,Yes,8296
56079,Healthkart First Flex 8,Health,First Aid,HEALTHKART,942.45,548.03,3.44,Yes,8255
56080,Himalaya Ayurveda Mini 7,Health,Ayurveda,HIMALAYA,871.11,618.63,2.69,Yes,8813
56081,Hasbro Remote Max 5,Toys,Remote Control,HASBRO,15804.03,9547.14,4.24,No,8706
56082,LG Cameras Elite 1,Electronics,Cameras,LG,616.44,413.64,3.71,Yes,8392
56083,Parle Beverages Neo 6,Grocery,Beverages,PARLE,18605.1,13391.34,4.67,No,8195
56084,Gillette Makeup Elite 6,Beauty,Makeup,GILLETTE,4134.78,2254.61,4.35,Yes,8842
56085,Boat Rockerz 550,Beauty,Makeup,BIOTIQUE,1009.46,676.8,3.45,Yes,8244
56086,Scholastic Biographies Flex 2,Books,Biographies,SCHOLASTIC,75926.89,34000.34,3.3,No,8854
56087,Levis Watches Lite 9,Fashion,Watches,LEVIS,2975.15,1614.46,2.59,Yes,7350
56088,Healthkart Vitamins Smart 1,Health,Vitamins,HEALTHKART,1595.66,816.58,3.81,No,8989
56089,Nestle Cleaning Lite 7,Grocery,Cleaning,NESTLE,1805.46,1158.07,2.97,Yes,8378
56090,Amul Baby X 5,Grocery,Baby Products,AMUL,302.74,185.52,3.93,Yes,8574
56091,Scholastic Fiction Pro 4,Books,Fiction,SCHOLASTIC,2637.24,1663.91,3.8,No,7378
56092,Pearson Children Flex 7,Books,Children Books,PEARSON,11950.44,5468.84,2.62,No,8666
56093,Fast&Up Supplements Neo 5,Health,Supplements,FAST&UP,276339.67,124739.38,3.0,Yes,8528
56094,Amul Dairy Premium 3,Grocery,Dairy,AMUL,405.42,227.79,3.92,Yes,7778
56095,Steelbird Tools Premium 4,Automotive,Tools,STEELBIRD,18655.77,11664.5,2.85,Yes,7609
56096,Steelbird Car Air 4,Automotive,Car Accessories,STEELBIRD,138023.07,95364.61,2.97,Yes,8387
56097,Shell Car Neo 8,Automotive,Car Accessories,SHELL,544.7,341.3,2.58,Yes,8159
56098,Nivea Haircare Neo 5,Beauty,Haircare,NIVEA,4558.53,2935.75,2.6,Yes,7098
56099,MRF Swimming Elite 6,Sports,Swimming,MRF,58185.01,36857.23,3.01,Yes,8657
56100,Patanjali Personal Neo 4,Grocery,Personal Care,PATANJALI,17253.46,11369.93,3.83,Yes,7675
56101,Steelbird Tools Flex 7,Automotive,Tools,STEELBIRD,22986.48,14259.01,3.45,Yes,7623
56102,Usha Furniture Active 2,Home Kitchen,Furniture,USHA,840.64,541.79,3.29,Yes,8852
56103,Reebok Cricket Elite 1,Sports,Cricket,REEBOK,40469.65,21607.97,4.89,No,7626
56104,Vega Tyres Mini 8,Automotive,Tyres,VEGA,3098.29,1984.72,3.18,Yes,7490
56105,Canon Tablets Flex 5,Electronics,Tablets,CANON,2483.97,1717.63,2.88,No,7453
56106,Borosil Cookware Smart 7,Home Kitchen,Cookware,BOROSIL,3828.57,2244.18,4.69,Yes,7743
56107,Nike Sports Shoes Pro,Home Kitchen,Bedding,BUTTERFLY,3474.63,2236.14,3.22,Yes,7006
56108,Dabur Staples X 5,Grocery,Staples,DABUR,195642.08,115401.54,2.6,Yes,7861
56109,Abbott Medical Edge 2,Health,Medical Devices,ABBOTT,73774.07,35517.8,4.2,No,7591
56110,ITC Personal Elite 6,Grocery,Personal Care,ITC,4690.0,2039.64,4.99,Yes,8558
56111,Philips Storage Flex 8,Home Kitchen,Storage,PHILIPS,282904.86,138768.08,5.0,Yes,8222
56112,Dabur Vitamins Active 5,Health,Vitamins,DABUR,76349.51,54128.1,4.92,Yes,8898
56113,Nivea Makeup Neo 8,Beauty,Makeup,NIVEA,261.58,172.57,4.49,No,8914
56114,Gillette Fragrances Active 8,Beauty,Fragrances,GILLETTE,3050.42,2008.97,2.58,Yes,8253
56115,Maybelline Fragrances Pro 1,Beauty,Fragrances,MAYBELLINE,1403.19,774.32,3.02,Yes,7486
56116,Samsung Accessories Elite 7,Electronics,Accessories,SAMSUNG,9339.28,8405.352,4.98,Yes,7716
56117,Abbott Supplements Edge 9,Health,Supplements,ABBOTT,2879.75,1601.66,3.35,Yes,8832
56118,Steelbird Tools Neo 4,Automotive,Tools,STEELBIRD,298.97,169.1,3.11,Yes,8688
56119,Pearson Children X 2,Books,Children Books,PEARSON,3023.96,2111.98,3.27,Yes,7683
56120,Bosch Tools Premium 5,Automotive,Tools,BOSCH,11232.47,6714.71,3.33,Yes,8700
56121,Healthkart Vitamins Edge 9,Health,Vitamins,HEALTHKART,831.16,575.38,4.15,Yes,8204
56122,Titan Footwear Pro 7,Fashion,Footwear,TITAN,916.61,643.78,2.52,Yes,7601
56123,Levis Bags Smart 2,Fashion,Bags,LEVIS,2756.89,1288.82,2.79,Yes,8028
56124,Canon Mobiles Mini 9,Electronics,Mobiles,CANON,1954.53,1009.82,3.91,Yes,7141
56125,Vivo Smartwatches Mini 1,Electronics,Smartwatches,VIVO,848.87,442.97,4.35,Yes,8796
56126,Fast&Up Protein Active 1,Health,Protein,FAST&UP,3066.22,2060.95,3.97,Yes,7445
56127,Philips Lighting Neo 6,Home Kitchen,Lighting,PHILIPS,3844.94,2691.458,3.86,No,8814
56128,Amul Beverages Flex 6,Grocery,Beverages,AMUL,18739.94,12187.82,4.53,Yes,7121
56129,Pearson Non X 2,Books,Non Fiction,PEARSON,7636.86,4083.64,4.56,Yes,7525
56130,Castrol Tyres Pro 3,Automotive,Tyres,CASTROL,476.76,329.01,3.68,Yes,7113
56131,SG Running Mini 4,Sports,Running,SG,72203.78,36587.84,4.7,No,8068
56132,Levis Footwear Lite 1,Fashion,Footwear,LEVIS,1929.69,1303.62,3.7,Yes,8568
56133,Bata Jewellery Elite 1,Fashion,Jewellery,BATA,8876.82,4971.93,3.09,Yes,7075
56134,Yonex Badminton Mini 3,Sports,Badminton,YONEX,961.72,534.48,3.11,Yes,8868
56135,LG Smartwatches Premium 9,Electronics,Smartwatches,LG,3819.54,2700.04,2.91,Yes,7443
56136,Fisher Price Soft Edge 4,Toys,Soft Toys,FISHER PRICE,498.54,284.23,3.84,Yes,8475
56137,SG Fitness Premium 2,Sports,Fitness Equipment,SG,127217.0,79055.22,4.0,Yes,8953
56138,Gillette Mens Plus 5,Beauty,Mens Grooming,GILLETTE,15555.72,10946.18,3.23,Yes,7277
56139,Shell Lubricants Smart 9,Automotive,Lubricants,SHELL,283760.94,177041.74,2.89,No,8255
56140,Mattel Remote Pro 2,Toys,Remote Control,MATTEL,24944.34,12699.05,4.3,Yes,8868
56141,Shell Car Lite 6,Automotive,Car Accessories,SHELL,2208.12,1381.31,2.97,No,8536
56142,Hasbro Puzzles Max 1,Toys,Puzzles,HASBRO,836.61,347.0,4.27,No,8516
56143,Gillette Haircare Neo 1,Beauty,Haircare,GILLETTE,293325.44,202871.16,3.87,Yes,7883
56144,Orient Appliances Lite 8,Home Kitchen,Appliances,ORIENT,1837.01,1317.18,3.76,No,8722
56145,Tata Dairy Premium 9,Grocery,Dairy,TATA,3886.33,444.9,3.84,Yes,8345
56146,JBL Accessories Mini 6,Electronics,Accessories,JBL,1249.67,679.75,3.66,Yes,8731
56147,Woodland Kids Neo 4,Fashion,Kids Wear,WOODLAND,2570.22,1619.95,3.04,No,8947
56148,Bosch Tyres Max 4,Automotive,Tyres,BOSCH,8762.49,5502.56,4.32,Yes,7248
56149,apple Accessories Plus 5,Electronics,Accessories,APPLE,769.45,463.0,3.85,Yes,8535
56150,Zara Men Air 2,Fashion,Men Clothing,ZARA,13352.36,6826.76,4.93,Yes,8291
56151,Mattel Action Premium 9,Toys,Action Figures,MATTEL,539.63,257.12,4.6,Yes,7029
56152,Shell Bike Neo 4,Automotive,Bike Accessories,SHELL,10938.27,5863.15,4.66,No,7119
56153,Hasbro Remote Flex 9,Toys,Remote Control,HASBRO,295851.43,153935.23,4.43,Yes,8712
56154,Titan Sunglasses Mini 5,Fashion,Sunglasses,TITAN,254627.27,139677.28,3.67,Yes,7380
56155,Funskool Action Mini 6,Toys,Action Figures,FUNSKOOL,3279.22,1412.61,3.46,No,7977
56156,Cipla Ayurveda X 1,Health,Ayurveda,CIPLA,16107.5,11519.8,3.14,No,7317
56157,STEELBIRD Tools Ultra 7,Automotive,Tools,STEELBIRD,10255.91,5157.1,3.47,No,7267
56158,UCB Watches Mini 6,Fashion,Watches,UCB,800.29,567.17,3.83,No,7834
56159,Vega Tools Plus 1,Automotive,Tools,VEGA,7000.46,3320.26,2.6,Yes,7332
56160,Dabur Cleaning Flex 5,Grocery,Cleaning,DABUR,289459.18,129873.44,4.04,Yes,7919
56161,Adidas Footwear Smart 6,Fashion,Footwear,ADIDAS,31356.82,18617.38,2.78,No,8019
56162,Havells Appliances Max 7,Home Kitchen,Appliances,HAVELLS,2836.53,1170.56,3.46,Yes,8191
56163,Britannia Dairy Active 1,Grocery,Unknown,BRITANNIA,2920.65,2020.43,3.62,Yes,8733
56164,Pantene Skincare Lite 3,Beauty,Skincare,PANTENE,618.7,313.21,4.67,Yes,7195
56165,Tanishq Kids Edge 1,Fashion,Kids Wear,TANISHQ,126.48,57.51,2.9,Yes,7951
56166,S.Chand Children X 8,Books,Children Books,S.CHAND,259426.0,173329.89,2.85,Yes,7733
56167,Fast&Up Vitamins Max 8,Health,Vitamins,FAST&UP,3047.23,1734.44,2.78,Yes,7436
56168,Shell Lubricants Max 4,Automotive,Lubricants,SHELL,198.15,98.94,2.58,Yes,7356
56169,Dabur First Mini 2,Health,First Aid,DABUR,553.12,271.92,4.27,Yes,8989
56170,Pearson Fiction Elite 4,Books,Fiction,PEARSON,4257.88,1836.64,2.77,No,7113
56171,Penguin Fiction Active 6,Books,Fiction,PENGUIN,42401.37,25624.45,4.01,Yes,7429
56172,Dabur Snacks Ultra 6,Grocery,Snacks,DABUR,234.98,138.18,3.48,No,8397
56173,Pearson Children Neo 4,Books,Children Books,PEARSON,22749.48,15431.43,3.84,Yes,8520
56174,scholastic Biographies Ultra 6,Books,Biographies,SCHOLASTIC,294.36,119.83,3.99,Yes,7871
56175,Parle Fruits Neo 5,Grocery,Fruits Vegetables,PARLE,3610.81,2340.32,2.51,No,8421
56176,Biotique Mens Lite 9,Beauty,Unknown,BIOTIQUE,692.35,450.0,3.83,No,8948
56177,Pearson Children Ultra 4,Books,Children Books,PEARSON,2743.84,1191.54,4.02,Yes,8610
56178,Speedo Badminton Mini 3,Sports,Badminton,SPEEDO,48446.79,21765.79,2.73,Yes,8166
56179,Apple Gaming Plus 9,Electronics,Gaming,APPLE,69822.65,42040.02,4.92,Yes,8730
56180,Samsung Galaxy M35 5G,Beauty,Fragrances,FOREST ESSENTIALS,876.58,507.75,4.55,Yes,7751
56181,Havells Cookware Mini 6,Home Kitchen,Cookware,HAVELLS,2902.76,1217.05,3.18,Yes,8571
56182,Tata Dairy Active 1,Grocery,Dairy,TATA,987.2,517.02,4.31,Yes,8235
56183,Scholastic Academic Ultra 6,Books,Academic,SCHOLASTIC,8832.15,5907.2,3.64,Yes,7016
56184,Cipla Vitamins Flex 1,Health,Vitamins,CIPLA,17830.11,8474.68,3.35,No,8877
56185,Reebok Fitness Pro 4,Sports,Fitness Equipment,REEBOK,474.69,254.75,2.52,Yes,8811
56186,Acer Gaming Lite 9,Electronics,Gaming,ACER,1029.36,656.9,4.52,Yes,7383
56187,JBL Smartwatches Max 2,Electronics,Smartwatches,JBL,226.02,108.76,4.94,Yes,8001
56188,Shell Lubricants Flex 6,Automotive,Lubricants,SHELL,42187.21,24502.5,4.39,Yes,7757
56189,Nike Footwear Mini 7,Fashion,Footwear,NIKE,6903.42,4943.47,2.58,Yes,7115
56190,Fisher Price Educational Flex 9,Toys,Educational,FISHER PRICE,110145.78,72981.57,3.54,Yes,7080
56191,Havells Lighting Edge 5,Home Kitchen,Lighting,HAVELLS,4820.95,1977.75,3.08,No,8300
56192,UCB Women Air 4,Fashion,Women Clothing,UCB,180585.05,95414.43,4.61,Yes,8301
56193,Forest Essentials Skincare Air 2,Beauty,Skincare,FOREST ESSENTIALS,8552.07,4441.74,4.91,No,7081
56194,HarperCollins Children Plus 3,Books,Children Books,HARPERCOLLINS,4575.25,2172.62,3.31,Yes,7215
56195,Orient Bedding X 1,Home Kitchen,Bedding,ORIENT,927.75,409.55,3.05,Yes,7349
56196,Maybelline Fragrances Ultra 8,Beauty,Fragrances,MAYBELLINE,1912.91,1286.94,2.86,Yes,7295
56197,castrol Tools Edge 6,Automotive,Tools,CASTROL,407.67,238.78,2.87,Yes,8146
56198,Under Armour Cycling Neo 1,Sports,Cycling,UNDER ARMOUR,11666.82,6417.31,3.96,Yes,7551
56199,P&G Snacks Air 7,Grocery,Snacks,P&G,742.88,499.65,3.82,Yes,7223
56200,HarperCollins Fiction Flex 8,Books,Fiction,HARPERCOLLINS,74361.4,46985.74,2.9,Yes,7850
56201,Pigeon Cookware Max 3,Home Kitchen,Cookware,PIGEON,36556.51,17056.42,3.32,Yes,7732
56202,Decathlon Cricket Active 1,Sports,Cricket,DECATHLON,3818.12,2473.83,4.47,Yes,8776
56203,Parle Cleaning Premium 7,Grocery,Cleaning,PARLE,4411.79,2041.38,4.0,Yes,8150
56204,Oxford Non Edge 1,Books,Non Fiction,OXFORD,465.31,194.17,3.09,Yes,8421
56205,S.Chand Fiction Air 8,Books,Fiction,S.CHAND,4516.37,2245.65,4.7,Yes,7045
56207,Himalaya First Elite 2,Health,First Aid,HIMALAYA,192.32,77.8,4.73,No,7036
56208,Michelin Lubricants Elite 3,Automotive,Lubricants,MICHELIN,13786.89,7716.63,3.41,Yes,7588
56209,Shell Car X 6,Automotive,Car Accessories,SHELL,4449.21,1943.71,3.97,No,7984
56210,3M Tyres Active 1,Automotive,Tyres,3M,187329.68,149863.744,3.27,Yes,7360
56211,Himalaya Protein Mini 6,Health,Protein,HIMALAYA,4203.04,1896.54,3.17,Yes,8433
56212,Michelin Car Smart 2,Automotive,Car Accessories,MICHELIN,883.21,470.59,4.72,Yes,7615
56213,Mattel Puzzles Active 9,Toys,Puzzles,MATTEL,494.23,286.16,4.36,No,7247
56214,SG Yoga Premium 3,Sports,Yoga,SG,819.45,405.79,2.78,Yes,8772
56216,P&G Staples Premium 9,Grocery,Staples,P&G,667.68,368.51,2.93,Yes,8385
56217,Levis Sunglasses Mini 1,Fashion,Sunglasses,LEVIS,6511.22,4581.6,4.91,Yes,7473
56218,Muscleblaze Vitamins Premium 4,Health,Unknown,MUSCLEBLAZE,8987.64,6412.76,2.69,Yes,8156
56219,Samsung Galaxy M35 5G,Grocery,Unknown,NESTLE,45987.89,22553.26,3.17,Yes,7278
56220,Butterfly Bedding Active 3,Home Kitchen,Bedding,BUTTERFLY,533.44,294.28,4.12,Yes,7852
56221,Nike Kids Max 2,Fashion,Kids Wear,NIKE,2051.31,840.88,2.84,Yes,7855
56222,Adidas Bags Pro 9,Fashion,Bags,ADIDAS,1103.59,581.71,3.32,No,7912
56223,Boat Rockerz 550,Fashion,Women Clothing,LOUIS PHILIPPE,30687.94,15194.46,3.02,Yes,7662
56224,Philips Lighting Plus 3,Home Kitchen,Lighting,PHILIPS,222.08,112.97,3.28,Yes,7651
56225,Fisher Price Remote Edge 8,Toys,Remote Control,FISHER PRICE,265.6,155.5,2.59,Yes,7157
56226,Nivia Running Premium 6,Sports,Running,NIVIA,884.37,561.74,3.92,Yes,7603
56227,Milton Bedding Elite 9,Home Kitchen,Bedding,MILTON,47075.14,19501.89,4.34,Yes,7823
56228,H&M Men Max 7,Fashion,Men Clothing,H&M,3536.06,2378.23,3.06,Yes,8137
56229,Ok Play Soft Neo 1,Toys,Soft Toys,OK PLAY,65813.48,34776.11,4.29,Yes,8611
56230,Borosil Furniture Air 6,Home Kitchen,Furniture,BOROSIL,674.6,447.83,4.91,Yes,7294
56231,arihant Self Elite 2,Books,Self Help,ARIHANT,6267.3,4318.86,4.71,No,7046
56232,Castrol Tyres X 5,Automotive,Tyres,CASTROL,22798.97,12309.7,3.2,No,8962
56233,Amul Fruits Neo 2,Grocery,Fruits Vegetables,AMUL,23829.53,12445.33,3.35,No,8679
56234,HarperCollins Fiction Flex 1,Books,Fiction,HARPERCOLLINS,1649.72,709.49,4.42,Yes,8436
56235,Dabur Protein Max 7,Health,Protein,DABUR,36360.33,15494.41,4.18,Yes,7965
56236,reebok Swimming Mini 6,Sports,Swimming,REEBOK,50363.66,24684.01,3.72,No,7842
56237,Zara Footwear Ultra 2,Fashion,Footwear,ZARA,12473.28,6862.14,4.39,No,8513
56238,Nivea Haircare Edge 4,Beauty,Haircare,NIVEA,565.4,231.09,3.26,No,8291
56239,Scholastic Non Premium 2,Books,Non Fiction,SCHOLASTIC,733.21,448.68,2.53,Yes,7841
56240,Scholastic Self Edge 8,Books,Self Help,SCHOLASTIC,4763.31,2054.19,4.56,Yes,8417
56241,ITC Dairy Max 1,Grocery,Dairy,ITC,3173.05,1395.49,3.75,No,8934
56242,HUL Cleaning Max 2,Grocery,Cleaning,HUL,294.01,144.95,3.22,Yes,7427
56243,Himalaya Protein Max 8,Health,Protein,HIMALAYA,55747.54,24559.85,4.7,Yes,7280
56244,lego Puzzles Pro 7,Toys,Puzzles,LEGO,3250.63,2103.45,4.76,No,7689
56245,Dove Makeup Smart 2,Beauty,Makeup,DOVE,177771.5,110551.41,4.95,Yes,7550
56246,Forest Essentials Makeup Air 2,Beauty,Makeup,FOREST ESSENTIALS,38325.96,16420.12,3.71,Yes,8347
56247,Lakme Makeup Pro 7,Beauty,Makeup,LAKME,1130.09,680.7,3.81,Yes,7342
56248,Oxford Children Active 4,Books,Children Books,OXFORD,557.59,381.61,3.1,Yes,7673
56249,Tanishq Bags Elite 5,Fashion,Bags,TANISHQ,482.86,273.88,2.61,Yes,8230
56250,Titan Bags Air 2,Fashion,Bags,TITAN,1077.73,759.04,3.73,Yes,7528
56251,AMUL Fruits Active 4,Grocery,Fruits Vegetables,AMUL,43117.25,28829.15,4.38,No,7669
56252,Tata Baby Active 5,Grocery,Baby Products,TATA,1360.95,564.48,2.68,Yes,7645
56253,Apple Cameras Premium 2,Electronics,Cameras,APPLE,1899.48,909.77,4.79,Yes,7797
56254,Levis Jewellery Elite 2,Fashion,Jewellery,LEVIS,19380.58,10026.98,2.68,Yes,7305
56255,Vivo Headphones Flex 4,Electronics,Headphones,VIVO,327.73,210.07,3.7,Yes,8688
56256,Healthkart Vitamins Premium 5,Health,Vitamins,HEALTHKART,48220.73,24026.5,4.1,Yes,7737
56257,HP Gaming Max 6,Electronics,Gaming,HP,845.18,425.12,4.14,No,7863
56258,S.Chand Children Premium 1,Books,Children Books,S.CHAND,1384.47,729.85,4.33,Yes,8101
56259,Under Armour Fitness Smart 5,Sports,Fitness Equipment,UNDER ARMOUR,585.19,296.58,4.72,No,8084
56260,Forest Essentials Haircare Edge 6,Beauty,Haircare,FOREST ESSENTIALS,11223.88,8024.15,4.51,No,7268
56261,OPPO Accessories Max 8,Electronics,Accessories,OPPO,181.11,110.22,2.81,Yes,8164
56262,webby Action Flex 2,Toys,Action Figures,WEBBY,903.6,639.73,3.49,No,8422
56263,Cosco Running Ultra 9,Sports,Running,COSCO,243.37,130.46,4.76,Yes,8671
56264,ARIHANT Children Edge 4,Books,Children Books,ARIHANT,3274.98,1723.82,3.15,Yes,8013
56265,Under Armour Cycling Plus 8,Sports,Cycling,UNDER ARMOUR,731.52,403.19,3.39,Yes,8503
56266,Michelin Car Max 9,Automotive,Car Accessories,MICHELIN,532.36,348.62,4.78,Yes,8749
56267,Hasbro Puzzles Active 4,Toys,Puzzles,HASBRO,1645.34,798.59,3.06,Yes,7152
56269,Fisher Price Educational Neo 4,Toys,Educational,FISHER PRICE,665.48,276.86,4.09,No,7724
56270,Havells Storage Pro 6,Home Kitchen,Storage,HAVELLS,210196.28,85724.43,4.51,Yes,7642
56271,S.Chand Self Plus 7,Books,Self Help,S.CHAND,14963.03,9671.92,4.63,Yes,8733
56272,3M Car Lite 5,Automotive,Car Accessories,3M,609.29,431.45,2.68,Yes,8621
56273,Maybelline Skincare Mini 1,Beauty,Skincare,MAYBELLINE,70354.93,35707.08,3.45,Yes,7054
56275,Logitech Gaming Premium 6,Electronics,Gaming,LOGITECH,347.26,247.1,4.15,Yes,8430
56276,Cosco Cricket Elite 1,Sports,Unknown,COSCO,1032.47,669.49,4.8,No,7593
56277,Nestle Cleaning Pro 9,Grocery,Cleaning,NESTLE,208785.84,108746.53,4.75,No,8917
56278,Arihant Biographies Ultra 9,Books,Biographies,ARIHANT,11362.56,5847.79,2.96,Yes,8186
56279,Funskool Puzzles Elite 4,Toys,Unknown,FUNSKOOL,35787.8,23262.070000000003,3.52,Yes,7473
56280,SG Badminton Neo 3,Sports,Badminton,SG,34888.1,17248.31,2.88,Yes,8679
56281,Pearson Non Elite 4,Books,Non Fiction,PEARSON,107.88,75.04,3.48,Yes,7928
56282,JBL Gaming Flex 5,Electronics,Gaming,JBL,4540.67,2659.65,2.57,Yes,8233
56283,Bata Men Premium 4,Fashion,Men Clothing,BATA,2405.39,1136.45,4.33,Yes,7743
56284,Milton Cookware Smart 6,Home Kitchen,Cookware,MILTON,129372.99,56602.5,3.82,Yes,8065
56285,Castrol Bike Smart 1,Automotive,Bike Accessories,CASTROL,5384.51,2901.97,2.73,Yes,7952
56286,ITC Cleaning Elite 1,Grocery,Cleaning,ITC,952.53,595.17,4.7,Yes,7030
56287,Nestle Fruits Lite 9,Grocery,Fruits Vegetables,NESTLE,125309.2,64170.23,4.68,Yes,8806
56288,Pantene Mens Flex 5,Beauty,Mens Grooming,PANTENE,3923.23,2759.82,4.74,Yes,7402
56289,Maybelline Mens Air 2,Beauty,Mens Grooming,MAYBELLINE,14590.7,9290.41,3.86,No,7322
56290,Hasbro Action Active 1,Toys,Action Figures,HASBRO,586.48,245.39,4.16,Yes,8225
56291,Fastrack Bags X 1,Fashion,Bags,FASTRACK,6709.73,4009.85,3.91,Yes,7835
56292,Borosil Cookware Mini 1,Home Kitchen,Cookware,BOROSIL,415.02,177.17,3.63,Yes,7768
56293,Boat Rockerz 550,Grocery,Beverages,ITC,58560.61,28032.52,3.51,No,7953
56294,JBL Mobiles Ultra 9,Electronics,Mobiles,JBL,870.18,428.2,4.85,Yes,7106
56295,Nike Women Air 8,Fashion,Women Clothing,NIKE,463.11,294.21,3.69,No,8375
56296,MRF Cycling X 9,Sports,Cycling,MRF,40630.21,26688.03,4.73,Yes,8382
56297,Patanjali Baby Plus 6,Grocery,Baby Products,PATANJALI,9297.88,4309.35,2.78,Yes,7173
56298,ITC Fruits Mini 3,Grocery,Fruits Vegetables,ITC,237.32,162.77,4.13,No,8899
56299,SG Swimming Max 7,Sports,Swimming,SG,8466.27,5101.11,3.32,Yes,8375
56300,3M Car Mini 8,Automotive,Car Accessories,3M,476.57,288.37,3.23,Yes,7201
56301,Under Armour Yoga Mini 1,Sports,Yoga,UNDER ARMOUR,2942.66,1434.18,3.75,Yes,8513
56302,H&M Jewellery Smart 1,Fashion,Jewellery,H&M,182980.01,121008.25,4.2,Yes,8341
56303,Steelbird Bike Max 9,Automotive,Bike Accessories,STEELBIRD,169714.06,77678.97,2.78,No,7172
56304,Adidas Footwear Neo 2,Fashion,Footwear,ADIDAS,2023.19,969.52,4.72,No,8109
56305,Ok Play Puzzles Pro 2,Toys,Puzzles,OK PLAY,509.17,312.71,3.34,Yes,8139
56306,Oxford Children Ultra 5,Books,Children Books,OXFORD,8172.01,5812.56,2.61,Yes,7963
56307,Parle Baby Air 3,Grocery,Baby Products,PARLE,318.0,214.23,3.76,Yes,8442
56308,LOreal Makeup Ultra 9,Beauty,Makeup,LOREAL,56513.22,25881.77,3.8,No,8323
56309,Abbott Supplements X 8,Health,Supplements,ABBOTT,72482.8,33038.3,3.03,Yes,8098
56310,Britannia Beverages Premium 4,Grocery,Beverages,BRITANNIA,3876.89,2069.11,2.81,No,8999
56311,Castrol Lubricants Air 6,Automotive,Lubricants,CASTROL,15678.76,9727.48,3.66,Yes,7738
56312,Dove Makeup Plus 5,Beauty,Makeup,DOVE,957.47,576.69,4.71,Yes,7521
56313,logitech Cameras Neo 1,Electronics,Cameras,LOGITECH,8674.08,3915.65,4.66,Yes,8913
56314,MRF Cricket Edge 8,Sports,Cricket,MRF,887.97,529.46,4.33,Yes,8195
56315,Nikon Gaming Mini 8,Electronics,Gaming,NIKON,3085.24,1498.94,3.01,Yes,7208
56316,Cosco Running Edge 6,Sports,Running,COSCO,4262.79,2435.41,4.35,Yes,8503
56317,Hasbro Soft Edge 6,Toys,Soft Toys,HASBRO,2309.7,1474.65,3.2,Yes,8099
56318,Castrol Tyres Premium 5,Automotive,Tyres,CASTROL,840.03,470.05,4.31,Yes,8862
56319,HarperCollins Fiction Smart 5,Books,Fiction,HARPERCOLLINS,1835.31,772.63,3.84,Yes,8469
56320,Scholastic Fiction Smart 6,Books,Fiction,SCHOLASTIC,11398.91,7282.27,4.21,Yes,7171
56321,Zara Watches Ultra 5,Fashion,Watches,ZARA,30917.69,18124.57,3.21,Yes,8835
56322,Patanjali Cleaning X 6,Grocery,Cleaning,PATANJALI,276217.53,173438.0,5.0,Yes,8987
56323,Cipla Medical Edge 6,Health,Medical Devices,CIPLA,2359.57,1428.27,3.96,Yes,7027
56324,Xiaomi Tablets Max 4,Electronics,Tablets,XIAOMI,75670.9,51703.7,3.99,Yes,7817
56325,Lego Board X 1,Toys,Board Games,LEGO,16191.67,7382.33,4.99,Yes,8727
56326,Muscleblaze Protein X 1,Health,Protein,MUSCLEBLAZE,438.59,313.89,4.51,Yes,7012
56327,Boat Rockerz 550,Health,Ayurveda,CIPLA,25080.91,12298.38,3.46,Yes,7171
56328,Dabur Cleaning Lite 1,Grocery,Cleaning,DABUR,593.72,333.04,2.72,Yes,7150
56329,Nivea Haircare Neo 2,Beauty,Haircare,NIVEA,2804.06,1795.59,4.45,Yes,7539
56330,P&G Snacks Ultra 7,Grocery,Snacks,P&G,61660.57,42601.57,2.77,Yes,7282
56331,Webby Remote Mini 6,Toys,Remote Control,WEBBY,210761.68,139058.14,3.19,Yes,8929
56332,P&G Staples Lite 5,Grocery,Staples,P&G,666.95,385.57,4.46,Yes,8763
56333,Dabur Fruits Plus 6,Grocery,Fruits Vegetables,DABUR,667.93,360.14,4.03,Yes,7322
56334,Hasbro Action Mini 2,Toys,Action Figures,HASBRO,291455.78,186906.08,4.55,Yes,7840
56335,S.CHAND Children Active 5,Books,Children Books,S.CHAND,466.88,284.92,3.76,Yes,8121
56336,UCB Kids Air 7,Fashion,Kids Wear,UCB,220645.37,118813.85,2.87,Yes,8240
56337,Vega Lubricants Premium 8,Automotive,Lubricants,VEGA,17208.53,8789.0,2.99,Yes,7114
56338,Muscleblaze Vitamins Air 3,Health,Vitamins,MUSCLEBLAZE,3113.22,1361.8,4.16,Yes,7118
56339,Shell Tools Premium 8,Automotive,Tools,SHELL,4610.61,3255.62,4.72,Yes,7354
56340,Under Armour Running Smart 1,Sports,Running,UNDER ARMOUR,102.7,59.51,4.19,No,7002
56341,Milton Storage Air 9,Home Kitchen,Storage,MILTON,901.45,626.65,3.83,No,8612
56342,Biotique Skincare Neo 1,Beauty,Skincare,BIOTIQUE,26400.09,13860.08,4.08,Yes,7933
56343,S.Chand Children Mini 9,Books,Children Books,S.CHAND,42618.27,21699.89,3.73,Yes,7088
56344,Muscleblaze Supplements Lite 4,Health,Supplements,MUSCLEBLAZE,4505.67,563.95,2.84,No,7243
56345,Milton Garden Pro 3,Home Kitchen,Garden,MILTON,228.33,143.61,4.27,Yes,7363
56346,OPPO Laptops Ultra 9,Electronics,Laptops,OPPO,731.37,295.95,4.75,No,8109
56347,HarperCollins Non X 1,Books,Non Fiction,HARPERCOLLINS,11401.21,6127.1,2.94,Yes,7519
56348,Zara Jewellery Smart 8,Fashion,Jewellery,ZARA,1896.77,1283.47,3.21,Yes,7815
56349,Apple Headphones X 5,Electronics,Headphones,APPLE,761.8,419.83,4.67,Yes,8116
56350,Prestige Furniture Edge 4,Home Kitchen,Furniture,PRESTIGE,10046.89,7018.74,2.67,Yes,8689
56351,Dell Accessories Mini 6,Electronics,Accessories,DELL,43475.84,25181.54,4.56,Yes,8553
56352,Bajaj Garden X 6,Home Kitchen,Garden,BAJAJ,52914.18,33362.72,4.21,Yes,7719
56353,Oxford Children Plus 7,Books,Children Books,OXFORD,4729.92,3186.33,3.22,Yes,8552
56354,Lego Action Elite 5,Toys,Action Figures,LEGO,892.08,573.86,3.31,Yes,7531
56355,Yonex Yoga Plus 8,Sports,Yoga,YONEX,6745.11,4068.1,5.0,Yes,8769
56356,Orient Furniture Premium 5,Home Kitchen,Furniture,ORIENT,48681.93,31320.12,5.0,No,7622
56357,Canon Smart Elite 1,Electronics,Smart Tvs,CANON,5924220.84,3187474.92,3.73,Yes,8923
56358,Vega Car Active 7,Automotive,Car Accessories,VEGA,1917.99,779.72,3.04,No,7898
56359,Oxford Fiction Premium 5,Books,Fiction,OXFORD,60720.69,33088.26,3.72,Yes,8234
56360,Scholastic Biographies Ultra 9,Books,Biographies,SCHOLASTIC,2927.31,1937.18,4.66,Yes,7639
56361,MRF Cricket Plus 7,Sports,Cricket,MRF,3893582.85,2252182.95,3.76,Yes,7612
56362,Lego Remote Neo 5,Toys,Remote Control,LEGO,910.87,448.22,3.53,Yes,8166
56363,Vega Car Air 1,Automotive,Car Accessories,VEGA,3861.55,2699.81,4.79,No,7897
56364,3M Tools Neo 8,Automotive,Tools,3M,34617.63,24913.92,2.97,Yes,7672
56365,Nivea Fragrances X 2,Beauty,Fragrances,NIVEA,2058.46,1237.84,3.02,Yes,7835
56366,Titan Watches Pro 5,Fashion,Watches,TITAN,9410.91,4880.53,4.28,Yes,7883
56367,Prestige Garden Plus 6,Home Kitchen,Garden,PRESTIGE,401.74,252.52,3.92,Yes,8784
56368,Reebok Running Active 5,Sports,Running,REEBOK,256290.39,179195.79,3.57,Yes,7674
56369,Parle Cleaning Mini 5,Grocery,Cleaning,PARLE,54147.12,34527.42,4.62,Yes,7510
56370,Bosch Tools Air 5,Automotive,Tools,BOSCH,9237.15,5085.27,2.51,No,7135
56371,Dabur Ayurveda Pro 6,Health,Ayurveda,DABUR,956.64,586.09,3.12,No,7097
56372,Pearson Fiction Plus 9,Books,Fiction,PEARSON,855.85,463.1,3.03,Yes,8107
56373,Acer Headphones Air 3,Electronics,Headphones,ACER,4616.33,2084.4,4.54,Yes,8723
56374,MRF Cycling Lite 5,Sports,Cycling,MRF,42218.8,27271.51,4.61,No,8117
56375,Michelin Bike Smart 5,Automotive,Bike Accessories,MICHELIN,867.25,499.67,2.97,Yes,8205
56376,Dabur Snacks Neo 6,Grocery,Unknown,DABUR,2152.2,1370.04,2.7,Yes,7253
56377,Dove Fragrances Lite 6,Beauty,Unknown,DOVE,730.25,487.68,3.1,Yes,8584
56378,Philips Garden Neo 8,Home Kitchen,Garden,PHILIPS,47173.0,19855.49,4.32,No,7695
56379,Steelbird Tools X 3,Automotive,Tools,STEELBIRD,352.42,142.64,3.61,Yes,7401
56380,Cipla Supplements Edge 1,Health,Supplements,CIPLA,4975.78,2988.02,4.71,Yes,7231
56381,Boat Laptops Pro 3,Electronics,Laptops,BOAT,4305.54,1723.16,4.28,Yes,7352
56382,MRF Swimming Mini 3,Sports,Swimming,MRF,166891.18,96937.63,3.05,No,8058
56383,P&G Beverages Lite 2,Grocery,Beverages,P&G,2895.63,1601.85,2.74,No,7657
56384,Tanishq Watches Edge 5,Fashion,Watches,TANISHQ,36927.25,20089.19,2.74,No,8503
56385,Yonex Cricket Active 9,Sports,Cricket,YONEX,9791.86,4727.91,3.42,Yes,8637
56386,Samsung Galaxy M35 5G,Electronics,Gaming,NOISE,382.72,172.98,3.41,Yes,8188
56387,Amul Baby X 2,Grocery,Baby Products,AMUL,500.27,342.82,3.14,Yes,8123
56388,Shell Car Lite 2,Automotive,Car Accessories,SHELL,11762.77,7288.6,4.32,Yes,8396
56389,Abbott Ayurveda Mini 6,Health,Ayurveda,ABBOTT,5411.37,3341.01,4.17,Yes,7336
56390,Sony Laptops Pro 3,Electronics,Laptops,SONY,778.47,446.99,4.01,Yes,7296
56391,Bosch Bike Lite 7,Automotive,Bike Accessories,BOSCH,240.88,159.26,3.03,Yes,7358
56392,Nikon Smartwatches Premium 9,Electronics,Smartwatches,NIKON,128337.41,59243.97,4.66,Yes,7101
56393,Vega Car Pro 6,Automotive,Car Accessories,VEGA,8730.87,5927.93,3.29,Yes,7123
56394,Butterfly Furniture Edge 6,Home Kitchen,Furniture,BUTTERFLY,403.47,247.64,3.74,Yes,7688
56395,LG Cameras Flex 1,Electronics,Cameras,LG,27020.4,16245.84,3.96,Yes,8765
56396,Abbott Protein Air 6,Health,Protein,ABBOTT,9134.23,4206.03,4.12,No,7310
56397,Acer Cameras Air 7,Electronics,Cameras,ACER,270570.83,133210.6,4.68,Yes,8843
56398,Louis Philippe Women Elite 9,Fashion,Women Clothing,LOUIS PHILIPPE,58195.91,26463.82,4.19,Yes,8487
56399,HUL Cleaning Max 5,Grocery,Cleaning,HUL,3410.43,1660.13,2.97,No,7220
56400,Hasbro Action Air 1,Toys,Action Figures,HASBRO,2015.36,976.88,4.88,Yes,8575
56401,Himalaya Supplements Premium 4,Health,Supplements,HIMALAYA,19294.6,8936.75,4.38,Yes,7898
56402,Lakme Skincare X 6,Beauty,Skincare,LAKME,1774.0,1099.46,4.57,Yes,7995
56403,OPPO Headphones Active 2,Electronics,Headphones,OPPO,4032.34,2768.68,3.41,Yes,8971
56404,Nestle Dairy Max 3,Grocery,Dairy,NESTLE,64018.85,31699.01,2.84,No,7463
56405,Tanishq Kids Plus 1,Fashion,Kids Wear,TANISHQ,65515.94,36234.81,3.05,Yes,7025
56406,Muscleblaze First Edge 9,Health,First Aid,MUSCLEBLAZE,6194.77,4006.54,4.74,No,7114
56407,Boat Rockerz 550,Toys,Board Games,MATTEL,995.3,571.47,4.08,Yes,7336
56408,Penguin Self Neo 1,Books,Self Help,PENGUIN,3545.57,2263.08,4.17,Yes,7954
56409,Bosch Car Mini 9,Automotive,Car Accessories,BOSCH,2942.56,1429.52,3.47,No,8716
56410,MRF Fitness Edge 3,Sports,Fitness Equipment,MRF,1070.0,615.96,3.9,Yes,7738
56411,FUNSKOOL Action Mini 4,Toys,Action Figures,FUNSKOOL,3428.25,2274.5,2.98,Yes,7293
56412,Amul Snacks Ultra 1,Grocery,Snacks,AMUL,2258.36,1378.75,3.35,Yes,7188
56413,HarperCollins Biographies Smart 6,Books,Biographies,HARPERCOLLINS,16659.69,8894.53,4.25,Yes,7838
56414,bata Men Lite 7,Fashion,Men Clothing,BATA,154529.18,108887.26,3.93,Yes,7023
56415,puma Sunglasses Mini 5,Fashion,Sunglasses,PUMA,65350.96,33656.4,4.01,No,7111
56416,Lakme Mens Max 7,Beauty,Mens Grooming,LAKME,71620.73,30536.66,5.0,Yes,8896
56417,Nivea Mens Max 3,Beauty,Mens Grooming,NIVEA,27259.45,11091.63,3.06,Yes,7385
56418,Forest Essentials Fragrances Ultra 3,Beauty,Fragrances,FOREST ESSENTIALS,8314.63,5239.1,4.46,Yes,8776
56419,OnePlus Tablets Elite 4,Electronics,Tablets,ONEPLUS,4730.67,2686.26,4.56,Yes,8640
56420,HP Smartwatches Neo 6,Electronics,Smartwatches,HP,2710.03,1424.71,4.71,No,8094
56421,Gillette Makeup X 5,Beauty,Makeup,GILLETTE,462.22,283.24,3.48,No,8552
56422,Hasbro Soft Flex 7,Toys,Soft Toys,HASBRO,16351.2,11336.62,2.65,Yes,7290
56423,Britannia Dairy Pro 7,Grocery,Dairy,BRITANNIA,309.62,172.87,3.64,Yes,7998
56424,Vivo Headphones Pro 2,Electronics,Headphones,VIVO,766.62,340.9,3.39,Yes,8175
56425,P&G Personal Flex 9,Grocery,Personal Care,P&G,272.16,176.92,4.0,Yes,8362
56426,Orient Bedding Lite 1,Home Kitchen,Bedding,ORIENT,183.43,96.16,2.58,Yes,8658
56427,Milton Storage X 6,Home Kitchen,Storage,MILTON,62928.46,43176.95,2.64,Yes,8349
56428,Levis Men Mini 5,Fashion,Men Clothing,LEVIS,3524.81,1657.46,2.96,Yes,7414
56429,Abbott Ayurveda Flex 6,Health,Ayurveda,ABBOTT,693.23,369.73,4.9,Yes,8030
56430,Lego Soft Edge 1,Toys,Soft Toys,LEGO,15152.39,8700.22,3.93,Yes,8220
56431,JBL Laptops X 2,Electronics,Laptops,JBL,1273.69,672.73,3.63,Yes,7044
56432,Bajaj Garden Neo 8,Home Kitchen,Garden,BAJAJ,4601.05,2075.48,4.22,Yes,7358
56433,LG Laptops Neo 9,Electronics,Laptops,LG,172007.38,83818.99,4.39,Yes,7376
56434,OPPO Smart Air 1,Electronics,Smart Tvs,OPPO,451.01,216.39,4.54,No,8627
56435,Nivia Yoga Edge 3,Sports,Yoga,NIVIA,10743.05,4476.49,2.8,Yes,7614
56436,Himalaya Ayurveda Premium 9,Health,Ayurveda,HIMALAYA,4255.38,2658.39,3.24,Yes,7302
56437,NIVEA Skincare Smart 1,Beauty,Skincare,NIVEA,2338.05,1311.55,4.43,Yes,8105
56438,S.Chand Self Pro 7,Books,Self Help,S.CHAND,405.56,202.78,4.16,Yes,8223
56439,Woodland Footwear Premium 7,Fashion,Footwear,WOODLAND,153419.1,104051.05,4.26,Yes,7237
56440,HUL Cleaning Mini 7,Grocery,Cleaning,HUL,7215.84,4415.14,3.12,Yes,8728
56441,DOVE Makeup Active 8,Beauty,Makeup,DOVE,2055.19,983.62,3.04,No,7771
56442,Dabur Personal Mini 3,Grocery,Personal Care,DABUR,234506.74,104051.2,2.68,Yes,7921
56443,Nestle Fruits Pro 6,Grocery,Fruits Vegetables,NESTLE,19205.82,12228.43,2.87,No,8236
56444,Patanjali Staples Pro 1,Grocery,Staples,PATANJALI,9044.07,4201.09,3.21,Yes,8930
56445,Michelin Tyres Neo 7,Automotive,Unknown,MICHELIN,7569.84,3579.98,3.83,Yes,7410
56446,Adidas Kids Plus 6,Fashion,Kids Wear,ADIDAS,117519.02,72638.53,2.83,Yes,7284
56447,LG Mobiles Ultra 2,Electronics,Mobiles,LG,643.65,332.5,2.79,Yes,8134
56448,Maybelline Haircare Lite 2,Beauty,Haircare,MAYBELLINE,443.67,238.89,2.87,Yes,7078
56449,Pantene Skincare Mini 3,Beauty,Skincare,PANTENE,43255.37,17368.14,4.85,Yes,7276
56450,3M Lubricants X 2,Automotive,Unknown,3M,2719.74,1440.48,3.68,No,7841
56451,Fast&Up First Mini 2,Health,First Aid,FAST&UP,106.33,50.6,3.68,No,8876
56452,Michelin Lubricants Flex 8,Automotive,Lubricants,MICHELIN,505.65,245.09,3.75,Yes,7139
56453,LOreal Mens Ultra 9,Beauty,Mens Grooming,LOREAL,14015.08,8723.47,4.55,Yes,7559
56454,Bata Bags Max 9,Fashion,Bags,BATA,8149.03,3744.77,2.86,Yes,8773
56455,Nike Men Neo 5,Fashion,Men Clothing,NIKE,181003.12,94989.46,4.88,No,8524
56456,Adidas Men Active 4,Fashion,Men Clothing,ADIDAS,1334.95,707.06,4.77,No,8560
56457,Maybelline Skincare Mini 8,Beauty,Skincare,MAYBELLINE,36268.41,26102.93,2.68,Yes,7270
56458,Patanjali Personal Smart 7,Grocery,Personal Care,PATANJALI,610.56,373.73,3.08,Yes,8902
56459,Lego Board Neo 4,Toys,Board Games,LEGO,4762.12,2558.98,2.8,Yes,8289
56460,Milton Appliances Lite 1,Home Kitchen,Appliances,MILTON,1384.66,650.7,4.09,Yes,8944
56461,Vega Bike Edge 2,Automotive,Bike Accessories,VEGA,65874.98,32736.93,3.28,Yes,8723
56462,Decathlon Yoga Max 5,Sports,Yoga,DECATHLON,2211.37,1511.33,4.27,Yes,8820
56463,Amul Baby Air 9,Grocery,Baby Products,AMUL,99799.33,66727.5,4.93,Yes,8581
56464,Lenovo Gaming Neo 4,Electronics,Gaming,LENOVO,12562.18,7697.45,2.65,No,7014
56465,Lego Educational Smart 3,Toys,Educational,LEGO,974.08,613.18,2.62,Yes,8692
56466,Fast&Up Supplements Air 2,Health,Supplements,FAST&UP,322.13,141.45,3.87,Yes,8830
56467,Cosco Badminton Elite 5,Sports,Badminton,COSCO,993.69,411.37,4.04,No,7849
56468,MRF Cycling Max 5,Sports,Cycling,MRF,492.06,347.11,3.59,Yes,7446
56469,Vega Lubricants Premium 1,Automotive,Lubricants,VEGA,3317.68,1501.35,2.67,Yes,8613
56470,Healthkart Protein Edge 4,Health,Protein,HEALTHKART,439.42,217.69,4.92,Yes,7296
56471,Ok Play Soft Elite 2,Toys,Soft Toys,OK PLAY,156143.35,107268.07,4.2,Yes,7782
56472,Samsung Gaming Flex 5,Electronics,Gaming,SAMSUNG,3819.29,2334.06,2.83,No,7339
56473,Nivia Yoga Lite 2,Sports,Yoga,NIVIA,53039.14,36729.96,2.96,Yes,8777
56474,Maybelline Fragrances Max 1,Beauty,Fragrances,MAYBELLINE,888.4,452.53,4.04,No,8986
56475,Pearson Non Max 9,Books,Non Fiction,PEARSON,14579.72,9996.75,3.97,No,7809
56476,ITC Snacks Ultra 6,Grocery,Snacks,ITC,797.28,390.74,3.33,Yes,7599
56477,Cipla Vitamins Max 9,Health,Vitamins,CIPLA,68540.73,37655.44,3.55,Yes,7230
56478,Speedo Fitness Mini 2,Sports,Fitness Equipment,SPEEDO,18907.45,10674.86,4.16,Yes,8869
56479,ITC Fruits Pro 8,Grocery,Fruits Vegetables,ITC,1456.35,826.45,4.56,Yes,7483
56480,Levis Footwear Mini 6,Fashion,Footwear,LEVIS,1863.08,1303.36,3.92,Yes,7792
56481,FOREST ESSENTIALS Haircare Ultra 7,Beauty,Haircare,FOREST ESSENTIALS,3217.68,1900.9,2.66,No,8262
56482,Arihant Fiction X 6,Books,Fiction,ARIHANT,600.24,342.23,3.43,Yes,8924
56483,Lakme Haircare Air 4,Beauty,Haircare,LAKME,509.71,223.45,4.27,Yes,8907
56484,Maybelline Mens Smart 7,Beauty,Mens Grooming,MAYBELLINE,954.77,663.28,3.21,Yes,8151
56485,3M Tyres Premium 9,Automotive,Tyres,3M,568.39,390.48,4.81,Yes,8026
56486,Penguin Self Premium 7,Books,Self Help,PENGUIN,4903.0,3224.43,4.02,Yes,8375
56487,Vega Car Pro 3,Automotive,Car Accessories,VEGA,70434.53,30653.95,4.68,Yes,8522
56488,Bajaj Bedding Lite 1,Home Kitchen,Bedding,BAJAJ,1325.23,641.14,3.28,Yes,8672
56489,Nivea Mens Elite 7,Beauty,Mens Grooming,NIVEA,14208.57,8622.27,3.75,Yes,8516
56490,3M Tyres Mini 9,Automotive,Tyres,3M,278557.61,166644.99,3.13,Yes,8780
56491,Arihant Academic Premium 1,Books,Academic,ARIHANT,60803.7,25664.75,4.78,Yes,8763
56492,Mattel Puzzles Elite 2,Toys,Puzzles,MATTEL,42487.8,22630.17,3.36,Yes,7139
56493,Havells Decor Plus 7,Home Kitchen,Decor,HAVELLS,70773.05,30072.81,3.58,Yes,7712
56494,Butterfly Cookware Mini 4,Home Kitchen,Cookware,BUTTERFLY,34202.82,15771.41,4.6,No,8170
56495,Fisher Price Puzzles Neo 4,Toys,Puzzles,FISHER PRICE,18953.55,11419.78,3.39,Yes,7294
56496,Nestle Cleaning Air 7,Grocery,Cleaning,NESTLE,3954.8,1873.29,2.84,No,8557
56497,Bosch Bike Edge 3,Automotive,Bike Accessories,BOSCH,13130.58,5291.94,4.1,Yes,7512
56498,Mattel Puzzles Elite 1,Toys,Puzzles,MATTEL,12267.41,6565.07,3.04,Yes,7798
56499,Bosch Tyres Mini 7,Automotive,Tyres,BOSCH,73039.64,58431.712,2.71,Yes,7696
56500,Lego Puzzles Ultra 8,Toys,Puzzles,LEGO,2596.59,1849.34,4.24,No,8817
56501,Butterfly Lighting Premium 2,Home Kitchen,Lighting,BUTTERFLY,1560.34,705.82,2.9,Yes,7205
56502,Penguin Fiction Lite 2,Books,Fiction,PENGUIN,4048.06,2139.51,2.79,Yes,8547
56503,Havells Cookware Pro 4,Home Kitchen,Cookware,HAVELLS,337.82,216.05,3.15,Yes,8117
56504,Webby Puzzles Air 8,Toys,Puzzles,WEBBY,15446.82,7521.64,3.28,Yes,7759
56505,Pantene Makeup Air 5,Beauty,Makeup,PANTENE,243853.71,129033.42,3.98,Yes,7039
56506,Philips Storage Neo 9,Home Kitchen,Storage,PHILIPS,8623.83,4540.5,3.27,Yes,7828
56507,Michelin Tools Plus 9,Automotive,Tools,MICHELIN,17547.26,14037.807999999999,4.67,Yes,8406
56508,nivea Fragrances Neo 1,Beauty,Fragrances,NIVEA,14350.8,9553.15,2.58,Yes,8601
56509,Funskool Puzzles Plus 7,Toys,Puzzles,FUNSKOOL,3359.59,1351.24,2.79,No,8543
56510,Tanishq Jewellery Plus 4,Fashion,Jewellery,TANISHQ,7013.49,2828.13,2.76,Yes,8878
56511,Cosco Running Ultra 5,Sports,Running,COSCO,247.14,134.36,4.48,No,7706
56512,Biotique Skincare Lite 5,Beauty,Skincare,BIOTIQUE,10699.69,4378.94,5.0,Yes,8832
56513,LOreal Makeup Ultra 1,Beauty,Makeup,LOREAL,14259.77,7537.85,4.06,Yes,8096
56514,Woodland Bags Premium 8,Fashion,Bags,WOODLAND,420.69,274.09,3.3,Yes,7059
56515,Levis Watches Flex 6,Fashion,Watches,LEVIS,4331.81,2599.0860000000002,4.71,No,8572
56516,Nestle Snacks Smart 2,Grocery,Snacks,NESTLE,373.4,256.74,4.87,Yes,7050
56517,Funskool Soft Plus 1,Toys,Soft Toys,FUNSKOOL,154.1,62.53,5.0,Yes,7148
56518,Levis Watches X 2,Fashion,Watches,LEVIS,4839.7,2737.51,4.92,Yes,8082
56519,Pearson Non X 7,Books,Non Fiction,PEARSON,15949.31,6859.6,4.84,Yes,7670
56520,Philips Decor Elite 4,Home Kitchen,Decor,PHILIPS,5153.97,3633.58,4.1,Yes,7036
56521,Arihant Fiction Pro 3,Books,Fiction,ARIHANT,907.57,586.47,3.05,Yes,7212
56522,Cipla First Max 3,Health,First Aid,CIPLA,2677.56,1408.76,4.58,Yes,8027
56523,Forest Essentials Fragrances Pro 5,Beauty,Fragrances,FOREST ESSENTIALS,185896.12,87308.31,3.43,Yes,7124
56525,Pearson Self X 3,Books,Self Help,PEARSON,216785.84,136787.38,3.22,Yes,8844
56526,Arihant Self Lite 9,Books,Self Help,ARIHANT,780.69,430.48,2.71,Yes,7735
56527,Ok Play Soft Ultra 4,Toys,Soft Toys,OK PLAY,960.59,562.71,4.11,No,8667
56528,Healthkart Vitamins Premium 2,Health,Vitamins,HEALTHKART,1798.94,1230.61,3.67,Yes,8738
56529,Nike Women Lite 6,Fashion,Women Clothing,NIKE,6325.76,3376.7,3.65,No,7131
56530,Muscleblaze Supplements X 4,Health,Supplements,MUSCLEBLAZE,4270.59,3202.9425,3.96,No,8818
56531,Fisher Price Action Neo 6,Toys,Action Figures,FISHER PRICE,1918.13,964.64,3.63,Yes,8735
56532,Samsung Galaxy M35 5G,Electronics,Mobiles,SONY,734.63,527.06,3.46,Yes,7569
56533,HarperCollins Biographies Max 8,Books,Biographies,HARPERCOLLINS,572.32,232.38,3.53,Yes,8386
56534,Cipla Medical Lite 3,Health,Medical Devices,CIPLA,18890.77,8124.79,4.07,Yes,7180
56535,Fisher Price Action Max 1,Toys,Action Figures,FISHER PRICE,173542.37,103513.04,4.27,Yes,8317
56536,Scholastic Children Mini 2,Books,Children Books,SCHOLASTIC,1606.0,1147.57,3.01,Yes,7890
56537,Abbott Medical Lite 3,Health,Medical Devices,ABBOTT,13826.41,7123.09,3.02,Yes,7137
56538,MRF Running Max 3,Sports,Running,MRF,149.47,74.92,4.49,Yes,7462
56539,Cipla Supplements Active 8,Health,Supplements,CIPLA,245318.27,123726.74,3.41,Yes,8070
56540,Hasbro Remote Ultra 7,Toys,Unknown,HASBRO,46169.27,27882.65,3.24,No,7452
56541,Canon Smartwatches Active 5,Electronics,Smartwatches,CANON,25420.87,12019.09,4.56,No,7318
56542,S.Chand Self Air 2,Books,Self Help,S.CHAND,11943.79,5505.61,3.37,Yes,7074
56543,Webby Puzzles Pro 5,Toys,Puzzles,WEBBY,19878.83,10516.26,3.25,Yes,8199
56544,Ok Play Board Smart 3,Toys,Board Games,OK PLAY,3386.4,2292.63,4.55,No,8026
56545,OnePlus Gaming Plus 6,Electronics,Gaming,ONEPLUS,1135.65,585.88,4.59,Yes,8557
56546,Fisher Price Puzzles Flex 5,Toys,Puzzles,FISHER PRICE,621.7,401.69,3.05,Yes,7329
56547,Havells Bedding Lite 8,Home Kitchen,Bedding,HAVELLS,45974.11,32299.47,3.5,Yes,8257
56548,Pigeon Bedding Smart 3,Home Kitchen,Bedding,PIGEON,56360.12,32429.43,4.04,Yes,7245
56549,Under Armour Cricket Neo 7,Sports,Cricket,UNDER ARMOUR,47050.55,28781.98,4.79,Yes,7267
56550,Penguin Biographies Mini 7,Books,Biographies,PENGUIN,649.91,429.74,2.97,No,8606
56551,Nivia Running Air 5,Sports,Running,NIVIA,1237.71,637.86,4.55,Yes,8704
56552,Dabur Personal Smart 2,Grocery,Personal Care,DABUR,280.33,179.12,4.26,Yes,7739
56553,Oxford Academic Lite 4,Books,Academic,OXFORD,166288.46,80712.83,4.51,No,8518
56554,Parle Fruits X 1,Grocery,Fruits Vegetables,PARLE,6001.49,3746.48,4.81,Yes,8204
56555,Van Heusen Women Edge 2,Fashion,Women Clothing,VAN HEUSEN,862.98,464.17,2.7,No,8845
56556,Webby Remote Smart 8,Toys,Remote Control,WEBBY,3421.56,1615.94,4.43,Yes,8747
56557,Healthkart Supplements Max 1,Health,Supplements,HEALTHKART,12548.19,6540.04,2.67,Yes,7154
56558,Arihant Non Edge 2,Books,Non Fiction,ARIHANT,2876.04,1498.14,3.13,Yes,7958
56559,HP Tablets Max 7,Electronics,Tablets,HP,2662.44,1824.49,2.55,Yes,7831
56560,Biotique Haircare Active 9,Beauty,Haircare,BIOTIQUE,14969.34,8371.2,4.68,Yes,7815
56561,Prestige Decor Elite 3,Home Kitchen,Decor,PRESTIGE,921.89,412.29,4.02,Yes,8813
56562,Nikon Accessories Mini 7,Electronics,Accessories,NIKON,994.04,571.26,4.19,Yes,8725
56563,Puma Watches Active 5,Fashion,Watches,PUMA,4548.33,2705.19,3.99,Yes,8785
56564,LG Mobiles X 5,Electronics,Mobiles,LG,73025.71,37901.2,2.66,Yes,7611
56565,Healthkart Medical Neo 6,Health,Medical Devices,HEALTHKART,204000.26,139446.27,4.95,Yes,7730
56567,Speedo Badminton Pro 6,Sports,Badminton,SPEEDO,181711.63,85244.94,3.32,No,8458
56568,Samsung Galaxy M35 5G,Toys,Remote Control,OK PLAY,4508.21,1977.47,3.81,Yes,7769
56569,3M Car Air 7,Automotive,Car Accessories,3M,15932.89,9859.97,2.72,Yes,7587
56570,HUL Fruits Pro 2,Grocery,Fruits Vegetables,HUL,4612.38,2134.77,4.23,Yes,8563
56571,PRESTIGE Decor Neo 7,Home Kitchen,Unknown,PRESTIGE,61599.14,36487.17,4.83,Yes,8842
56572,Forest Essentials Makeup Neo 7,Beauty,Makeup,FOREST ESSENTIALS,764.31,387.45,2.78,Yes,8228
56573,HUL Beverages Edge 2,Grocery,Beverages,HUL,67547.43,33285.87,4.25,Yes,7779
56574,Funskool Remote Ultra 1,Toys,Remote Control,FUNSKOOL,4718.5,2302.03,2.69,Yes,7259
56575,Tanishq Kids Elite 2,Fashion,Kids Wear,TANISHQ,82299.26,47228.66,4.98,Yes,7134
56576,HarperCollins Children Premium 3,Books,Children Books,HARPERCOLLINS,2568.3,1163.81,2.8,Yes,8743
56577,3M Bike Flex 1,Automotive,Bike Accessories,3M,4985.48,3988.384,2.83,Yes,7956
56578,Tata Cleaning Lite 3,Grocery,Cleaning,TATA,208.58,136.35,4.64,Yes,8594
56579,Cosco Badminton Air 3,Sports,Badminton,COSCO,1387.83,717.39,3.88,Yes,8962
56580,oppo Gaming Mini 6,Electronics,Gaming,OPPO,3420.52,2236.44,2.95,Yes,7882
56581,s.chand Academic Pro 4,Books,Academic,S.CHAND,763.79,362.97,2.79,No,8505
56582,Dabur Fruits Neo 1,Grocery,Fruits Vegetables,DABUR,475.11,338.73,2.76,Yes,8425
56583,Muscleblaze Supplements Flex 7,Health,Supplements,MUSCLEBLAZE,647.26,347.27,4.63,No,8031
56584,Apple Mobiles Flex 9,Electronics,Mobiles,APPLE,5563.38,3919.64,3.02,No,8839
56585,H&M Men Active 7,Fashion,Men Clothing,H&M,73676.55,47328.41,4.32,Yes,8799
56586,Scholastic Fiction Ultra 5,Books,Fiction,SCHOLASTIC,9449.95,4728.54,4.5,No,7392
56587,Yonex Badminton Premium 1,Sports,Badminton,YONEX,2231.46,1121.67,2.55,Yes,7801
56588,Fast&Up Medical Max 2,Health,Medical Devices,FAST&UP,388.66,203.25,2.99,Yes,8216
56589,Usha Appliances Plus 4,Home Kitchen,Appliances,USHA,695.45,395.48,3.97,Yes,7476
56590,ITC Cleaning Active 4,Grocery,Cleaning,ITC,289187.14,167328.12,4.88,No,8800
56591,dove Makeup Lite 1,Beauty,Makeup,DOVE,15481.29,8180.36,3.06,No,8173
56592,himalaya Protein Mini 1,Health,Protein,HIMALAYA,10132.24,4054.73,3.12,No,8543
56593,Oxford Children X 2,Books,Children Books,OXFORD,190654.97,102047.78,4.42,Yes,8511
56594,Patanjali Fruits Elite 4,Grocery,Fruits Vegetables,PATANJALI,3115.78,1270.79,2.9,No,8668
56595,Shell Lubricants Edge 4,Automotive,Unknown,SHELL,3226.79,2226.72,4.63,No,8173
56596,Apple Laptops Plus 3,Electronics,Laptops,APPLE,16111.7,7923.47,4.96,Yes,7446
56597,Boat Rockerz 550,Fashion,Jewellery,ZARA,18585.68,13267.9,4.16,Yes,7193
56598,Pigeon Garden Ultra 7,Home Kitchen,Garden,PIGEON,180.73,72.62,2.77,Yes,7778
56599,Boat Rockerz 550,Beauty,Skincare,FOREST ESSENTIALS,18410.39,9680.04,4.35,No,7548
56600,Peter England Bags Plus 9,Fashion,Bags,PETER ENGLAND,11535.42,5731.43,4.9,Yes,7358
56601,Reebok Fitness Mini 8,Sports,Fitness Equipment,REEBOK,259408.53,163936.13,4.22,No,8628
56602,Muscleblaze Supplements Neo 2,Health,Supplements,MUSCLEBLAZE,929.51,514.35,2.96,Yes,7844
56603,3M Lubricants Ultra 4,Automotive,Lubricants,3M,672.61,453.79,3.66,Yes,7442
56604,P&G Baby Active 3,Grocery,Baby Products,P&G,5659464.28,3277681.11,4.54,No,7611
56605,Arihant Academic Lite 7,Books,Academic,ARIHANT,6330.4,3429.29,2.92,Yes,7436
56606,Decathlon Yoga Elite 8,Sports,Yoga,DECATHLON,942.64,677.91,2.89,Yes,8152
56607,Van Heusen Watches Ultra 4,Fashion,Watches,VAN HEUSEN,669.35,308.37,3.4,No,8142
56608,Arihant Biographies Active 2,Books,Biographies,ARIHANT,220.93,136.02,4.41,Yes,8251
56609,HarperCollins Biographies Plus 8,Books,Biographies,HARPERCOLLINS,696.92,495.59,3.16,Yes,8703
56610,Puma Women Air 9,Fashion,Women Clothing,PUMA,18885.27,7893.21,4.36,Yes,8036
56611,Borosil Storage Pro 6,Home Kitchen,Storage,BOROSIL,18454.34,10388.81,4.3,No,7826
56612,BAJAJ Furniture Elite 4,Home Kitchen,Furniture,BAJAJ,525.09,324.33,3.79,Yes,8585
56613,nestle Dairy Ultra 7,Grocery,Unknown,NESTLE,1065.76,447.21,3.88,Yes,7148
56614,Yonex Swimming Pro 8,Sports,Swimming,YONEX,520.89,337.61,4.02,Yes,7264
56615,LOreal Skincare Plus 9,Beauty,Skincare,LOREAL,131480.43,63990.34,2.62,Yes,8280
56616,Boat Smartwatches Ultra 4,Electronics,Smartwatches,BOAT,22323.66,12298.25,3.76,Yes,7461
56617,Puma Jewellery Active 1,Fashion,Jewellery,PUMA,450.18,318.99,4.14,Yes,7198
56618,Adidas Jewellery Premium 8,Fashion,Unknown,ADIDAS,1788.28,1148.43,2.58,No,8623
56619,Lego Educational Edge 8,Toys,Educational,LEGO,8539.39,5853.04,2.95,Yes,8299
56620,HUL Fruits Elite 5,Grocery,Fruits Vegetables,HUL,1532.68,723.17,4.71,No,7582
56621,Abbott First Max 7,Health,First Aid,ABBOTT,1735.23,971.37,2.91,Yes,7858
56622,Nivia Fitness Plus 1,Sports,Fitness Equipment,NIVIA,13393.7,5395.03,3.36,Yes,8106
56623,Funskool Soft Air 5,Toys,Soft Toys,FUNSKOOL,50402.91,22324.66,2.82,Yes,7007
56624,Steelbird Lubricants Premium 6,Automotive,Lubricants,STEELBIRD,131.37,58.78,2.84,Yes,7338
56625,Vega Tools Neo 2,Automotive,Tools,VEGA,24531.6,15722.94,4.62,No,8072
56626,Dell Cameras Max 1,Electronics,Unknown,DELL,796.61,363.74,2.8,No,7418
56627,ITC Cleaning Elite 7,Grocery,Cleaning,ITC,67746.94,30451.72,3.79,Yes,8802
56628,Patanjali Personal Elite 6,Grocery,Unknown,PATANJALI,1616.9,851.98,3.3,No,8432
56629,Maybelline Fragrances Air 2,Beauty,Fragrances,MAYBELLINE,12703.49,7212.17,4.26,Yes,7096
56630,parle Snacks Ultra 2,Grocery,Snacks,PARLE,4395.66,3122.69,3.09,Yes,7297
56631,Butterfly Lighting Max 8,Home Kitchen,Lighting,BUTTERFLY,9853.45,5222.18,2.68,Yes,7539
56632,Dabur Ayurveda Neo 9,Health,Ayurveda,DABUR,15441.51,10309.11,3.07,Yes,8560
56633,Milton Cookware Neo 4,Home Kitchen,Cookware,MILTON,8138.3,3590.74,3.68,Yes,7324
56634,Puma Watches Neo 3,Fashion,Watches,PUMA,9740.94,4905.89,3.69,Yes,8150
56635,Vivo Laptops Lite 7,Electronics,Laptops,VIVO,763.17,471.91,3.03,Yes,8751
56636,HarperCollins Children Plus 3,Books,Children Books,HARPERCOLLINS,292744.93,158596.79,3.27,Yes,8857
56637,Nestle Fruits Smart 9,Grocery,Fruits Vegetables,NESTLE,16436.98,8929.09,4.16,Yes,7236
56638,Healthkart Protein Active 2,Health,Protein,HEALTHKART,4540.46,2517.17,2.73,No,7739
56639,Nivea Makeup Max 2,Beauty,Makeup,NIVEA,2700.65,1819.18,3.42,No,8464
56640,Prestige Storage Pro 2,Home Kitchen,Storage,PRESTIGE,450.44,241.65,2.91,Yes,7335
56641,Biotique Mens Edge 2,Beauty,Mens Grooming,BIOTIQUE,3508.25,1984.43,4.26,Yes,7487
56642,Tata Baby Air 8,Grocery,Baby Products,TATA,18763.21,12883.31,3.73,No,8766
56643,Fast&Up Medical Premium 8,Health,Medical Devices,FAST&UP,386.5,190.69,5.0,Yes,8946
56644,Oxford Fiction Premium 5,Books,Fiction,OXFORD,19450.92,12667.4,4.36,Yes,7939
56645,OPPO Accessories Active 4,Electronics,Accessories,OPPO,6046.49,2487.36,4.85,No,7580
56646,Dabur Protein Mini 9,Health,Protein,DABUR,68018.8,36949.18,3.69,Yes,7253
56647,P&G Dairy Mini 2,Grocery,Dairy,P&G,762.38,524.29,3.99,Yes,7349
56648,Cipla Ayurveda X 4,Health,Ayurveda,CIPLA,16384.92,7147.34,4.24,Yes,8580
56649,Steelbird Tools Air 6,Automotive,Tools,STEELBIRD,3573.56,2336.38,4.4,Yes,7624
56650,Fast&Up First Lite 2,Health,First Aid,FAST&UP,79774.33,50988.18,4.04,Yes,8123
56651,Amul Dairy X 4,Grocery,Dairy,AMUL,967.89,629.2,4.79,No,7894
56652,Ok Play Puzzles Smart 5,Toys,Puzzles,OK PLAY,2422.86,1676.8,3.22,Yes,7023
56653,SG Cycling Ultra 6,Sports,Cycling,SG,8426.43,4560.86,4.74,Yes,7887
56654,OnePlus Headphones Active 5,Electronics,Headphones,ONEPLUS,141.04,95.25,4.65,No,7370
56655,PENGUIN Children Flex 3,Books,Children Books,PENGUIN,12435.05,7591.33,4.23,Yes,8167
56656,Webby Board Smart 3,Toys,Board Games,WEBBY,541.37,327.64,3.43,Yes,7356
56657,Dabur Ayurveda Plus 2,Health,Ayurveda,DABUR,13573.09,8177.64,2.86,Yes,7203
56658,HarperCollins Self Lite 2,Books,Self Help,HARPERCOLLINS,574.57,279.29,2.93,No,8144
56659,Castrol Bike Premium 5,Automotive,Bike Accessories,CASTROL,3558.78,2462.4,3.78,No,7264
56660,Lego Educational Premium 1,Toys,Educational,LEGO,47406.7,28165.11,4.21,No,7826
56661,UCB Kids Flex 9,Fashion,Kids Wear,UCB,190.2,113.49,4.06,Yes,7124
56662,Vega Tools Flex 8,Automotive,Tools,VEGA,1409.65,599.02,3.98,Yes,8098
56663,Dabur Cleaning Air 3,Grocery,Cleaning,DABUR,10417.7,6398.79,4.58,No,7285
56664,Cipla Supplements Mini 9,Health,Supplements,CIPLA,59634.96,37629.71,4.4,Yes,8554
56665,NIVEA Skincare Active 6,Beauty,Skincare,NIVEA,474.95,252.17,3.8,Yes,7055
56666,Acer Gaming X 7,Electronics,Gaming,ACER,894.57,595.67,4.86,No,7002
56667,bosch Lubricants Neo 3,Automotive,Lubricants,BOSCH,3152.55,1698.94,5.0,Yes,7528
56668,Gillette Skincare Max 6,Beauty,Skincare,GILLETTE,515.44,309.75,4.27,Yes,7274
56669,Borosil Appliances Elite 7,Home Kitchen,Appliances,BOROSIL,13705.96,5744.33,2.76,No,8207
56670,Michelin Tools Max 2,Automotive,Tools,MICHELIN,6140.7,4912.56,4.5,Yes,8326
56671,Nivia Fitness Elite 8,Sports,Fitness Equipment,NIVIA,4804.9,3389.78,3.33,Yes,8294
56672,Ok Play Board Pro 3,Toys,Board Games,OK PLAY,882.77,464.64,2.78,Yes,8147
56673,Puma Footwear Edge 6,Fashion,Footwear,PUMA,3494.2,2264.02,3.74,Yes,7403
56674,Healthkart Ayurveda Air 1,Health,Ayurveda,HEALTHKART,39727.57,24129.74,2.97,Yes,7208
56675,Fisher Price Board Plus 2,Toys,Board Games,FISHER PRICE,27716.79,17681.12,4.45,Yes,8666
56676,Apple Accessories Air 4,Electronics,Accessories,APPLE,12495.68,5187.43,4.06,Yes,7025
56677,Cosco Running Elite 9,Sports,Running,COSCO,776.6,427.72,4.44,Yes,7496
56678,Hasbro Action Mini 9,Toys,Action Figures,HASBRO,78083.27,36620.53,3.74,No,8032
56679,Apple Smart Ultra 3,Electronics,Smart Tvs,APPLE,7562.97,4943.27,4.01,No,7874
56680,LOGITECH Headphones Elite 7,Electronics,Headphones,LOGITECH,12280.09,8044.36,2.86,Yes,8553
56681,Dabur Fruits Active 5,Grocery,Fruits Vegetables,DABUR,164022.43,86337.31,3.49,Yes,8015
56682,Fisher Price Action Ultra 1,Toys,Action Figures,FISHER PRICE,258006.34,170824.14,3.59,Yes,7569
56683,Butterfly Cookware Ultra 4,Home Kitchen,Cookware,BUTTERFLY,756.49,364.37,4.55,Yes,7001
56684,Abbott First Lite 2,Health,First Aid,ABBOTT,146886.28,78233.42,3.83,Yes,7765
56685,Borosil Storage Smart 3,Home Kitchen,Unknown,BOROSIL,225252.77,106395.06,4.95,Yes,8895
56686,Funskool Action Ultra 6,Toys,Action Figures,FUNSKOOL,1375615.52,972504.85,3.14,No,7893
56687,Speedo Cricket Neo 1,Sports,Cricket,SPEEDO,2662.42,1176.58,3.74,Yes,7629
56688,Arihant Fiction Active 4,Books,Fiction,ARIHANT,515.52,266.25,3.52,Yes,7656
56689,Fast&Up Ayurveda Ultra 1,Health,Ayurveda,FAST&UP,792.4,549.36,3.38,Yes,7492
56690,Penguin Fiction Elite 9,Books,Fiction,PENGUIN,10858.47,5044.32,4.26,Yes,7304
56691,Adidas Jewellery Premium 5,Fashion,Jewellery,ADIDAS,83007.57,55124.91,4.72,Yes,8099
56692,Forest Essentials Haircare Lite 4,Beauty,Haircare,FOREST ESSENTIALS,3756.9,2412.89,3.63,No,8654
56693,Vega Tools Elite 9,Automotive,Tools,VEGA,802.71,425.33,4.98,No,8928
56694,Milton Cookware Edge 9,Home Kitchen,Cookware,MILTON,231.3,122.01,4.03,Yes,7973
56695,Fisher Price Puzzles X 3,Toys,Puzzles,FISHER PRICE,57508.57,35307.46,2.7,Yes,7986
56696,Dove Skincare X 3,Beauty,Skincare,DOVE,3468.95,1478.08,2.76,Yes,8544
56697,Zara Footwear Mini 2,Fashion,Footwear,ZARA,150.57,69.0,4.15,Yes,7722
56698,Fisher Price Action Ultra 4,Toys,Action Figures,FISHER PRICE,497.17,261.39,3.13,No,8000
56699,Gillette Fragrances X 2,Beauty,Unknown,GILLETTE,479.55,310.94,4.62,Yes,7069
56700,Louis Philippe Kids Air 8,Fashion,Kids Wear,LOUIS PHILIPPE,782.53,342.51,2.8,No,8253
56701,Vega Lubricants Active 3,Automotive,Lubricants,VEGA,67100.87,48127.74,4.61,Yes,8468
56702,Muscleblaze Vitamins Flex 2,Health,Vitamins,MUSCLEBLAZE,70234.2,34268.27,3.75,Yes,7460
56703,Nike Sports Shoes Pro,Books,Fiction,ARIHANT,170.8,89.39,4.31,No,8151
56704,scholastic Self Ultra 8,Books,Self Help,SCHOLASTIC,3651.84,1498.61,3.19,Yes,7761
56705,Nikon Cameras Premium 7,Electronics,Cameras,NIKON,15464.37,6980.49,4.63,Yes,7169
56706,Webby Puzzles Premium 6,Toys,Puzzles,WEBBY,375.06,239.55,3.84,Yes,8029
56707,Hasbro Action X 8,Toys,Action Figures,HASBRO,75332.67,47012.34,3.79,Yes,8410
56708,Ok Play Puzzles Elite 3,Toys,Puzzles,OK PLAY,263.4,124.16,4.1,Yes,7049
56709,Hasbro Remote Pro 2,Toys,Remote Control,HASBRO,245.1,114.07,3.67,Yes,8077
56710,Britannia Staples Flex 6,Grocery,Staples,BRITANNIA,47078.92,31670.77,3.53,Yes,7679
56711,Woodland Footwear Neo 7,Fashion,Footwear,WOODLAND,922.96,527.09,2.57,Yes,8162
56712,forest essentials Haircare Plus 7,Beauty,Haircare,FOREST ESSENTIALS,9771.68,4023.74,4.34,No,8391
56713,Yonex Fitness Elite 8,Sports,Fitness Equipment,YONEX,130794.83,80461.41,3.65,No,8810
56714,SG Running Elite 2,Sports,Running,SG,137098.31,60708.16,3.35,Yes,7505
56715,Patanjali Staples Lite 3,Grocery,Staples,PATANJALI,84938.43,44274.51,2.59,Yes,7948
56716,Patanjali Personal Lite 2,Grocery,Personal Care,PATANJALI,4840.445,2049.99,2.81,No,8787
56717,Xiaomi Mobiles Neo 7,Electronics,Mobiles,XIAOMI,52531.29,22007.94,4.48,Yes,7570
56718,Abbott Ayurveda Plus 4,Health,Ayurveda,ABBOTT,13127.4,9338.64,3.72,Yes,8694
56719,Speedo Badminton Pro 2,Sports,Badminton,SPEEDO,3042.33,1222.33,3.64,Yes,7580
56720,ONEPLUS Laptops Max 3,Electronics,Laptops,ONEPLUS,846.45,339.22,4.17,Yes,7043
56721,Amul Dairy Elite 5,Grocery,Dairy,AMUL,988.87,443.48,3.2,Yes,7030
56722,Biotique Haircare Elite 7,Beauty,Haircare,BIOTIQUE,63686.75,28846.62,2.64,Yes,8689
56723,Fast&Up Medical Ultra 6,Health,Medical Devices,FAST&UP,2621.1,1231.33,3.18,Yes,8454
56724,Ok Play Puzzles Flex 4,Toys,Puzzles,OK PLAY,224.07,127.72,2.97,Yes,7322
56725,S.Chand Self Lite 8,Books,Self Help,S.CHAND,419.77,263.15,4.8,Yes,8257
56726,H&M Men Premium 8,Fashion,Men Clothing,H&M,4651.765,2791.059,3.54,No,7771
56727,Himalaya Ayurveda Air 9,Health,Ayurveda,HIMALAYA,269706.21,167112.13,4.43,Yes,7709
56728,LOreal Makeup Premium 9,Beauty,Makeup,LOREAL,2919.33,1924.38,4.44,Yes,8295
56729,Cipla Ayurveda Smart 4,Health,Ayurveda,CIPLA,960.9,392.41,4.43,No,8482
56730,SG Running Ultra 8,Sports,Running,SG,332.29,222.74,4.8,Yes,7640
56731,Tata Staples X 7,Grocery,Staples,TATA,2096.2,1327.93,3.59,No,8975
56732,Pearson Fiction Active 3,Books,Fiction,PEARSON,3977.32,1654.72,3.98,Yes,7587
56733,Oxford Academic Lite 2,Books,Academic,OXFORD,299.48,175.27,4.05,Yes,8659
56734,Patanjali Staples Plus 7,Grocery,Staples,PATANJALI,332.41,203.83,4.09,Yes,8904
56735,LOreal Haircare Ultra 4,Beauty,Haircare,LOREAL,809.14,511.6,4.19,Yes,7669
56736,Logitech Gaming Premium 7,Electronics,Gaming,LOGITECH,16406.99,9586.55,4.1,No,7282
56737,Fast&Up First Neo 1,Health,First Aid,FAST&UP,7428.18,5571.135,2.71,Yes,8494
56738,Castrol Tyres Neo 3,Automotive,Tyres,CASTROL,17954.64,9628.69,3.2,Yes,8833
56739,Ok Play Action Plus 4,Toys,Action Figures,OK PLAY,2370.9,1059.67,4.26,Yes,8849
56740,UCB Kids Elite 4,Fashion,Kids Wear,UCB,61159.94,40398.43,3.59,Yes,7767
56741,Fast&Up Medical Mini 1,Health,Medical Devices,FAST&UP,3410.18,2446.9,3.98,Yes,7374
56742,Vega Tyres Max 8,Automotive,Tyres,VEGA,40808.1,20648.75,4.68,Yes,7201
56743,Orient Storage Edge 4,Home Kitchen,Storage,ORIENT,54476.63,31564.99,4.45,Yes,7752
56744,HarperCollins Children Smart 7,Books,Children Books,HARPERCOLLINS,183440.74,95788.13,3.55,Yes,7962
56745,Milton Lighting Active 6,Home Kitchen,Lighting,MILTON,32338.8,20041.14,3.51,Yes,7620
56746,H&M Jewellery Plus 2,Fashion,Jewellery,H&M,3417.3,1741.87,2.66,Yes,7004
56747,Maybelline Haircare Lite 3,Beauty,Haircare,MAYBELLINE,2851.66,1711.89,2.9,Yes,7144
56748,Penguin Academic Active 9,Books,Academic,PENGUIN,15073.61,9218.07,2.81,Yes,8939
56749,Levis Watches Smart 6,Fashion,Watches,LEVIS,39796.17,22869.44,4.22,Yes,8475
56750,Forest Essentials Makeup Edge 2,Beauty,Makeup,FOREST ESSENTIALS,3207.06,1351.34,2.98,Yes,7236
56751,Asus Headphones Neo 4,Electronics,Headphones,ASUS,7599.280000000001,184.98,3.03,Yes,8709
56752,Butterfly Decor Elite 2,Home Kitchen,Decor,BUTTERFLY,13941.75,6713.19,4.01,No,7331
56753,LG Smartwatches Neo 8,Electronics,Smartwatches,LG,63776.55,36737.22,4.74,Yes,7461
56754,samsung Gaming Pro 1,Electronics,Gaming,SAMSUNG,1104.52,751.44,3.91,Yes,7045
56755,Nivia Running Smart 6,Sports,Running,NIVIA,18984.93,10969.1,4.5,Yes,8137
56756,ITC Fruits Max 8,Grocery,Fruits Vegetables,ITC,56046.52,23530.07,2.66,Yes,8391
56757,Pigeon Appliances Mini 3,Home Kitchen,Appliances,PIGEON,4472.67,2838.69,3.53,Yes,7020
56758,Decathlon Fitness Ultra 6,Sports,Fitness Equipment,DECATHLON,13825.1,7693.68,3.17,Yes,7628
56759,Bajaj Cookware Max 8,Home Kitchen,Cookware,BAJAJ,20821.41,11671.58,2.95,Yes,8077
56760,Maybelline Makeup Ultra 2,Beauty,Makeup,MAYBELLINE,950.01,599.26,3.71,Yes,7292
56761,HarperCollins Fiction Ultra 3,Books,Fiction,HARPERCOLLINS,35170.59,22241.86,2.85,No,8865
56762,Funskool Board Mini 8,Toys,Board Games,FUNSKOOL,4331.31,3037.33,3.22,Yes,7351
56763,Tata Snacks Lite 4,Grocery,Snacks,TATA,76687.45,41358.77,3.21,Yes,7944
56764,Levis Bags Plus 3,Fashion,Bags,LEVIS,252994.04,127005.1,4.28,Yes,7838
56765,Nivea Haircare Air 2,Beauty,Haircare,NIVEA,9271.03,5300.39,2.5,Yes,7966
56766,Pearson Self Active 9,Books,Self Help,PEARSON,24687.07,11445.68,2.55,Yes,8552
56767,Britannia Beverages Plus 6,Grocery,Beverages,BRITANNIA,222877.53,109591.09,4.61,Yes,8908
56768,Patanjali Dairy Mini 6,Grocery,Dairy,PATANJALI,40544.64,29049.36,3.16,Yes,8256
56769,Acer Tablets Edge 4,Electronics,Tablets,ACER,485.16,331.31,3.83,Yes,8019
56770,Maybelline Makeup Premium 2,Beauty,Makeup,MAYBELLINE,224453.02,155592.88,3.21,Yes,7939
56771,Muscleblaze Protein X 5,Health,Protein,MUSCLEBLAZE,996.73,638.29,2.68,Yes,8600
56772,Acer Headphones Premium 9,Electronics,Headphones,ACER,4564.9,4108.41,4.21,Yes,7736
56773,Nivea Makeup Mini 9,Beauty,Makeup,NIVEA,404.67,284.2,3.91,Yes,7099
56774,Lenovo Mobiles Edge 7,Electronics,Mobiles,LENOVO,32747.49,17327.79,3.83,Yes,7646
56775,Muscleblaze Protein Edge 2,Health,Protein,MUSCLEBLAZE,68782.62,42189.2,3.63,No,8405
56776,Acer Smartwatches Air 7,Electronics,Smartwatches,ACER,16954.87,10623.75,3.36,Yes,7890
56777,Oxford Biographies Ultra 9,Books,Biographies,OXFORD,798.97,397.43,4.46,Yes,8943
56778,Nike Sports Shoes Pro,Home Kitchen,Decor,PIGEON,3722.54,2017.69,2.76,Yes,7628
56779,Maybelline Fragrances Edge 4,Beauty,Fragrances,MAYBELLINE,4731.11,2265.92,4.57,No,8923
56780,Philips Storage Max 7,Home Kitchen,Storage,PHILIPS,236371.4,133190.07,3.39,Yes,8357
56781,lego Board X 7,Toys,Board Games,LEGO,2849.1,1148.65,2.66,Yes,8391
56782,DELL Accessories Smart 2,Electronics,Accessories,DELL,3242.5,1505.5,3.47,Yes,8383
56783,LOreal Fragrances Lite 8,Beauty,Fragrances,LOREAL,669.63,426.35,4.39,No,7639
56784,Borosil Cookware Premium 9,Home Kitchen,Cookware,BOROSIL,2183.6,1335.37,3.85,Yes,8712
56785,Steelbird Car Premium 5,Automotive,Car Accessories,STEELBIRD,4232.22,2204.97,4.18,No,7136
56786,Philips Furniture Active 5,Home Kitchen,Furniture,PHILIPS,727.25,364.62,4.57,Yes,8277
56787,Mattel Remote Flex 8,Toys,Remote Control,MATTEL,14535.52,8609.72,4.14,Yes,7506
56788,Fastrack Footwear Ultra 3,Fashion,Footwear,FASTRACK,543.02,329.33,3.26,Yes,7670
56789,Cipla First Edge 8,Health,Unknown,CIPLA,3006.46,1403.3,3.08,Yes,8701
56790,Usha Appliances X 7,Home Kitchen,Appliances,USHA,4947.11,3258.27,4.78,No,8792
56791,Bata Bags Active 1,Fashion,Bags,BATA,2633.02,1854.76,4.09,Yes,7141
56792,Cipla Protein Pro 9,Health,Protein,CIPLA,33996.95,21372.45,4.34,No,8137
56793,hp Tablets Smart 8,Electronics,Tablets,HP,610.4,356.59,2.61,Yes,7349
56794,OPPO Gaming Flex 4,Electronics,Gaming,OPPO,998.02,492.16,3.69,Yes,8328
56795,Reebok Fitness Pro 2,Sports,Fitness Equipment,REEBOK,2633.53,1394.48,3.44,Yes,7802
56796,Milton Garden Max 8,Home Kitchen,Garden,MILTON,525.26,297.64,4.99,No,8824
56797,Titan Men Edge 1,Fashion,Men Clothing,TITAN,1435.32,577.25,4.84,Yes,8567
56798,steelbird Lubricants Max 7,Automotive,Lubricants,STEELBIRD,159.84,104.19,4.22,Yes,8519
56799,S.Chand Self Ultra 8,Books,Self Help,S.CHAND,296.76,163.59,3.04,Yes,8308
56800,Muscleblaze Supplements Active 6,Health,Supplements,MUSCLEBLAZE,227.33,126.67,3.81,Yes,8842
56801,Louis Philippe Bags Mini 1,Fashion,Bags,LOUIS PHILIPPE,101.79,57.36,3.97,Yes,7539
56802,castrol Car Flex 9,Automotive,Car Accessories,CASTROL,183371.41,129931.56,2.95,Yes,8935
56803,Borosil Furniture Neo 6,Home Kitchen,Furniture,BOROSIL,14785.49,10194.95,3.64,Yes,8135
56804,Decathlon Cycling Ultra 6,Sports,Cycling,DECATHLON,1694.14,774.86,3.92,Yes,8406
56805,Philips Lighting Smart 8,Home Kitchen,Lighting,PHILIPS,694.5,371.15,2.65,Yes,8074
56806,P&G Beverages Active 3,Grocery,Beverages,P&G,44645.13,18750.63,3.23,Yes,8507
56807,SG Fitness Air 9,Sports,Fitness Equipment,SG,808.37,476.35,3.46,Yes,7876
56808,Arihant Self Mini 9,Books,Self Help,ARIHANT,15936.04,8892.02,3.32,Yes,7732
56809,Patanjali Baby Active 4,Grocery,Baby Products,PATANJALI,17731.09,7723.05,4.33,Yes,7221
56810,Under Armour Badminton Edge 2,Sports,Badminton,UNDER ARMOUR,9137.1,4537.37,2.97,Yes,7556
56811,Ok Play Puzzles Smart 6,Toys,Puzzles,OK PLAY,6007.96,3600.89,5.0,Yes,7164
56812,boat Laptops Smart 2,Electronics,Laptops,BOAT,4032.1,2539.34,3.74,Yes,7134
56813,Nike Sports Shoes Pro,Home Kitchen,Storage,HAVELLS,17877.92,10332.83,3.22,Yes,8508
56814,Maybelline Haircare Mini 2,Beauty,Haircare,MAYBELLINE,7711.26,5034.27,2.71,Yes,7300
56815,Pigeon Garden Edge 7,Home Kitchen,Garden,PIGEON,150.08,98.29,3.18,Yes,7829
56816,Cosco Fitness Premium 3,Sports,Fitness Equipment,COSCO,834.93,570.68,3.39,No,8710
56817,Gillette Makeup Elite 3,Beauty,Makeup,GILLETTE,67503.35,40655.23,3.19,Yes,7037
56818,Pearson Non Mini 1,Books,Non Fiction,PEARSON,41569.22,23417.62,3.3,Yes,7766
56819,bajaj Bedding Ultra 5,Home Kitchen,Bedding,BAJAJ,58193.53,29454.35,3.23,Yes,8991
56820,Pearson Self Premium 6,Books,Self Help,PEARSON,14919.57,7261.51,3.75,Yes,8751
56821,Puma Watches Neo 7,Fashion,Watches,PUMA,134015.13,74458.09,2.6,Yes,7860
56822,Amul Beverages Lite 8,Grocery,Beverages,AMUL,28830.28,13787.34,4.17,Yes,7813
56823,Cosco Yoga Flex 4,Sports,Yoga,COSCO,15105.22,6886.16,3.76,Yes,7043
56824,Usha Furniture Plus 6,Home Kitchen,Furniture,USHA,145609.02,101672.12,4.33,Yes,8613
56825,Adidas Women Max 6,Fashion,Women Clothing,ADIDAS,3786.23,1652.07,3.97,No,7765
56826,Biotique Mens Max 9,Beauty,Mens Grooming,BIOTIQUE,3881.91,2747.93,2.59,No,8748
56827,Shell Tools Flex 1,Automotive,Tools,SHELL,404.91,174.37,3.94,Yes,8240
56828,Patanjali Fruits Elite 8,Grocery,Fruits Vegetables,PATANJALI,720.76,353.62,3.66,Yes,8742
56829,Zara Jewellery Premium 8,Fashion,Jewellery,ZARA,1783.05,1123.92,4.26,No,7883
56830,Forest Essentials Mens Lite 5,Beauty,Mens Grooming,FOREST ESSENTIALS,137913.24,97023.87,3.75,No,7533
56831,Webby Puzzles Premium 2,Toys,Puzzles,WEBBY,652.6,346.66,2.79,No,7189
56832,Under Armour Fitness Max 8,Sports,Fitness Equipment,UNDER ARMOUR,19551.52,12770.32,3.0,Yes,8622
56833,Lakme Fragrances Pro 8,Beauty,Fragrances,LAKME,6796.46,4417.6990000000005,3.03,No,7557
56834,Nivia Fitness Ultra 6,Sports,Fitness Equipment,NIVIA,275.63,190.93,3.72,Yes,7777
56835,nivia Badminton Active 9,Sports,Badminton,NIVIA,10550.93,4688.9,3.81,No,8220
56836,Himalaya Vitamins Pro 1,Health,Vitamins,HIMALAYA,684.04,422.16,2.82,No,8770
56837,HUL Dairy Premium 7,Grocery,Dairy,HUL,94584.8,41430.26,2.74,Yes,8187
56838,Biotique Fragrances Flex 3,Beauty,Fragrances,BIOTIQUE,13236.61,7676.26,3.22,Yes,8892
56839,Puma Kids Premium 4,Fashion,Kids Wear,PUMA,74622.22,30025.24,2.86,Yes,7910
56840,Asus Tablets Smart 5,Electronics,Tablets,ASUS,267.15,119.75,3.09,No,8570
56841,Maybelline Mens Smart 5,Beauty,Mens Grooming,MAYBELLINE,47472.36,30199.97,4.32,No,8001
56842,Yonex Running Plus 6,Sports,Running,YONEX,1504.01,619.45,3.32,No,8229
56843,Cipla Ayurveda Mini 1,Health,Ayurveda,CIPLA,194.81,116.25,3.62,Yes,8273
56844,Dabur Ayurveda Lite 3,Health,Ayurveda,DABUR,3330.28,1692.67,3.71,Yes,7662
56845,Cipla Protein Active 7,Health,Protein,CIPLA,12841.24,9192.74,2.93,Yes,8131
56846,Nike Sports Shoes Pro,Home Kitchen,Decor,PRESTIGE,255.93,151.75,4.06,Yes,7826
56847,Dabur First Active 4,Health,First Aid,DABUR,162.57,69.19,3.68,Yes,7196
56848,Scholastic Academic Elite 9,Books,Academic,SCHOLASTIC,268.41,124.02,4.45,Yes,7526
56849,Lego Educational Flex 4,Toys,Educational,LEGO,4164.29,430.83,2.84,Yes,8933
56850,Shell Tyres X 8,Automotive,Tyres,SHELL,16652.35,6666.77,2.79,No,7305
56851,Britannia Dairy Edge 9,Grocery,Dairy,BRITANNIA,14118.43,8918.15,4.72,No,8458
56852,Canon Accessories Max 1,Electronics,Accessories,CANON,528.19,293.42,2.94,Yes,8851
56853,Vega Bike Plus 4,Automotive,Bike Accessories,VEGA,7639.38,3747.57,4.55,No,8600
56854,S.Chand Biographies Max 5,Books,Biographies,S.CHAND,423.85,246.88,3.75,Yes,7348
56855,P&G Snacks Max 8,Grocery,Snacks,P&G,130093.96,79108.77,3.82,No,7715
56856,Cipla First Premium 5,Health,Unknown,CIPLA,76877.67,32766.08,4.99,Yes,7597
56857,Cosco Badminton Elite 7,Sports,Badminton,COSCO,96684.89,53910.23,4.71,Yes,7659
56858,Bosch Bike Premium 6,Automotive,Bike Accessories,BOSCH,19334.27,10357.6,4.47,Yes,8097
56859,Amul Cleaning Air 5,Grocery,Cleaning,AMUL,1513.74,803.1,3.53,Yes,7461
56860,Forest Essentials Skincare X 9,Beauty,Skincare,FOREST ESSENTIALS,1488.24,703.83,3.69,Yes,8254
56861,Philips Cookware Edge 8,Home Kitchen,Cookware,PHILIPS,1331.14,656.67,3.32,Yes,7193
56862,Funskool Action Max 8,Toys,Action Figures,FUNSKOOL,20821.52,14973.85,4.09,Yes,8636
56863,Woodland Men Edge 5,Fashion,Unknown,WOODLAND,4647.53,2930.56,2.55,Yes,8432
56864,Himalaya Vitamins X 7,Health,Vitamins,HIMALAYA,3644.93,2108.74,3.84,Yes,7716
56865,Hasbro Educational Smart 7,Toys,Educational,HASBRO,17904.96,9983.01,3.33,Yes,7305
56866,Samsung Headphones Neo 2,Electronics,Headphones,SAMSUNG,247.41,165.41,4.45,Yes,8576
56867,Amul Personal Lite 7,Grocery,Personal Care,AMUL,61898.54,52613.759,4.22,Yes,7757
56868,Samsung Galaxy M35 5G,Fashion,Footwear,ADIDAS,835.07,341.0,4.42,No,8809
56869,Muscleblaze First Max 2,Health,First Aid,MUSCLEBLAZE,1157.48,496.58,3.53,No,7614
56870,HP Laptops Premium 7,Electronics,Laptops,HP,2622.4,1673.29,3.76,No,7636
56871,Shell Car Lite 2,Automotive,Car Accessories,SHELL,773.92,475.27,3.93,Yes,8310
56872,Nike Sports Shoes Pro,Fashion,Kids Wear,VAN HEUSEN,230.07,101.85,2.88,No,7364
56873,Dell Accessories Air 7,Electronics,Accessories,DELL,4377.14,2076.14,3.8,Yes,8772
56874,UCB Men Elite 9,Fashion,Men Clothing,UCB,2032.95,1247.5,3.59,Yes,8248
56875,Pearson Biographies Pro 7,Books,Biographies,PEARSON,125381.09,70490.97,3.1,No,8484
56876,Dell Mobiles Air 7,Electronics,Mobiles,DELL,13774.09,7363.05,4.58,Yes,7236
56877,LOreal Skincare Smart 9,Beauty,Skincare,LOREAL,68479.37,49100.21,3.74,No,7719
56878,SG Badminton Elite 6,Sports,Badminton,SG,663.59,357.83,3.41,Yes,8936
56879,Oxford Children Ultra 3,Books,Children Books,OXFORD,16460.22,8543.51,3.82,Yes,8119
56880,Ok Play Remote X 6,Toys,Unknown,OK PLAY,6080.8,3397.14,4.35,Yes,7498
56881,Levis Men Elite 1,Fashion,Men Clothing,LEVIS,4430.1,2888.38,4.56,Yes,8272
56882,Bata Men Premium 2,Fashion,Men Clothing,BATA,893.65,490.1,4.85,Yes,7579
56883,Ok Play Action Smart 1,Toys,Action Figures,OK PLAY,13326.07,7529.54,4.81,Yes,8960
56884,Tata Snacks Smart 1,Grocery,Snacks,TATA,691.62,301.3,3.56,Yes,7514
56885,Dell Mobiles Edge 7,Electronics,Mobiles,DELL,211.43,129.71,2.57,Yes,7221
56886,Mattel Board Lite 5,Toys,Board Games,MATTEL,548.96,285.32,3.45,Yes,7909
56887,Oxford Academic Elite 6,Books,Academic,OXFORD,15958.78,11220.11,3.71,Yes,7143
56888,Webby Educational X 6,Toys,Educational,WEBBY,148541.3,61571.98,2.95,No,7986
56889,SG Running Flex 6,Sports,Running,SG,147740.58,59144.01,4.59,No,7811
56890,Under Armour Running Max 5,Sports,Running,UNDER ARMOUR,8591.5,3695.39,2.84,No,8321
56891,Parle Dairy Edge 1,Grocery,Dairy,PARLE,25443.16,16967.18,3.76,Yes,7087
56892,Arihant Academic Air 1,Books,Academic,ARIHANT,141178.37,67980.17,2.62,No,7252
56893,Maybelline Haircare Mini 6,Beauty,Haircare,MAYBELLINE,4354.53,3080.2,4.73,Yes,8136
56894,Fast&Up Medical Smart 7,Health,Medical Devices,FAST&UP,17555.09,9194.93,2.53,Yes,8993
56895,Mattel Board Edge 9,Toys,Board Games,MATTEL,926.11,572.66,4.13,Yes,8681
56896,STEELBIRD Tyres Smart 2,Automotive,Tyres,STEELBIRD,95661.72,54799.77,3.26,Yes,7957
56897,Lego Educational Ultra 2,Toys,Educational,LEGO,6815.45,3010.49,3.62,Yes,8182
56898,Mattel Remote Pro 7,Toys,Remote Control,MATTEL,3409.98,1662.93,3.6,No,7283
56899,HarperCollins Academic Premium 6,Books,Academic,HARPERCOLLINS,1283.07,780.79,3.87,Yes,7521
56900,Adidas Jewellery Ultra 9,Fashion,Jewellery,ADIDAS,18559.54,7615.55,4.41,Yes,7845
56901,Webby Puzzles Max 1,Toys,Puzzles,WEBBY,2520.96,1787.38,3.29,Yes,7700
56902,michelin Tools Smart 8,Automotive,Tools,MICHELIN,952.2,591.5,4.0,Yes,8898
56903,Cosco Cycling Pro 1,Sports,Cycling,COSCO,35765.33,16341.19,2.9,Yes,7433
56904,Arihant Non Active 8,Books,Non Fiction,ARIHANT,332.61,166.19,4.62,Yes,7372
56905,HarperCollins Self Pro 6,Books,Self Help,HARPERCOLLINS,1607.97,922.84,3.98,Yes,8401
56906,Biotique Haircare Edge 5,Beauty,Haircare,BIOTIQUE,197697.74,140902.14,3.83,Yes,7489
56907,Oxford Biographies Mini 6,Books,Biographies,OXFORD,2894.45,1975.13,3.26,No,8126
56908,lakme Makeup Elite 8,Beauty,Makeup,LAKME,19900.86,10381.72,3.88,Yes,8606
56909,Dabur Personal Elite 1,Grocery,Personal Care,DABUR,3956.06,2096.09,3.82,Yes,8030
56910,Lakme Mens X 8,Beauty,Mens Grooming,LAKME,536.0,229.02,2.91,Yes,8571
56911,lenovo Headphones Elite 7,Electronics,Headphones,LENOVO,3408.53,1574.63,3.2,Yes,7547
56912,Nivea Makeup Smart 6,Beauty,Makeup,NIVEA,191149.73,103508.32,4.15,Yes,8174
56913,Woodland Sunglasses Active 7,Fashion,Sunglasses,WOODLAND,152323.31,109123.0,3.39,Yes,7962
56914,Louis Philippe Kids Plus 1,Fashion,Kids Wear,LOUIS PHILIPPE,67757.19,42500.09,4.85,Yes,8093
56915,Gillette Skincare Edge 7,Beauty,Skincare,GILLETTE,4248.06,2565.31,3.96,Yes,7783
56916,Himalaya Ayurveda Smart 3,Health,Ayurveda,HIMALAYA,1542.66,637.72,3.15,Yes,8330
56917,Britannia Baby Ultra 1,Grocery,Baby Products,BRITANNIA,12875.31,5780.49,2.61,No,8627
56918,Ok Play Puzzles Edge 8,Toys,Puzzles,OK PLAY,28577.96,18575.674,3.3,Yes,8063
56919,Puma Women Neo 1,Fashion,Women Clothing,PUMA,66622.52,33529.39,5.0,Yes,8183
56920,Borosil Garden Ultra 3,Home Kitchen,Garden,BOROSIL,761.23,425.96,2.65,Yes,8968
56921,samsung Cameras X 5,Electronics,Cameras,SAMSUNG,15955.92,9167.56,2.52,No,8677
56922,Michelin Lubricants Elite 6,Automotive,Lubricants,MICHELIN,259.04,119.92,2.62,No,7169
56923,Reebok Cricket Air 5,Sports,Cricket,REEBOK,946.81,491.71,2.58,Yes,7157
56924,Abbott Vitamins Ultra 4,Health,Vitamins,ABBOTT,3717.69,1965.27,3.69,Yes,8691
56925,Peter England Sunglasses Edge 4,Fashion,Sunglasses,PETER ENGLAND,103126.63,51738.06,4.33,No,7775
56926,Prestige Appliances Air 2,Home Kitchen,Appliances,PRESTIGE,8173.09,5288.43,4.04,Yes,8946
56927,Nivia Badminton Neo 4,Sports,Badminton,NIVIA,17637.95,11208.72,4.8,No,7964
56928,Shell Car Edge 3,Automotive,Car Accessories,SHELL,19720.5,10249.28,4.88,Yes,7871
56929,Gillette Makeup Mini 7,Beauty,Makeup,GILLETTE,570.22,288.38,4.31,No,8979
56930,ITC Personal Pro 8,Grocery,Personal Care,ITC,4871.36,2688.93,4.92,Yes,7181
56931,Dabur Vitamins Max 4,Health,Vitamins,DABUR,335.34,162.8,3.75,No,7625
56932,Nike Sunglasses Flex 6,Fashion,Sunglasses,NIKE,166183.35,89678.86,3.57,Yes,8730
56933,Reebok Cycling Air 3,Sports,Cycling,REEBOK,3878.81,2185.47,3.71,Yes,7222
56934,Nike Sports Shoes Pro,Electronics,Accessories,NOISE,4656.74,2735.06,3.76,Yes,8284
56935,HUL Fruits Smart 7,Grocery,Fruits Vegetables,HUL,32480.0,19062.06,4.56,No,8201
56936,Dabur Ayurveda Smart 3,Health,Unknown,DABUR,162.48,114.37,4.41,No,8222
56937,Pigeon Bedding Air 5,Home Kitchen,Bedding,PIGEON,3817.3,1854.21,3.99,Yes,7856
56938,Logitech Gaming Pro 3,Electronics,Gaming,LOGITECH,270281.89,129761.64,3.15,Yes,7024
56939,Pigeon Appliances Lite 6,Home Kitchen,Appliances,PIGEON,1540.43,963.78,2.94,Yes,8507
56940,Reebok Yoga Flex 9,Sports,Yoga,REEBOK,44679.27,22635.46,3.29,Yes,8635
56941,Amul Snacks Max 4,Grocery,Snacks,AMUL,115243.66,68061.68,3.13,Yes,7171
56942,Himalaya Medical Smart 6,Health,Medical Devices,HIMALAYA,7186.29,4051.88,3.2,Yes,7602
56943,Zara Sunglasses X 2,Fashion,Sunglasses,ZARA,197429.96,80985.84,3.9,Yes,8472
56945,Dabur Cleaning Elite 9,Grocery,Cleaning,DABUR,114926.71,77081.2,4.96,Yes,8309
56946,Pigeon Cookware Ultra 2,Home Kitchen,Cookware,PIGEON,181.78,119.53,4.14,Yes,7263
56947,Himalaya Ayurveda Air 7,Health,Ayurveda,HIMALAYA,26446.71,19019.5,3.58,No,7733
56949,Butterfly Garden Active 1,Home Kitchen,Garden,BUTTERFLY,170500.14,118900.63,3.71,No,7157
56950,S.Chand Fiction Plus 5,Books,Fiction,S.CHAND,954.01,684.06,3.26,Yes,8305
56951,Healthkart Supplements Active 6,Health,Supplements,HEALTHKART,1869612.24,1402209.18,3.1,Yes,7932
56952,Samsung Galaxy M35 5G,Electronics,Tablets,JBL,3534.21,2018.76,3.67,Yes,8991
56953,Steelbird Tyres Lite 4,Automotive,Tyres,STEELBIRD,4331.36,3040.0,2.56,No,7500
56954,Usha Garden Max 3,Home Kitchen,Garden,USHA,18448.62,8570.71,2.57,Yes,8109
56955,Bosch Lubricants Plus 6,Automotive,Lubricants,BOSCH,9858.9,5771.36,3.09,No,7479
56956,Boat Smart X 5,Electronics,Smart Tvs,BOAT,4112.03,1936.61,4.9,Yes,7504
56957,Philips Storage Neo 1,Home Kitchen,Storage,PHILIPS,3196.28,2122.25,2.55,Yes,7202
56958,Healthkart Vitamins Air 7,Health,Vitamins,HEALTHKART,79269.78,37609.33,3.98,Yes,7755
56959,Nikon Smart Premium 3,Electronics,Smart Tvs,NIKON,2759.05,1240.72,3.66,Yes,7973
56960,Woodland Footwear Active 3,Fashion,Unknown,WOODLAND,643.93,294.79,5.0,Yes,7587
56961,ITC Baby Pro 2,Grocery,Baby Products,ITC,2315.29,1101.41,2.56,Yes,8132
56962,vega Car Pro 8,Automotive,Car Accessories,VEGA,2820.46,1851.33,2.57,No,8739
56963,Penguin Academic Active 4,Books,Academic,PENGUIN,706.44,328.36,4.53,No,7861
56964,HarperCollins Academic Active 8,Books,Academic,HARPERCOLLINS,210588.88,120051.87,2.6,Yes,7836
56965,Sony Accessories Max 1,Electronics,Accessories,SONY,1372.18,955.39,2.77,No,8177
56966,Muscleblaze Supplements Premium 3,Health,Supplements,MUSCLEBLAZE,993.9,650.9,4.14,No,7763
56967,Mattel Remote Elite 4,Toys,Remote Control,MATTEL,46065.27,31058.69,2.85,Yes,8782
56968,Bajaj Appliances Pro 6,Home Kitchen,Appliances,BAJAJ,325.51,147.29,2.64,No,7170
56969,Cipla First Plus 6,Health,First Aid,CIPLA,692.07,300.56,4.66,Yes,7514
56970,Woodland Women Pro 2,Fashion,Women Clothing,WOODLAND,711.48,437.55,3.64,Yes,7394
56971,Bajaj Furniture Flex 9,Home Kitchen,Furniture,BAJAJ,31638.38,15686.84,4.51,Yes,7202
56972,Hasbro Action Elite 6,Toys,Action Figures,HASBRO,415.14,166.19,4.14,No,8034
56973,Himalaya Supplements Lite 5,Health,Supplements,HIMALAYA,17158.29,7691.14,2.6,No,8094
56974,Boat Rockerz 550,Home Kitchen,Garden,BUTTERFLY,500.44,259.59,4.38,No,8971
56975,SG Swimming Air 9,Sports,Swimming,SG,562.99,315.31,4.62,Yes,8557
56976,Boat Tablets Elite 9,Electronics,Tablets,BOAT,3739.89,2416.32,2.63,No,8408
56977,Fisher Price Soft Mini 8,Toys,Soft Toys,FISHER PRICE,465.83,201.78,4.65,Yes,7971
56978,Boat Rockerz 550,Toys,Remote Control,LEGO,643.98,413.03,4.08,Yes,8571
56979,Vivo Accessories Max 4,Electronics,Accessories,VIVO,831.17,556.21,3.14,Yes,7328
56980,OK PLAY Action Flex 9,Toys,Action Figures,OK PLAY,1125.43,769.85,4.03,No,8588
56981,LOreal Fragrances Plus 9,Beauty,Fragrances,LOREAL,59934.83,41033.54,2.52,Yes,8069
56982,Abbott First Air 3,Health,First Aid,ABBOTT,3836.97,2877.7275,4.43,No,7669
56983,Healthkart Medical Max 7,Health,Medical Devices,HEALTHKART,5615.36,3890.78,3.76,Yes,7468
56984,Speedo Cricket Ultra 9,Sports,Cricket,SPEEDO,173.56,111.37,4.3,No,8853
56985,HarperCollins Academic Neo 3,Books,Academic,HARPERCOLLINS,4097.06,1640.22,4.47,Yes,8279
56986,Bosch Tools Mini 9,Automotive,Tools,BOSCH,262452.58,121792.24,3.19,Yes,7151
56988,Lakme Skincare Max 8,Beauty,Skincare,LAKME,131839.76,65482.96,2.79,No,7490
56989,Funskool Action Ultra 2,Toys,Action Figures,FUNSKOOL,16253.82,9358.49,4.9,Yes,8477
56990,Borosil Garden Flex 6,Home Kitchen,Unknown,BOROSIL,939.5,487.36,3.99,No,8903
56991,Cosco Cycling Neo 3,Sports,Cycling,COSCO,883.85,420.02,3.96,Yes,7310
56992,Realme Laptops Neo 7,Electronics,Laptops,REALME,4209.89,2677.98,3.64,Yes,8909
56993,REEBOK Cycling Lite 3,Sports,Cycling,REEBOK,72860.96,50277.05,3.2,Yes,7857
56994,Milton Lighting Premium 3,Home Kitchen,Lighting,MILTON,2724.79,1603.38,4.35,Yes,7005
56995,Healthkart Supplements Max 5,Health,Supplements,HEALTHKART,20609.06,11064.81,4.57,No,7831
56996,MRF Swimming Max 1,Sports,Unknown,MRF,6393.89,3753.37,3.43,Yes,7272
56997,Lego Remote Mini 5,Toys,Remote Control,LEGO,131332.93,91069.55,3.1,Yes,8863
56998,OPPO Mobiles Lite 4,Electronics,Mobiles,OPPO,18181.07,11193.58,2.76,Yes,8430
56999,Vivo Gaming Mini 3,Electronics,Gaming,VIVO,3254.97,1646.0,4.64,Yes,7116
57000,Boat Rockerz 550,Grocery,Fruits Vegetables,HUL,66382.19,27490.68,2.99,Yes,8148
57001,Fast&Up Ayurveda Mini 1,Health,Ayurveda,FAST&UP,140341.03,76501.54,4.13,No,7175
57002,Levis Sunglasses Neo 1,Fashion,Sunglasses,LEVIS,16026.05,10296.98,3.28,Yes,8333
57003,Gillette Haircare X 7,Beauty,Haircare,GILLETTE,3684.93,2459.71,3.9,Yes,7052
57004,Shell Car Ultra 9,Automotive,Car Accessories,SHELL,31199.15,16965.46,4.36,Yes,7041
57005,Bosch Bike Mini 5,Automotive,Bike Accessories,BOSCH,3503.01,2259.02,4.54,Yes,8363
57006,Titan Men Premium 8,Fashion,Men Clothing,TITAN,510.89,268.29,4.8,No,8328
57007,Woodland Women Max 4,Fashion,Women Clothing,WOODLAND,159.1,82.65,3.88,No,8937
57008,Dove Fragrances Premium 3,Beauty,Fragrances,DOVE,6923.68,3492.09,2.79,Yes,7673
57009,Apple Accessories Premium 9,Electronics,Unknown,APPLE,94545.47,44017.65,4.38,Yes,7424
57010,LOreal Skincare Air 2,Beauty,Skincare,LOREAL,18145.76,8439.68,4.93,Yes,8260
57011,Louis Philippe Women Neo 5,Fashion,Women Clothing,LOUIS PHILIPPE,18379.9,12466.93,3.88,No,7172
57012,Orient Decor Mini 8,Home Kitchen,Decor,ORIENT,275.11,128.22,3.49,Yes,7885
57013,Van Heusen Kids Active 5,Fashion,Kids Wear,VAN HEUSEN,156961.33,103422.9,3.99,Yes,7157
57014,Michelin Car X 9,Automotive,Car Accessories,MICHELIN,637.02,265.49,4.41,No,8830
57015,Cosco Swimming Ultra 1,Sports,Swimming,COSCO,464.82,325.37399999999997,2.68,Yes,7326
57016,Asus Headphones Ultra 2,Electronics,Headphones,ASUS,110960.5,67826.43,3.31,No,8725
57017,Gillette Makeup Pro 6,Beauty,Makeup,GILLETTE,2163.63,1237.66,4.23,No,7934
57018,Butterfly Decor Max 5,Home Kitchen,Decor,BUTTERFLY,765.93,432.05,4.71,Yes,8269
57019,Sony Smartwatches Elite 1,Electronics,Smartwatches,SONY,150.64,79.34,2.71,Yes,8484
57020,Bajaj Cookware Premium 1,Home Kitchen,Cookware,BAJAJ,2996.0,2114.99,3.22,Yes,8343
57021,Fisher Price Soft Ultra 3,Toys,Soft Toys,FISHER PRICE,431.0,179.56,3.67,Yes,8745
57022,STEELBIRD Lubricants Ultra 2,Automotive,Lubricants,STEELBIRD,14348.38,5867.97,3.77,Yes,7055
57023,Nike Women Max 8,Fashion,Women Clothing,NIKE,815.27,551.98,2.81,Yes,8922
57024,Webby Remote Smart 3,Toys,Remote Control,WEBBY,73473.42,30762.68,4.82,No,8555
57025,OnePlus Laptops X 9,Electronics,Laptops,ONEPLUS,951.0,543.47,4.17,Yes,7757
57026,Nikon Smartwatches Lite 6,Electronics,Smartwatches,NIKON,6834.14,4884.5,4.69,Yes,8418
57027,Milton Furniture Neo 2,Home Kitchen,Furniture,MILTON,15190.1,8554.94,2.66,Yes,7156
57028,3M Car Lite 4,Automotive,Car Accessories,3M,67052.31,45762.79,4.34,Yes,7623
57029,Funskool Board Air 1,Toys,Board Games,FUNSKOOL,13148.46,5272.97,4.58,Yes,8645
57030,Healthkart Vitamins Smart 6,Health,Vitamins,HEALTHKART,40513.65,20587.35,4.13,No,8207
57031,Yonex Yoga Pro 5,Sports,Yoga,YONEX,7059638.08,3774048.93,3.23,Yes,7115
57032,Woodland Women X 2,Fashion,Women Clothing,WOODLAND,157.53,94.518,3.55,Yes,8710
57033,Patanjali Personal Max 3,Grocery,Personal Care,PATANJALI,17399.9,10733.41,4.21,No,8539
57034,Under Armour Fitness X 5,Sports,Fitness Equipment,UNDER ARMOUR,13109.48,7761.19,3.23,Yes,7108
57035,Boat Rockerz 550,Toys,Educational,HASBRO,2348.28,1062.06,4.78,No,8232
57036,Scholastic Academic Elite 5,Books,Academic,SCHOLASTIC,1833.58,1110.51,2.64,Yes,8276
57037,Webby Board X 9,Toys,Board Games,WEBBY,15715.34,10277.27,3.42,Yes,8024
57038,P&G Staples Active 9,Grocery,Staples,P&G,213462.75,147290.02,3.35,Yes,8253
57039,Butterfly Garden X 7,Home Kitchen,Garden,BUTTERFLY,497.14,209.91,2.52,Yes,8413
57040,Britannia Cleaning Smart 1,Grocery,Unknown,BRITANNIA,33372.33,15110.94,4.57,Yes,7001
57041,Philips Cookware Max 9,Home Kitchen,Cookware,PHILIPS,4155.05,2702.39,3.25,Yes,8149
57042,Samsung Galaxy M35 5G,Sports,Running,NIVIA,34185.25,15525.62,2.98,Yes,7394
57043,Cipla First Premium 7,Health,First Aid,CIPLA,1252.67,744.5,4.88,No,7592
57044,Britannia Cleaning Smart 7,Grocery,Cleaning,BRITANNIA,799.91,418.39,3.3,Yes,7473
57045,Woodland Sunglasses Flex 2,Fashion,Sunglasses,WOODLAND,568.0,237.25,4.55,Yes,7125
57046,Fisher Price Educational Elite 9,Toys,Educational,FISHER PRICE,52524.29,22394.49,3.07,No,7193
57047,HarperCollins Fiction X 5,Books,Fiction,HARPERCOLLINS,1209.54,662.32,4.66,No,8251
57048,Vega Tools Ultra 1,Automotive,Tools,VEGA,16788.29,11023.78,4.96,No,7192
57049,Samsung Galaxy M35 5G,Fashion,Kids Wear,FASTRACK,49005.99,25632.97,2.51,Yes,7960
57050,Yonex Fitness Air 8,Sports,Fitness Equipment,YONEX,254.06,105.08,3.88,No,8914
57051,Mattel Remote Lite 5,Toys,Remote Control,MATTEL,30775.76,18255.3,4.27,No,7397
57052,Cosco Cricket Premium 3,Sports,Cricket,COSCO,637.34,332.31,4.79,No,7148
57053,JBL Mobiles Mini 3,Electronics,Mobiles,JBL,136962.49,72891.51,4.42,Yes,8536
57054,Castrol Lubricants Neo 3,Automotive,Lubricants,CASTROL,16506.68,10347.98,3.68,Yes,7248
57055,Himalaya Supplements Active 9,Health,Supplements,HIMALAYA,6065.41,3719.99,4.79,Yes,8816
57056,Peter England Footwear X 2,Fashion,Footwear,PETER ENGLAND,4593.08,2791.77,2.96,Yes,8763
57057,Cipla Medical Ultra 1,Health,Medical Devices,CIPLA,511.77,241.49,3.33,Yes,7676
57058,Titan Bags Elite 1,Fashion,Bags,TITAN,25459.82,14550.52,3.79,No,8538
57059,Arihant Children Mini 4,Books,Children Books,ARIHANT,646.52,332.05,2.61,No,7234
57060,Dell Tablets X 9,Electronics,Tablets,DELL,3351.51,1888.22,4.08,Yes,8790
57061,Pantene Mens Flex 5,Beauty,Mens Grooming,PANTENE,3045.42,1459.04,4.69,Yes,8702
57062,Dabur Vitamins Edge 7,Health,Vitamins,DABUR,5935.31,2893.04,2.88,No,8011
57063,Woodland Jewellery Flex 7,Fashion,Jewellery,WOODLAND,292598.74,187946.92,3.33,Yes,7545
57064,Fast&Up First Elite 6,Health,First Aid,FAST&UP,263.07,148.78,4.48,Yes,7608
57065,Peter England Kids Edge 8,Fashion,Kids Wear,PETER ENGLAND,793.58,386.76,3.37,Yes,8638
57066,reebok Fitness Max 7,Sports,Fitness Equipment,REEBOK,695.22,413.54,4.34,Yes,7466
57067,Arihant Self Plus 1,Books,Self Help,ARIHANT,208133.71,88729.77,4.57,Yes,7633
57068,Nivia Cycling Ultra 7,Sports,Cycling,NIVIA,60179.07,36594.51,3.48,Yes,7836
57070,Nivia Yoga Active 8,Sports,Yoga,NIVIA,2252.74,1490.09,3.81,Yes,8225
57072,Michelin Car Pro 9,Automotive,Car Accessories,MICHELIN,1402.27,986.27,3.44,No,7898
57073,HP Smart Lite 9,Electronics,Smart Tvs,HP,927.89,586.42,2.84,No,8587
57074,Nestle Snacks Edge 3,Grocery,Snacks,NESTLE,138955.2,82954.93,4.71,Yes,8102
57076,Scholastic Academic Flex 5,Books,Academic,SCHOLASTIC,911.69,368.85,3.74,Yes,7590
57077,Louis Philippe Men Edge 9,Fashion,Men Clothing,LOUIS PHILIPPE,507.85,303.11,4.36,Yes,8768
57078,Borosil Storage Premium 5,Home Kitchen,Storage,BOROSIL,8185.71,5185.91,2.79,Yes,8278
57079,Bajaj Furniture Smart 7,Home Kitchen,Furniture,BAJAJ,176835.5,85609.05,2.52,Yes,8976
57080,Tata Dairy Mini 1,Grocery,Dairy,TATA,26207.63,10792.42,3.15,Yes,8585
57081,Biotique Skincare Smart 4,Beauty,Skincare,BIOTIQUE,9909.88,5504.85,3.03,Yes,7471
57082,Adidas Sunglasses Pro 3,Fashion,Sunglasses,ADIDAS,3664.94,1933.08,4.15,Yes,7496
57083,Lakme Skincare Neo 1,Beauty,Skincare,LAKME,276.79,153.9,2.8,Yes,8583
57084,3M Bike Edge 9,Automotive,Bike Accessories,3M,1339.15,741.98,3.13,No,7113
57085,Bosch Tyres Pro 1,Automotive,Tyres,BOSCH,227.4,124.73,4.13,Yes,7511
57086,lego Soft Active 5,Toys,Soft Toys,LEGO,903.2,648.74,4.01,Yes,8126
57087,Steelbird Car Lite 1,Automotive,Car Accessories,STEELBIRD,3450.14,2364.46,4.86,Yes,7280
57088,Fast&Up Vitamins X 1,Health,Vitamins,FAST&UP,8959.92,4935.6,3.27,Yes,7988
57089,Forest Essentials Haircare Edge 9,Beauty,Haircare,FOREST ESSENTIALS,3391.39,2274.91,3.57,Yes,7614
57090,Funskool Action Elite 7,Toys,Action Figures,FUNSKOOL,315.37,188.3,3.01,No,8518
57091,Fast&Up Supplements Premium 9,Health,Supplements,FAST&UP,1281.64,873.85,2.65,No,7575
57092,Dabur Cleaning Mini 8,Grocery,Cleaning,DABUR,63971.39,40855.59,4.79,No,8884
57093,Steelbird Tyres Elite 5,Automotive,Tyres,STEELBIRD,760.16,336.91,2.85,No,8687
57095,bajaj Garden Pro 3,Home Kitchen,Garden,BAJAJ,674.85,402.34,3.08,No,7027
57096,Hasbro Soft Edge 2,Toys,Soft Toys,HASBRO,194.63,82.36,3.41,Yes,7253
57097,Vega Bike Flex 2,Automotive,Bike Accessories,VEGA,500.82,246.05,5.0,No,7661
57098,Forest Essentials Skincare Pro 4,Beauty,Skincare,FOREST ESSENTIALS,216866.51,147019.18,4.2,Yes,7916
57099,Orient Bedding Smart 8,Home Kitchen,Bedding,ORIENT,19952.81,9313.81,4.86,Yes,8207
57100,Boat Accessories Ultra 4,Electronics,Accessories,BOAT,2331.7,1171.89,4.17,No,8357
57101,Puma Bags Elite 9,Fashion,Bags,PUMA,51740.19,34382.14,4.72,Yes,8620
57102,Arihant Biographies Lite 5,Books,Biographies,ARIHANT,733.76,336.4,3.24,Yes,7716
57104,Funskool Board X 1,Toys,Board Games,FUNSKOOL,1745.5,1068.82,4.97,Yes,8297
57105,Funskool Soft Air 9,Toys,Soft Toys,FUNSKOOL,834.2,478.02,3.38,Yes,8008
57106,Pigeon Appliances Lite 8,Home Kitchen,Appliances,PIGEON,143155.21,70666.61,2.65,Yes,7180
57107,Dabur Staples Elite 4,Grocery,Staples,DABUR,1252.84,669.69,4.95,No,8299
57108,3M Tyres Flex 1,Automotive,Tyres,3M,12438.05,7564.09,2.66,Yes,8208
57109,Pearson Biographies Air 1,Books,Biographies,PEARSON,133828.72,82870.25,2.97,Yes,8205
57110,Michelin Car Pro 2,Automotive,Car Accessories,MICHELIN,909.76,369.18,3.22,Yes,8752
57111,Prestige Lighting Neo 2,Home Kitchen,Lighting,PRESTIGE,8909.22,5072.55,2.88,No,8873
57112,Funskool Remote Pro 9,Toys,Remote Control,FUNSKOOL,445.14,311.15,5.0,Yes,8968
57113,S.Chand Academic Active 5,Books,Academic,S.CHAND,3254.44,1920.79,4.71,No,7372
57114,Castrol Car Max 9,Automotive,Car Accessories,CASTROL,66655.52,28495.6,4.59,Yes,7416
57115,Under Armour Yoga Lite 1,Sports,Yoga,UNDER ARMOUR,32591.78,21190.84,4.84,Yes,7548
57116,P&G Dairy Max 7,Grocery,Unknown,P&G,79639.67,34273.27,4.67,Yes,7025
57117,S.Chand Academic Plus 4,Books,Academic,S.CHAND,11162.61,6996.31,4.52,Yes,8183
57118,Nike Sports Shoes Pro,Sports,Cycling,MRF,429.51,302.11,3.58,Yes,8325
57119,Apple Gaming Max 8,Electronics,Gaming,APPLE,42216.41,20080.59,3.7,Yes,7839
57120,Amul Dairy Premium 6,Grocery,Dairy,AMUL,17784.22,11548.87,3.45,Yes,8137
57121,Cosco Swimming Mini 7,Sports,Swimming,COSCO,767.62,382.39,4.29,Yes,7409
57122,Penguin Fiction Premium 1,Books,Fiction,PENGUIN,598.7,325.4,3.87,Yes,7032
57123,Logitech Mobiles Air 4,Electronics,Mobiles,LOGITECH,93675.39,46022.78,3.72,No,7713
57124,oxford Self Mini 9,Books,Self Help,OXFORD,1594.33,1082.48,3.59,Yes,7618
57125,Muscleblaze Vitamins X 9,Health,Vitamins,MUSCLEBLAZE,4800.7,2271.06,3.93,Yes,8380
57126,ITC Fruits Premium 6,Grocery,Fruits Vegetables,ITC,2580.45,1804.84,4.14,No,8416
57127,Havells Garden Pro 1,Home Kitchen,Garden,HAVELLS,19316.09,9989.65,4.18,No,8634
57128,OXFORD Academic Pro 8,Books,Academic,OXFORD,651.55,383.78,2.84,No,7811
57129,3M Tyres Premium 2,Automotive,Tyres,3M,220649.7,106582.97,3.24,No,8942
57130,Fisher Price Soft X 4,Toys,Soft Toys,FISHER PRICE,4912.42,3334.15,2.78,Yes,7468
57131,Parle Personal Lite 9,Grocery,Personal Care,PARLE,724.8,302.22,4.5,No,7704
57132,h&m Jewellery Elite 3,Fashion,Jewellery,H&M,4647.67,1994.93,2.63,Yes,7916
57133,SG Fitness Pro 5,Sports,Fitness Equipment,SG,559.34,399.16,3.16,Yes,7043
57134,Bosch Tools Plus 1,Automotive,Tools,BOSCH,14217.87,9186.69,4.91,Yes,7164
57135,Muscleblaze Protein Flex 7,Health,Protein,MUSCLEBLAZE,508.51,338.34,4.49,Yes,8606
57136,Adidas Bags Neo 8,Fashion,Bags,ADIDAS,239.37,164.53,4.15,Yes,7172
57137,Lego Remote Pro 7,Toys,Remote Control,LEGO,395.13,196.28,4.7,Yes,7272
57138,Fast&Up Protein Ultra 7,Health,Protein,FAST&UP,2994.06,2245.545,3.1,Yes,8730
57139,Nivia Cricket Premium 5,Sports,Cricket,NIVIA,4795.84,2768.41,3.57,No,8665
57140,Penguin Self Neo 4,Books,Self Help,PENGUIN,213149.08,124290.78,2.84,No,8670
57141,Shell Car Edge 5,Automotive,Car Accessories,SHELL,112.04,67.08,2.53,Yes,8021
57142,Dove Fragrances Air 6,Beauty,Fragrances,DOVE,136037.77,56275.45,3.2,Yes,8351
57143,Forest Essentials Mens Smart 4,Beauty,Mens Grooming,FOREST ESSENTIALS,785.18,542.79,3.71,Yes,7458
57144,Havells Lighting Neo 2,Home Kitchen,Lighting,HAVELLS,778.22,371.35,3.4,Yes,7382
57145,Castrol Tools Elite 3,Automotive,Tools,CASTROL,158978.82,110296.48,3.77,Yes,7766
57146,HP Mobiles Air 5,Electronics,Mobiles,HP,48404.04,21870.06,4.08,Yes,7403
57147,P&G Personal Max 6,Grocery,Personal Care,P&G,5174.5,2317.34,3.73,Yes,8743
57148,Michelin Tools Mini 2,Automotive,Tools,MICHELIN,435.13,279.38,4.48,Yes,8710
57150,Lakme Mens X 4,Beauty,Mens Grooming,LAKME,4301.09,3031.12,3.15,Yes,7140
57151,Fastrack Watches Mini 9,Fashion,Watches,FASTRACK,197819.84,122718.63,4.69,No,8504
57152,Scholastic Fiction Lite 5,Books,Fiction,SCHOLASTIC,4597.12,3057.41,3.5,Yes,7156
57153,3M Lubricants Active 6,Automotive,Lubricants,3M,750.35,468.07,3.99,No,8997
57154,nivea Haircare Smart 2,Beauty,Haircare,NIVEA,675.27,330.12,4.17,Yes,8926
57155,UCB Sunglasses Smart 2,Fashion,Sunglasses,UCB,4966.21,3425.17,3.92,Yes,7045
57157,HUL Beverages Neo 6,Grocery,Beverages,HUL,885.12,493.61,4.98,Yes,7084
57158,Fastrack Men Mini 6,Fashion,Men Clothing,FASTRACK,294.59,171.05,4.91,Yes,7696
57159,ITC Fruits Pro 7,Grocery,Fruits Vegetables,ITC,667.04,414.05,2.6,Yes,8567
57160,Vega Car Edge 3,Automotive,Car Accessories,VEGA,13232.87,9049.95,4.75,Yes,7021
57161,Britannia Personal Edge 4,Grocery,Personal Care,BRITANNIA,5063.65,2612.53,3.88,Yes,8398
57162,Pantene Skincare Premium 5,Beauty,Skincare,PANTENE,18024.79,11009.89,3.39,No,8642
57163,Castrol Tyres Neo 5,Automotive,Tyres,CASTROL,1802.99,724.4,3.01,Yes,8222
57164,Pearson Biographies Max 9,Books,Biographies,PEARSON,23507.84,11753.92,4.4,Yes,7552
57165,Pigeon Decor Edge 5,Home Kitchen,Decor,PIGEON,5220.6,3073.8,2.89,Yes,8401
57166,Canon Laptops Edge 4,Electronics,Laptops,CANON,945.43,559.11,4.04,Yes,7484
57167,Decathlon Cycling Plus 9,Sports,Cycling,DECATHLON,59711.0,31557.2,3.31,Yes,7551
57168,hul Dairy Active 5,Grocery,Dairy,HUL,1064.74,552.61,3.24,No,8086
57169,Penguin Fiction Lite 3,Books,Fiction,PENGUIN,23091.62,11069.51,4.12,Yes,8027
57170,Cosco Running Pro 2,Sports,Running,COSCO,5612.895,224.43,4.03,No,7568
57171,Yonex Cricket Smart 6,Sports,Cricket,YONEX,738.76,376.93,2.52,Yes,8734
57172,Dove Skincare Neo 5,Beauty,Skincare,DOVE,692.95,455.91,3.28,Yes,8109
57173,Parle Staples Smart 7,Grocery,Staples,PARLE,4015.28,2110.26,4.26,Yes,8106
57174,Parle Beverages Premium 3,Grocery,Beverages,PARLE,140.9,84.5,3.93,Yes,7759
57175,Webby Educational Smart 8,Toys,Educational,WEBBY,7718.5,4041.24,2.58,Yes,7863
57176,Philips Appliances Air 6,Home Kitchen,Appliances,PHILIPS,163672.82,103180.43,4.46,Yes,8204
57177,Havells Decor Active 2,Home Kitchen,Decor,HAVELLS,4157.26,2651.09,2.93,Yes,8611
57178,Bosch Tyres Neo 5,Automotive,Tyres,BOSCH,72500.32,37845.28,4.71,Yes,7002
57179,Philips Appliances Max 3,Home Kitchen,Appliances,PHILIPS,251569.01,164568.41,2.96,Yes,7661
57180,Orient Storage Elite 4,Home Kitchen,Storage,ORIENT,1090.47,668.61,3.43,Yes,7782
57181,Reebok Cricket Edge 6,Sports,Cricket,REEBOK,435.72,290.99,3.78,Yes,8270
57182,Fisher Price Educational Ultra 5,Toys,Educational,FISHER PRICE,52630.71,27637.73,4.92,No,8165
57183,woodland Jewellery X 4,Fashion,Jewellery,WOODLAND,19547.53,13826.41,3.27,Yes,7900
57184,Himalaya Ayurveda Smart 9,Health,Ayurveda,HIMALAYA,1021.26,539.49,3.75,Yes,7905
57185,Pantene Makeup Ultra 9,Beauty,Makeup,PANTENE,106291.03,57732.27,3.69,Yes,8275
57186,Pearson Self Active 1,Books,Self Help,PEARSON,28364.34,16900.66,4.53,Yes,8149
57187,Nike Sports Shoes Pro,Electronics,Tablets,ACER,11506.4,6165.89,3.64,Yes,8697
57188,Castrol Tyres X 3,Automotive,Tyres,CASTROL,636.22,399.57,4.85,Yes,8408
57189,Butterfly Garden Premium 8,Home Kitchen,Garden,BUTTERFLY,45736.44,31069.29,2.68,No,7308
57190,Webby Remote Pro 6,Toys,Remote Control,WEBBY,714.89,354.84,4.46,Yes,8819
57191,Dove Makeup Neo 3,Beauty,Makeup,DOVE,8122.62,5279.703,3.82,Yes,7333
57192,Xiaomi Cameras Ultra 5,Electronics,Cameras,XIAOMI,863.48,507.54,2.55,Yes,7436
57193,UCB Kids Premium 1,Fashion,Kids Wear,UCB,52131.27,25479.39,3.81,Yes,8494
57194,Biotique Fragrances Smart 1,Beauty,Fragrances,BIOTIQUE,3783.85,2195.14,4.9,Yes,7329
57195,Lenovo Headphones Plus 2,Electronics,Headphones,LENOVO,19640.69,8401.13,4.9,Yes,8392
57196,Under Armour Cricket Air 9,Sports,Cricket,UNDER ARMOUR,636.69,364.57,3.27,Yes,7306
57197,Nivea Makeup Edge 3,Beauty,Makeup,NIVEA,16979.7,8587.15,3.06,Yes,8153
57198,Nike Men Plus 8,Fashion,Men Clothing,NIKE,11416.97,6095.48,2.7,Yes,7122
57199,Reebok Yoga Smart 3,Sports,Yoga,REEBOK,565.25,343.05,4.64,Yes,7753
57200,GILLETTE Skincare Edge 8,Beauty,Skincare,GILLETTE,809.32,466.2,4.04,Yes,7312
57201,Ok Play Board Neo 9,Toys,Board Games,OK PLAY,242737.96,116779.62,4.54,Yes,7830
57202,3M Bike Mini 3,Automotive,Bike Accessories,3M,36312.9,29050.320000000003,4.02,No,7691
57203,H&M Footwear Mini 5,Fashion,Footwear,H&M,191.45,124.83,2.8,Yes,8628
57204,Amul Cleaning Smart 7,Grocery,Cleaning,AMUL,2569.58,1743.81,3.93,No,7007
57205,Amul Personal Pro 8,Grocery,Personal Care,AMUL,199463.57,115304.68,4.23,Yes,7044
57206,Penguin Academic Neo 1,Books,Academic,PENGUIN,134.95,79.25,3.27,Yes,7728
57207,Nestle Dairy Flex 8,Grocery,Dairy,NESTLE,532.54,259.79,4.37,Yes,7545
57208,Under Armour Running Active 3,Sports,Running,UNDER ARMOUR,3715.63,2229.93,2.52,Yes,7193
57209,Muscleblaze Protein Max 7,Health,Protein,MUSCLEBLAZE,12297.97,9223.477499999999,4.93,Yes,7830
57210,Maybelline Mens Smart 6,Beauty,Mens Grooming,MAYBELLINE,4215.9,2155.21,3.3,No,7593
57212,Vega Tools Edge 4,Automotive,Tools,VEGA,148627.88,104602.57,4.32,No,7473
57213,Philips Appliances Active 5,Home Kitchen,Appliances,PHILIPS,17276.84,8739.48,3.56,Yes,8486
57214,Tata Snacks Premium 6,Grocery,Snacks,TATA,333.68,221.9,3.5,Yes,7121
57215,P&G Staples Neo 5,Grocery,Staples,P&G,38245.64,21670.48,4.23,No,7771
57216,Lego Puzzles Flex 8,Toys,Puzzles,LEGO,3633.45,2440.96,4.96,Yes,7560
57217,Borosil Cookware Ultra 9,Home Kitchen,Cookware,BOROSIL,5495.78,2615.95,5.0,Yes,8584
57218,Cipla Protein Lite 3,Health,Protein,CIPLA,72035.26,54026.44499999999,2.8,Yes,8861
57219,Biotique Mens Elite 9,Beauty,Mens Grooming,BIOTIQUE,3952.63,2578.01,2.73,Yes,7619
57220,Titan Footwear Edge 8,Fashion,Unknown,TITAN,204480.87,132258.26,4.91,Yes,8115
57221,Cosco Yoga Flex 2,Sports,Yoga,COSCO,258127.34,174347.94,4.09,Yes,7634
57222,Dabur First Edge 6,Health,First Aid,DABUR,148736.8,69668.69,4.84,Yes,7721
57224,Michelin Tyres Active 5,Automotive,Tyres,MICHELIN,353.27,177.77,3.14,No,7507
57225,Fast&Up First Smart 9,Health,First Aid,FAST&UP,394.9,189.12,3.98,Yes,7338
57226,Boat Smartwatches Elite 8,Electronics,Smartwatches,BOAT,793.42,408.87,4.7,Yes,7787
57227,Apple Smartwatches Plus 8,Electronics,Smartwatches,APPLE,11587.64,5066.27,3.83,No,7697
57228,Maybelline Haircare Smart 5,Beauty,Haircare,MAYBELLINE,478.49,288.26,4.71,No,8102
57229,Woodland Bags Max 8,Fashion,Bags,WOODLAND,540.45,325.63,3.42,Yes,8208
57230,SG Badminton Active 2,Sports,Badminton,SG,7033.71,3386.16,3.9,No,8178
57231,HP Smartwatches Smart 8,Electronics,Smartwatches,HP,74873.09,43111.35,4.62,Yes,8143
57232,Arihant Biographies Elite 1,Books,Biographies,ARIHANT,11831.83,7489.99,3.64,No,7317
57233,Parle Beverages Premium 1,Grocery,Beverages,PARLE,16830.75,11227.04,2.95,Yes,7912
57234,Dabur Dairy Neo 9,Grocery,Dairy,DABUR,702.74,409.87,2.65,No,8919
57235,Havells Cookware Neo 1,Home Kitchen,Cookware,HAVELLS,58002.35,41296.89,4.69,Yes,7075
57236,Under Armour Fitness Air 6,Sports,Fitness Equipment,UNDER ARMOUR,2735.38,1603.09,3.32,Yes,7112
57237,Fisher Price Action X 9,Toys,Action Figures,FISHER PRICE,71394.8,50261.94,3.67,No,7046
57238,Bosch Car X 3,Automotive,Car Accessories,BOSCH,390.85,251.07,3.18,Yes,7219
57239,Dabur Supplements Pro 4,Health,Supplements,DABUR,4885.56,2917.48,4.32,Yes,8212
57240,Ok Play Action Ultra 7,Toys,Action Figures,OK PLAY,1425.47,914.43,3.2,Yes,8213
57241,Michelin Lubricants Mini 2,Automotive,Lubricants,MICHELIN,2153.34,875.03,3.2,Yes,7099
57242,Borosil Bedding Pro 4,Home Kitchen,Bedding,BOROSIL,535.0,360.16,4.46,Yes,8526
57243,Lakme Makeup Plus 7,Beauty,Makeup,LAKME,762.77,372.03,3.57,Yes,7088
57244,Havells Cookware Smart 8,Home Kitchen,Cookware,HAVELLS,227164.33,102987.74,3.26,Yes,8324
57245,Tata Fruits Pro 5,Grocery,Fruits Vegetables,TATA,47486.06,26412.94,3.27,Yes,7429
57246,Pantene Fragrances Ultra 1,Beauty,Fragrances,PANTENE,1320.2,731.7,3.53,Yes,8453
57247,Fisher Price Action Air 6,Toys,Action Figures,FISHER PRICE,4726.31,2005.98,3.86,No,7794
57248,Oxford Academic Smart 7,Books,Academic,OXFORD,16364.54,11638.63,3.19,No,8136
57249,Funskool Puzzles Air 6,Toys,Puzzles,FUNSKOOL,834.56,557.19,3.21,Yes,7113
57250,HUL Snacks Mini 2,Grocery,Snacks,HUL,14476.93,8602.22,4.04,Yes,7018
57251,LOUIS PHILIPPE Jewellery Elite 1,Fashion,Jewellery,LOUIS PHILIPPE,3628.55,2296.12,4.58,Yes,8220
57252,Logitech Accessories Max 2,Electronics,Accessories,LOGITECH,1957.93,893.44,4.09,No,7171
57253,Nike Bags Max 8,Fashion,Bags,NIKE,73505.0,46893.61,3.23,Yes,7246
57254,Havells Cookware Pro 1,Home Kitchen,Cookware,HAVELLS,215.7,145.85,4.71,Yes,8336
57255,Nestle Snacks Pro 3,Grocery,Snacks,NESTLE,203806.67,120203.47,4.05,Yes,8650
57256,Hasbro Soft X 5,Toys,Soft Toys,HASBRO,55628.07,36097.66,4.38,No,7324
57257,OnePlus Headphones Ultra 2,Electronics,Headphones,ONEPLUS,4188.83,1899.98,3.57,Yes,7588
57258,Reebok Yoga Elite 8,Sports,Yoga,REEBOK,28937.64,13449.02,4.11,Yes,8828
57259,Britannia Fruits Ultra 4,Grocery,Fruits Vegetables,BRITANNIA,630.16,320.73,3.06,Yes,8816
57260,Nivea Makeup Premium 8,Beauty,Makeup,NIVEA,330.66,151.53,3.55,Yes,7785
57261,Havells Lighting Smart 3,Home Kitchen,Lighting,HAVELLS,2885.93,1668.86,4.0,No,8142
57262,Shell Car X 8,Automotive,Car Accessories,SHELL,391.57,200.46,3.31,Yes,8120
57263,Samsung Smart Flex 4,Electronics,Smart Tvs,SAMSUNG,7742.05,3875.66,3.71,No,7644
57264,Oxford Self Neo 2,Books,Self Help,OXFORD,3822.55,1791.67,4.57,No,7157
57265,Vega Tools Plus 3,Automotive,Tools,VEGA,639.36,300.38,3.41,Yes,8175
57266,MATTEL Soft Plus 1,Toys,Soft Toys,MATTEL,434.28,289.19,3.63,Yes,7251
57267,himalaya Protein Active 3,Health,Protein,HIMALAYA,3309.84,1519.55,5.0,No,8712
57268,Parle Personal Premium 2,Grocery,Personal Care,PARLE,157811.09,96863.5,4.48,Yes,7563
57269,Funskool Educational Plus 8,Toys,Educational,FUNSKOOL,15921.82,10822.85,3.11,Yes,8356
57270,castrol Car X 4,Automotive,Car Accessories,CASTROL,168.05,88.7,3.31,Yes,8900
57271,UCB Footwear Air 2,Fashion,Footwear,UCB,3448.42,2167.14,2.53,Yes,7956
57272,Levis Sunglasses Mini 5,Fashion,Sunglasses,LEVIS,71231.05,32660.07,2.92,Yes,7021
57273,Amul Dairy Lite 5,Grocery,Dairy,AMUL,18333.32,12059.34,4.09,Yes,8475
57274,Fisher Price Board Edge 8,Toys,Board Games,FISHER PRICE,15534.97,10419.66,3.54,Yes,7796
57276,healthkart First X 9,Health,First Aid,HEALTHKART,492.31,256.94,3.57,Yes,8315
57277,TATA Snacks Pro 2,Grocery,Snacks,TATA,4271.92,823.58,3.69,Yes,8212
57278,S.Chand Non Mini 3,Books,Non Fiction,S.CHAND,8540.34,3449.97,4.98,Yes,7968
57279,Xiaomi Smartwatches Edge 9,Electronics,Smartwatches,XIAOMI,1347.52,764.8,3.6,Yes,8005
57280,Forest Essentials Makeup Pro 7,Beauty,Makeup,FOREST ESSENTIALS,2076.36,911.57,3.3,Yes,8115
57281,Fisher Price Soft Edge 2,Toys,Soft Toys,FISHER PRICE,16561.67,7949.12,4.08,Yes,8419
57282,Cosco Yoga Elite 9,Sports,Yoga,COSCO,655.97,320.86,3.89,Yes,8253
57283,Funskool Soft Max 6,Toys,Soft Toys,FUNSKOOL,752.93,393.28,2.8,Yes,7889
57284,Vega Tools Ultra 2,Automotive,Tools,VEGA,40563.56,20468.87,3.17,No,7310
57285,HUL Staples Active 1,Grocery,Staples,HUL,333.5,154.05,4.95,Yes,8194
57286,Bosch Tools X 4,Automotive,Tools,BOSCH,816.62,534.47,3.21,Yes,7708
57287,Vega Tools Active 8,Automotive,Tools,VEGA,283279.91,189756.36,4.49,Yes,8213
57288,Abbott Vitamins Edge 2,Health,Vitamins,ABBOTT,36400.61,24223.09,4.09,Yes,8169
57289,Cosco Running Smart 8,Sports,Running,COSCO,889.04,493.48,3.04,Yes,8100
57290,Abbott Protein Active 4,Health,Protein,ABBOTT,67147.46,41085.01,4.52,Yes,8620
57291,Realme Tablets Ultra 8,Electronics,Tablets,REALME,2039.77,1146.36,4.4,Yes,8941
57292,Havells Garden Elite 3,Home Kitchen,Garden,HAVELLS,919.01,416.03,3.65,Yes,7802
57293,Pigeon Cookware Edge 1,Home Kitchen,Cookware,PIGEON,634.69,323.17,2.67,Yes,8655
57294,Butterfly Lighting Elite 6,Home Kitchen,Lighting,BUTTERFLY,245.03,161.4,3.66,Yes,7080
57295,Hasbro Educational Elite 3,Toys,Educational,HASBRO,14707.6,8323.43,4.57,Yes,7537
57296,Himalaya Ayurveda Premium 4,Health,Ayurveda,HIMALAYA,615.36,314.57,3.98,Yes,8924
57297,Nike Sports Shoes Pro,Electronics,Gaming,LENOVO,541.44,363.69,3.6,No,7269
57298,Prestige Bedding Elite 4,Home Kitchen,Bedding,PRESTIGE,1906.29,1000.34,4.29,No,8278
57299,Castrol Car Air 3,Automotive,Car Accessories,CASTROL,28672.86,11760.15,3.23,No,8855
57300,MRF Cricket Neo 7,Sports,Cricket,MRF,7620.04,3803.17,4.01,Yes,8370
57301,Vega Lubricants Ultra 3,Automotive,Lubricants,VEGA,222.1,177.68,3.89,Yes,7914
57302,Cipla Ayurveda Lite 1,Health,Ayurveda,CIPLA,210.98,125.71,3.29,Yes,7705
57303,Michelin Car X 2,Automotive,Car Accessories,MICHELIN,595.97,245.06,4.95,Yes,8031
57304,Pearson Non Ultra 1,Books,Non Fiction,PEARSON,720.38,509.34,3.67,Yes,7655
57305,Bajaj Storage Flex 4,Home Kitchen,Storage,BAJAJ,5758.51,2602.86,3.43,Yes,8954
57306,Pantene Mens Elite 5,Beauty,Mens Grooming,PANTENE,741.43,481.92949999999996,3.15,Yes,7177
57307,Nestle Cleaning Lite 2,Grocery,Cleaning,NESTLE,8862.51,3841.47,3.52,No,7784
57308,Reebok Badminton Premium 5,Sports,Badminton,REEBOK,878.69,594.49,3.18,Yes,7026
57309,Pantene Makeup Elite 8,Beauty,Makeup,PANTENE,841.01,571.66,4.06,Yes,7891
57310,Nestle Baby X 2,Grocery,Baby Products,NESTLE,830.42,354.72,3.29,Yes,7728
57311,Cipla Medical X 3,Health,Medical Devices,CIPLA,1903.93,1148.28,4.06,Yes,7237
57312,Fisher Price Action Plus 9,Toys,Action Figures,FISHER PRICE,173.26,111.22,4.92,Yes,7715
57313,Adidas Jewellery Lite 8,Fashion,Jewellery,ADIDAS,5851.21,3186.53,3.19,Yes,8611
57314,Dabur First Lite 5,Health,First Aid,DABUR,4330.56,2953.73,3.23,No,7380
57315,Abbott Protein Premium 8,Health,Unknown,ABBOTT,286598.49,137800.3,4.8,Yes,8032
57316,ITC Personal Air 5,Grocery,Personal Care,ITC,2018.37,1115.26,4.17,Yes,8977
57317,Reebok Cycling Lite 6,Sports,Cycling,REEBOK,642.98,384.56,3.06,Yes,7623
57318,Nikon Accessories Plus 6,Electronics,Accessories,NIKON,862.58,588.85,3.62,Yes,8955
57319,Milton Garden Elite 9,Home Kitchen,Garden,MILTON,993.39,581.09,4.1,No,7744
57320,HarperCollins Self Flex 7,Books,Self Help,HARPERCOLLINS,139.21,94.37,2.99,Yes,7483
57321,Samsung Galaxy M35 5G,Books,Academic,S.CHAND,630.93,376.22,3.89,Yes,8360
57322,Adidas Sunglasses Plus 9,Fashion,Sunglasses,ADIDAS,16512.59,10720.61,3.93,Yes,8158
57323,Lego Puzzles Pro 9,Toys,Puzzles,LEGO,19749.49,7970.55,4.96,No,7589
57324,Gillette Makeup Flex 1,Beauty,Makeup,GILLETTE,18670.6,7931.0,3.31,Yes,8388
57325,Vega Car Elite 4,Automotive,Car Accessories,VEGA,168391.98,134713.584,3.7,Yes,7176
57326,Cipla First Active 2,Health,First Aid,CIPLA,47728.7,21707.03,4.99,Yes,7108
57328,Hasbro Soft Smart 9,Toys,Soft Toys,HASBRO,5505.36,3090.03,3.39,Yes,8085
57329,OPPO Laptops Edge 6,Electronics,Laptops,OPPO,168.6,73.84,3.15,Yes,7276
57330,Milton Garden Plus 8,Home Kitchen,Garden,MILTON,1118.79,559.34,2.92,No,8165
57331,Yonex Cycling Smart 9,Sports,Cycling,YONEX,100.28,41.74,3.33,Yes,8248
57332,Prestige Bedding Plus 1,Home Kitchen,Bedding,PRESTIGE,33161.68,19365.63,2.63,No,8530
57333,Vivo Smartwatches Flex 7,Electronics,Smartwatches,VIVO,3035.06,1383.6,3.76,Yes,8447
57334,Usha Furniture Flex 4,Home Kitchen,Furniture,USHA,732.58,512.806,4.11,Yes,8259
57335,Under Armour Yoga Mini 6,Sports,Yoga,UNDER ARMOUR,2326.94,1602.38,3.7,Yes,7135
57336,Oxford Fiction Active 6,Books,Fiction,OXFORD,2186.7,982.24,4.04,Yes,8375
57337,MRF Badminton Smart 7,Sports,Badminton,MRF,71624.81,49629.22,4.51,No,8269
57338,Arihant Biographies Ultra 1,Books,Biographies,ARIHANT,494.74,335.33,2.78,Yes,7022
57339,Healthkart Supplements Smart 6,Health,Supplements,HEALTHKART,31216.5,18534.07,4.28,Yes,8874
57340,Xiaomi Laptops Neo 9,Electronics,Laptops,XIAOMI,16401.08,6660.33,4.65,Yes,8377
57341,Pigeon Storage Smart 9,Home Kitchen,Storage,PIGEON,1034.61,443.39,2.66,Yes,8297
57342,Castrol Tyres Plus 4,Automotive,Tyres,CASTROL,77148.69,46204.92,4.25,Yes,8325
57343,Decathlon Yoga Lite 3,Sports,Yoga,DECATHLON,1512.1,916.95,4.62,No,7827
57344,Nivea Haircare Edge 1,Beauty,Haircare,NIVEA,9799.76,4353.05,3.68,Yes,8845
57345,Lakme Haircare Flex 7,Beauty,Haircare,LAKME,18609.12,10618.12,5.0,Yes,8198
57346,Hasbro Educational Mini 8,Toys,Educational,HASBRO,5058.71,3079.49,4.35,Yes,8468
57347,MRF Running Mini 1,Sports,Running,MRF,730.04,424.24,4.62,Yes,8055
57348,Himalaya Protein Pro 7,Health,Protein,HIMALAYA,451.14,205.1,4.0,Yes,8987
57349,Scholastic Biographies Ultra 3,Books,Biographies,SCHOLASTIC,290279.03,163787.71,3.65,Yes,8219
57350,Fisher Price Puzzles Max 2,Toys,Puzzles,FISHER PRICE,553.23,229.05,3.74,Yes,7806
57351,puma Jewellery Flex 4,Fashion,Jewellery,PUMA,69450.94,33310.44,3.51,Yes,7888
57352,Tanishq Footwear Neo 8,Fashion,Footwear,TANISHQ,867.81,373.18,3.59,Yes,8192
57353,Speedo Cycling Mini 4,Sports,Cycling,SPEEDO,937.74,511.5,3.82,Yes,7754
57354,Gillette Haircare Max 3,Beauty,Haircare,GILLETTE,3315.5699999999997,2155.1205,4.46,Yes,8680
57355,Scholastic Academic Edge 7,Books,Academic,SCHOLASTIC,340.79,223.27,3.68,Yes,8108
57356,Fast&Up Vitamins Lite 9,Health,Vitamins,FAST&UP,32776.43,21505.27,4.6,No,7291
57357,muscleblaze First Ultra 3,Health,First Aid,MUSCLEBLAZE,3305.83,1899.22,2.75,Yes,7016
57358,Pigeon Storage Pro 3,Home Kitchen,Storage,PIGEON,106202.21,45660.98,2.71,No,8831
57359,woodland Women Lite 8,Fashion,Women Clothing,WOODLAND,1776.97,1027.48,3.59,Yes,8287
57360,Vega Tools Mini 2,Automotive,Tools,VEGA,183.59,76.33,3.27,Yes,7741
57361,Speedo Swimming Edge 7,Sports,Swimming,SPEEDO,248.89,129.34,4.97,Yes,7187
57362,Michelin Tyres Ultra 2,Automotive,Tyres,MICHELIN,69073.3,48932.79,3.35,Yes,7055
57363,Bajaj Appliances Edge 3,Home Kitchen,Appliances,BAJAJ,14047.87,9661.95,2.88,Yes,8077
57364,Dabur Protein Mini 4,Health,Protein,DABUR,17517.96,9334.05,3.01,Yes,7463
57365,Webby Action Smart 7,Toys,Action Figures,WEBBY,2987.27,1204.67,3.81,Yes,8384
57366,Louis Philippe Jewellery Ultra 1,Fashion,Jewellery,LOUIS PHILIPPE,330.36,203.52,4.4,Yes,8785
57367,Tata Beverages Active 5,Grocery,Beverages,TATA,16658.31,8819.75,2.58,Yes,7756
57368,Bosch Bike Mini 8,Automotive,Bike Accessories,BOSCH,666.62,451.24,4.76,Yes,7135
57369,Samsung Gaming Premium 5,Electronics,Gaming,SAMSUNG,183695.86,106715.6,4.83,No,8731
57370,Acer Laptops Plus 2,Electronics,Laptops,ACER,831.56,479.68,2.77,No,8800
57371,Prestige Decor Neo 1,Home Kitchen,Decor,PRESTIGE,18731.12,9927.95,2.82,No,7063
57372,Cosco Swimming Flex 7,Sports,Swimming,COSCO,976.84,609.58,4.27,Yes,7079
57373,Acer Smart Max 9,Electronics,Smart Tvs,ACER,813.6,375.28,3.69,Yes,8882
57374,Prestige Bedding X 5,Home Kitchen,Bedding,PRESTIGE,899.54,621.43,3.41,Yes,8548
57375,Reebok Badminton Premium 2,Sports,Badminton,REEBOK,4869.09,3240.13,2.52,Yes,7593
57376,Philips Cookware X 5,Home Kitchen,Cookware,PHILIPS,443.57,250.72,4.35,Yes,7714
57377,Levis Bags Active 5,Fashion,Bags,LEVIS,17821.7,11283.21,3.34,Yes,7743
57378,Gillette Fragrances Flex 6,Beauty,Fragrances,GILLETTE,286.59,134.41,4.22,Yes,7519
57379,Penguin Fiction Smart 8,Books,Fiction,PENGUIN,30782.41,14023.94,3.93,Yes,7961
57380,Dabur Personal Premium 9,Grocery,Personal Care,DABUR,73174.68,42058.04,4.34,No,8801
57381,Xiaomi Smartwatches Edge 6,Electronics,Smartwatches,XIAOMI,59124.06,29713.25,2.54,Yes,8300
57382,Nestle Personal Lite 8,Grocery,Personal Care,NESTLE,66042.53,32802.62,3.93,Yes,7033
57383,Under Armour Fitness Plus 9,Sports,Fitness Equipment,UNDER ARMOUR,18261.0,9175.68,4.66,Yes,7369
57384,Pigeon Lighting Neo 3,Home Kitchen,Lighting,PIGEON,12990.92,9035.84,2.61,Yes,8876
57385,Webby Puzzles X 8,Toys,Puzzles,WEBBY,77792.18,32005.98,3.44,Yes,7252
57386,Titan Footwear Active 3,Fashion,Unknown,TITAN,2887.54,1536.78,3.7,Yes,8508
57387,Himalaya Supplements Air 6,Health,Supplements,HIMALAYA,13109.95,5520.08,3.75,Yes,7698
57388,Lego Board Neo 9,Toys,Board Games,LEGO,2283.94,1587.71,3.2,Yes,8580
57389,Mattel Remote Pro 4,Toys,Remote Control,MATTEL,155107.21,96181.37,2.93,Yes,7209
57390,Himalaya Protein X 3,Health,Protein,HIMALAYA,42002.31,24394.14,3.57,Yes,8697
57391,3M Tyres Edge 9,Automotive,Tyres,3M,265866.13,187651.77,2.97,Yes,7971
57392,Milton Cookware Mini 1,Home Kitchen,Cookware,MILTON,208.98,139.33,4.49,No,8976
57393,healthkart Ayurveda Neo 8,Health,Ayurveda,HEALTHKART,947.98,655.98,4.21,Yes,8295
57394,Boat Rockerz 550,Grocery,Cleaning,TATA,201279.0,101869.17,2.83,Yes,7310
57395,Webby Soft Active 7,Toys,Soft Toys,WEBBY,294238.34,172684.48,3.88,No,8278
57396,SG Badminton Mini 3,Sports,Badminton,SG,35120.19,18302.22,4.01,Yes,7045
57397,Woodland Bags Pro 9,Fashion,Bags,WOODLAND,474.85,229.6,4.37,Yes,7872
57398,Fast&Up Vitamins Elite 1,Health,Vitamins,FAST&UP,4380.75,2959.07,4.54,Yes,7924
57399,LG Smart Air 9,Electronics,Smart Tvs,LG,3749.75,2673.63,2.72,Yes,7899
57400,Abbott Ayurveda Edge 7,Health,Ayurveda,ABBOTT,10889.87,4556.69,3.18,Yes,8024
57401,Britannia Baby Plus 3,Grocery,Baby Products,BRITANNIA,1279.02,539.06,2.54,Yes,8500
57402,S.Chand Academic Mini 2,Books,Academic,S.CHAND,480.75,337.78,4.19,Yes,7684
57403,Usha Furniture Active 3,Home Kitchen,Furniture,USHA,1187.07,512.48,4.86,Yes,7475
57404,Lenovo Smartwatches Premium 7,Electronics,Smartwatches,LENOVO,18018.83,8617.86,4.02,Yes,7776
57405,Steelbird Tools Edge 1,Automotive,Tools,STEELBIRD,415.16,286.78,3.72,Yes,8718
57406,Biotique Fragrances Edge 3,Beauty,Fragrances,BIOTIQUE,47480.1,21318.27,4.65,Yes,8966
57407,Sony Cameras Lite 7,Electronics,Cameras,SONY,33457.13,21726.29,4.35,Yes,7311
57408,Yonex Swimming Active 1,Sports,Swimming,YONEX,3364.88,2385.65,4.2,No,7814
57409,Dabur Protein Smart 3,Health,Protein,DABUR,265.14,179.64,3.44,No,8497
57410,pigeon Bedding Neo 3,Home Kitchen,Bedding,PIGEON,12902.6,8952.61,2.51,Yes,8650
57411,Cosco Cycling Flex 2,Sports,Cycling,COSCO,809.48,438.7,4.84,Yes,8032
57412,Himalaya Supplements Plus 1,Health,Supplements,HIMALAYA,249.56,153.38,3.83,Yes,8566
57413,Muscleblaze Ayurveda Pro 8,Health,Ayurveda,MUSCLEBLAZE,301.53,151.07,4.46,Yes,7644
57414,Fisher Price Educational Mini 2,Toys,Educational,FISHER PRICE,100803.36,51014.54,2.51,Yes,7528
57415,Adidas Sunglasses Smart 1,Fashion,Sunglasses,ADIDAS,11127.53,7170.05,3.15,Yes,8080
57416,Steelbird Car Max 3,Automotive,Car Accessories,STEELBIRD,45305.04,24475.5,2.69,Yes,7975
57417,STEELBIRD Tyres Active 5,Automotive,Tyres,STEELBIRD,599.41,334.2,4.57,Yes,7256
57418,JBL Laptops Edge 6,Electronics,Laptops,JBL,52409.83,26747.33,3.04,Yes,8469
57419,Fastrack Kids Plus 4,Fashion,Kids Wear,FASTRACK,40265.76,20967.41,2.98,Yes,7907
57421,Oxford Academic Lite 6,Books,Academic,OXFORD,11496.33,6317.97,2.57,Yes,7525
57422,Under Armour Cycling Premium 6,Sports,Cycling,UNDER ARMOUR,443.58,311.98,4.33,Yes,8313
57423,Borosil Furniture Air 8,Home Kitchen,Furniture,BOROSIL,1677.17,725.41,3.73,Yes,7692
57424,Boat Headphones Active 9,Electronics,Headphones,BOAT,179217.02,161295.318,4.99,Yes,8689
57425,Nestle Fruits Neo 9,Grocery,Fruits Vegetables,NESTLE,4083.5,2543.16,4.99,No,7207
57426,Tanishq Watches Flex 8,Fashion,Watches,TANISHQ,3649.5,2223.93,4.48,Yes,8898
57427,HARPERCOLLINS Academic Mini 1,Books,Academic,HARPERCOLLINS,642.96,410.17,3.56,Yes,7007
57428,Louis Philippe Footwear X 2,Fashion,Footwear,LOUIS PHILIPPE,864.69,481.83,4.12,Yes,8880
57429,Michelin Tyres Elite 6,Automotive,Tyres,MICHELIN,1526.0,742.17,2.82,Yes,7283
57430,Maybelline Skincare Active 6,Beauty,Skincare,MAYBELLINE,11229.19,8046.29,3.46,No,8653
57431,OnePlus Laptops Lite 9,Electronics,Laptops,ONEPLUS,31577.2,15892.65,2.54,No,7230
57432,Lego Puzzles Pro 2,Toys,Puzzles,LEGO,7550.46,3872.14,4.97,No,7833
57433,Van Heusen Jewellery Pro 5,Fashion,Jewellery,VAN HEUSEN,102.13,69.92,3.54,Yes,7928
57434,Ok Play Remote Active 4,Toys,Remote Control,OK PLAY,6337.17,2943.61,2.79,Yes,7485
57435,Dabur Medical X 4,Health,Medical Devices,DABUR,239.29,118.13,2.53,Yes,8462
57436,Shell Tools Neo 7,Automotive,Tools,SHELL,189334.06,81137.69,4.77,Yes,7910
57437,Muscleblaze Protein Lite 9,Health,Protein,MUSCLEBLAZE,18407.23,8486.73,3.92,Yes,7335
57438,Biotique Haircare Premium 3,Beauty,Haircare,BIOTIQUE,123.55,72.42,4.98,Yes,8349
57439,Lakme Fragrances Mini 1,Beauty,Fragrances,LAKME,80224.85,42395.35,4.19,Yes,8204
57440,Boat Rockerz 550,Fashion,Jewellery,ZARA,4674.29,2673.58,3.39,Yes,7874
57441,Fastrack Bags Pro 2,Fashion,Bags,FASTRACK,8115.23,4596.67,3.96,Yes,8101
57442,LOreal Makeup Plus 2,Beauty,Makeup,LOREAL,5525.51,2551.46,4.98,Yes,8144
57443,Under Armour Fitness Smart 7,Sports,Fitness Equipment,UNDER ARMOUR,15929.71,6730.93,2.69,Yes,8387
57444,Tanishq Watches Smart 4,Fashion,Watches,TANISHQ,72253.81,49333.34,3.97,Yes,7898
57445,Parle Cleaning Edge 3,Grocery,Cleaning,PARLE,769.03,529.88,3.45,No,8078
57446,britannia Baby Ultra 6,Grocery,Baby Products,BRITANNIA,55191.65,23404.76,4.1,No,7423
57447,Dove Fragrances Pro 1,Beauty,Fragrances,DOVE,4439.48,2885.662,5.0,Yes,7885
57448,Canon Mobiles Lite 6,Electronics,Mobiles,CANON,2412.94,1296.34,4.68,Yes,8613
57450,Bosch Tyres Air 9,Automotive,Tyres,BOSCH,4890.24,2378.48,3.79,Yes,7772
57451,H&M Bags Smart 4,Fashion,Bags,H&M,63580.28,38148.168,4.34,Yes,7942
57452,Himalaya First Mini 8,Health,First Aid,HIMALAYA,384.86,240.66,2.51,No,8586
57453,Logitech Smartwatches Mini 2,Electronics,Smartwatches,LOGITECH,17440.39,8135.53,3.12,Yes,8384
57454,Lakme Mens Plus 1,Beauty,Mens Grooming,LAKME,287.37,151.41,4.51,Yes,8632
57455,Boat Rockerz 550,Beauty,Fragrances,NIVEA,2179.41,1337.49,4.8,No,8517
57456,Under Armour Running Premium 3,Sports,Running,UNDER ARMOUR,1228.73,743.3,4.18,Yes,7908
57457,Prestige Cookware Ultra 6,Home Kitchen,Cookware,PRESTIGE,795.06,491.12,2.57,Yes,7863
57458,Amul Baby Active 3,Grocery,Baby Products,AMUL,4592.3,3249.6,4.74,Yes,7981
57459,Maybelline Mens Elite 3,Beauty,Mens Grooming,MAYBELLINE,759.43,491.13,3.96,Yes,8775
57460,Scholastic Children Smart 7,Books,Children Books,SCHOLASTIC,11747.47,8079.98,4.24,No,7987
57461,Dabur Personal X 3,Grocery,Personal Care,DABUR,101.71,51.99,3.17,Yes,8889
57462,Hasbro Remote Air 9,Toys,Remote Control,HASBRO,278149.71,115468.51,2.7,No,7891
57463,Reebok Running Smart 2,Sports,Running,REEBOK,338.36,158.59,4.71,Yes,7274
57464,Britannia Snacks Pro 7,Grocery,Snacks,BRITANNIA,731.75,401.13,3.86,Yes,7817
57465,HUL Cleaning Air 9,Grocery,Cleaning,HUL,2335.03,1016.38,2.51,Yes,8884
57466,P&G Staples Air 2,Grocery,Staples,P&G,8397.81,5842.32,3.68,Yes,7293
57467,Cosco Cricket Edge 5,Sports,Cricket,COSCO,234.57,145.93,4.5,Yes,7076
57468,Samsung Gaming Pro 5,Electronics,Unknown,SAMSUNG,19749.43,13074.65,2.62,Yes,8569
57469,Under Armour Yoga Neo 3,Sports,Yoga,UNDER ARMOUR,68069.27,46910.19,2.53,No,7160
57470,Hasbro Remote Premium 5,Toys,Remote Control,HASBRO,224530.59,91993.89,2.75,Yes,8622
57471,Boat Rockerz 550,Sports,Cycling,UNDER ARMOUR,784.08,493.33,4.71,No,7464
57472,Boat Rockerz 550,Health,Supplements,DABUR,202.7,111.83,4.74,Yes,8626
57473,Vivo Cameras Max 6,Electronics,Cameras,VIVO,21337.84,14131.51,3.76,No,7520
57474,Britannia Staples Edge 3,Grocery,Staples,BRITANNIA,930.97,597.47,3.92,No,8892
57475,MRF Cricket Air 8,Sports,Cricket,MRF,1096.7,727.73,2.83,Yes,8659
57476,SG Yoga Lite 7,Sports,Yoga,SG,409.01,291.6,3.26,Yes,7802
57477,Mattel Puzzles Flex 7,Toys,Puzzles,MATTEL,730.13,462.83,4.26,Yes,7365
57478,H&M Jewellery Neo 9,Fashion,Jewellery,H&M,64130.49,35185.94,4.17,Yes,8782
57479,Butterfly Appliances Edge 3,Home Kitchen,Appliances,BUTTERFLY,470.66,323.21,3.53,Yes,8798
57480,Castrol Bike Mini 5,Automotive,Bike Accessories,CASTROL,2258.99,1153.69,4.44,Yes,8085
57481,Speedo Cycling Active 4,Sports,Cycling,SPEEDO,8782.64,4687.08,4.4,Yes,8484
57482,Bosch Tools Ultra 3,Automotive,Tools,BOSCH,607.55,393.46,3.96,Yes,8865
57483,Oxford Fiction Ultra 2,Books,Fiction,OXFORD,3691.3,2402.71,3.11,Yes,7083
57484,Vega Lubricants Elite 2,Automotive,Lubricants,VEGA,1165.82,776.55,3.59,Yes,7747
57485,Realme Cameras Elite 7,Electronics,Cameras,REALME,541.76,288.08,4.4,Yes,8566
57486,Borosil Cookware Air 9,Home Kitchen,Cookware,BOROSIL,58242.63,24661.41,4.91,Yes,8052
57487,Vega Bike Premium 6,Automotive,Bike Accessories,VEGA,36179.87,23657.83,3.28,Yes,7106
57488,Usha Appliances Flex 5,Home Kitchen,Appliances,USHA,7883.66,4455.22,4.39,No,8069
57489,Titan Kids Max 7,Fashion,Kids Wear,TITAN,30221.72,12632.05,4.65,Yes,8639
57490,Maybelline Haircare Plus 4,Beauty,Haircare,MAYBELLINE,12331.12,6633.73,3.34,Yes,8916
57491,Nestle Beverages Elite 3,Grocery,Beverages,NESTLE,1139.03,772.81,4.23,Yes,8422
57492,Under Armour Fitness Elite 8,Sports,Fitness Equipment,UNDER ARMOUR,5397.93,3010.12,3.28,Yes,7679
57493,Shell Tyres Plus 3,Automotive,Tyres,SHELL,2047.3,1034.9,2.79,Yes,7668
57494,Pantene Mens Ultra 1,Beauty,Mens Grooming,PANTENE,824.27,537.48,4.06,Yes,7650
57495,Maybelline Makeup Pro 2,Beauty,Makeup,MAYBELLINE,67317.48,34467.47,4.41,Yes,8531
57496,Webby Action Max 8,Toys,Action Figures,WEBBY,865.82,597.73,2.84,Yes,7728
57497,Pearson Non Neo 5,Books,Non Fiction,PEARSON,33733.27,15080.72,3.26,Yes,8711
57498,Oxford Academic Smart 9,Books,Academic,OXFORD,3746.53,1553.45,2.88,Yes,8857
57499,S.Chand Self Elite 9,Books,Self Help,S.CHAND,8919.95,6117.55,3.0,Yes,8748
57500,Woodland Kids Ultra 3,Fashion,Kids Wear,WOODLAND,69258.98,39970.44,4.98,Yes,8341
57501,HarperCollins Children Premium 7,Books,Children Books,HARPERCOLLINS,623.43,384.92,3.99,Yes,8411
57502,Under Armour Yoga Mini 8,Sports,Unknown,UNDER ARMOUR,457.05,281.28,4.6,Yes,7368
57503,Michelin Lubricants Active 5,Automotive,Lubricants,MICHELIN,2450.8,1179.95,3.78,No,8619
57504,HarperCollins Academic Max 6,Books,Academic,HARPERCOLLINS,1139.87,460.97,4.2,Yes,8110
57505,Muscleblaze Medical Elite 6,Health,Medical Devices,MUSCLEBLAZE,1556.58,768.27,3.88,No,8524
57506,Dell Mobiles Max 8,Electronics,Mobiles,DELL,51896.14,36209.45,3.15,No,8844
57507,Britannia Dairy X 6,Grocery,Dairy,BRITANNIA,393.96,185.73,4.95,No,7968
57508,Nike Sports Shoes Pro,Health,Ayurveda,FAST&UP,237006.14,139717.96,3.15,Yes,7284
57509,Muscleblaze Medical Mini 3,Health,Medical Devices,MUSCLEBLAZE,298.21,167.25,2.54,Yes,8829
57510,Bata Women Mini 4,Fashion,Unknown,BATA,14545.07,7014.15,2.51,Yes,7017
57511,Ok Play Soft Max 4,Toys,Soft Toys,OK PLAY,5304.52,3386.32,3.05,Yes,8757
57512,Shell Car Smart 2,Automotive,Car Accessories,SHELL,4237.615,3390.092,4.41,Yes,8174
57513,Britannia Dairy X 4,Grocery,Dairy,BRITANNIA,4544.23,2910.11,3.4,Yes,8137
57514,Scholastic Non Air 4,Books,Non Fiction,SCHOLASTIC,29972.14,20126.77,2.98,No,7282
57515,Cosco Running Max 9,Sports,Running,COSCO,45246.74,18700.51,3.64,Yes,8511
57516,Hasbro Soft Plus 9,Toys,Soft Toys,HASBRO,773.59,491.28,4.46,Yes,8113
57517,Woodland Men Elite 8,Fashion,Men Clothing,WOODLAND,39322.34,27989.1,2.83,Yes,7644
57518,Arihant Biographies Pro 2,Books,Biographies,ARIHANT,169149.16,104602.22,3.85,Yes,8564
57519,Levis Men Edge 5,Fashion,Men Clothing,LEVIS,3360.06,1588.95,2.63,Yes,8787
57520,Webby Action Air 9,Toys,Action Figures,WEBBY,102.4,49.01,3.76,Yes,7765
57521,SG Fitness Mini 4,Sports,Unknown,SG,64294.62,34980.57,2.8,Yes,7859
57522,Lakme Skincare Pro 5,Beauty,Skincare,LAKME,12712.73,6124.39,3.99,Yes,8195
57523,Mattel Puzzles Max 2,Toys,Puzzles,MATTEL,6601.2,3969.01,2.9,No,8424
57524,Arihant Fiction Smart 3,Books,Fiction,ARIHANT,698.3,305.27,2.83,Yes,8169
57525,Hasbro Puzzles Mini 5,Toys,Puzzles,HASBRO,2824666.92,2011207.54,4.6,Yes,8515
57526,Lego Action Lite 7,Toys,Action Figures,LEGO,341.01,142.45,4.45,No,8915
57527,harpercollins Children Lite 6,Books,Children Books,HARPERCOLLINS,19408.06,9704.03,4.37,Yes,7972
57528,Lakme Fragrances Ultra 8,Beauty,Fragrances,LAKME,838.02,389.1,4.82,Yes,8318
57529,Pigeon Cookware Smart 1,Home Kitchen,Cookware,PIGEON,13868.29,8564.73,2.72,No,7742
57530,LOreal Mens Smart 7,Beauty,Mens Grooming,LOREAL,292.95,189.08,4.04,Yes,7648
57531,Puma Women Pro 3,Fashion,Women Clothing,PUMA,29445.22,15207.77,4.5,Yes,8009
57532,Castrol Bike Lite 4,Automotive,Bike Accessories,CASTROL,688.9,327.86,4.35,Yes,8991
57533,Prestige Lighting Edge 2,Home Kitchen,Lighting,PRESTIGE,22907.08,14286.81,4.69,No,7180
57534,Scholastic Fiction Pro 2,Books,Fiction,SCHOLASTIC,274382.07,136466.16,4.0,No,7543
57535,Cosco Cricket Neo 8,Sports,Cricket,COSCO,4305.41,1820.96,4.62,Yes,7018
57536,Patanjali Staples Air 3,Grocery,Staples,PATANJALI,709.31,480.17,3.26,Yes,7235
57537,Adidas Bags Plus 7,Fashion,Bags,ADIDAS,14777.58,6924.08,2.62,Yes,7544
57538,Bosch Tyres Neo 3,Automotive,Tyres,BOSCH,139.74,111.79200000000002,2.81,No,8076
57539,Yonex Cricket Neo 9,Sports,Cricket,YONEX,233427.95,144622.7,4.82,Yes,7556
57540,Reebok Cycling Smart 5,Sports,Cycling,REEBOK,2569.25,1124.92,2.79,Yes,8582
57541,Adidas Bags Smart 2,Fashion,Bags,ADIDAS,71560.6,42043.78,3.36,No,8377
57542,Vega Bike Edge 7,Automotive,Bike Accessories,VEGA,816.5,361.61,4.4,Yes,7659
57543,3M Lubricants Max 1,Automotive,Lubricants,3M,1030.95,430.56,3.19,Yes,7203
57544,Boat Smartwatches X 6,Electronics,Smartwatches,BOAT,901.88,545.24,3.97,No,8500
57545,Muscleblaze First Max 3,Health,First Aid,MUSCLEBLAZE,90312.2,60492.51,2.89,Yes,7018
57546,Speedo Yoga Lite 1,Sports,Yoga,SPEEDO,29082.51,17980.27,4.71,Yes,7901
57547,Mattel Action X 9,Toys,Action Figures,MATTEL,297.25,160.99,4.02,Yes,7978
57548,Ok Play Educational X 9,Toys,Educational,OK PLAY,218861.5,144111.01,3.03,Yes,8581
57549,Oxford Biographies Air 1,Books,Biographies,OXFORD,383.91,224.47,3.45,Yes,7083
57550,Lakme Haircare Edge 6,Beauty,Haircare,LAKME,40089.25,26100.9,3.65,No,8485
57551,Mattel Educational Ultra 1,Toys,Educational,MATTEL,2983.18,1804.35,4.48,Yes,8844
57552,dove Haircare Mini 2,Beauty,Haircare,DOVE,265195.37,171222.97,4.19,Yes,8332
57553,Lakme Haircare Max 4,Beauty,Haircare,LAKME,12766.32,6476.2,2.84,Yes,7144
57554,Vega Tools Elite 6,Automotive,Tools,VEGA,2080.87,1388.87,4.98,Yes,7641
57555,Dabur Baby Max 1,Grocery,Baby Products,DABUR,6989.49,3727.38,4.59,No,8686
57556,Under Armour Badminton Lite 7,Sports,Badminton,UNDER ARMOUR,905.23,406.07,4.75,No,8875
57557,Acer Tablets Edge 8,Electronics,Tablets,ACER,13185.45,5842.38,2.96,Yes,7997
57558,Cosco Swimming Elite 5,Sports,Swimming,COSCO,44856.0,25987.01,3.89,Yes,7048
57559,Nivia Yoga Ultra 3,Sports,Yoga,NIVIA,4805.23,3378.63,2.81,Yes,8726
57560,Puma Sunglasses Plus 8,Fashion,Sunglasses,PUMA,59387.38,30645.11,3.48,Yes,7383
57561,Nike Sunglasses Smart 1,Fashion,Sunglasses,NIKE,144.71,63.73,4.32,No,8636
57562,Tata Dairy Active 8,Grocery,Dairy,TATA,7660.52,5297.9,2.55,Yes,7988
57563,BIOTIQUE Haircare Mini 1,Beauty,Haircare,BIOTIQUE,4409.31,2736.53,3.24,Yes,7504
57564,OK PLAY Educational Ultra 1,Toys,Educational,OK PLAY,666.63,271.8,4.13,No,8995
57565,Mattel Soft Neo 2,Toys,Soft Toys,MATTEL,323.87,220.14,5.0,Yes,8006
57566,louis philippe Bags Edge 3,Fashion,Bags,LOUIS PHILIPPE,14374.12,7333.68,4.29,Yes,8606
57567,Logitech Headphones Elite 8,Electronics,Headphones,LOGITECH,3191.11,1757.61,4.25,No,7054
57568,SG Cycling Flex 3,Sports,Cycling,SG,3945.7,1824.6,4.09,Yes,7405
57569,OnePlus Mobiles Air 5,Electronics,Mobiles,ONEPLUS,2250.9,1184.14,4.6,No,7397
57570,Steelbird Lubricants Lite 6,Automotive,Lubricants,STEELBIRD,2213.58,1006.67,3.45,Yes,8142
57571,UCB Bags Edge 8,Fashion,Bags,UCB,3414222.97,1431385.65,4.08,No,8837
57572,Lego Action Premium 3,Toys,Action Figures,LEGO,149268.26,99307.39,3.11,Yes,7353
57573,Boat Rockerz 550,Fashion,Bags,BATA,4296.35,1927.22,4.46,Yes,7279
57574,Woodland Kids Ultra 9,Fashion,Kids Wear,WOODLAND,511.31,254.51,2.62,Yes,8722
57575,Decathlon Running X 7,Sports,Running,DECATHLON,442.98,212.32,3.97,Yes,7222
57576,Dabur Snacks Elite 1,Grocery,Snacks,DABUR,300.32,152.57,4.12,No,7174
57577,Oxford Fiction Ultra 6,Books,Fiction,OXFORD,125509.23,79924.14,4.77,Yes,7077
57578,Puma Bags Edge 7,Fashion,Bags,PUMA,793.42,456.91,4.19,Yes,8391
57579,Himalaya Supplements Elite 7,Health,Supplements,HIMALAYA,714.94,360.05,4.87,Yes,7589
57580,Biotique Fragrances Active 4,Beauty,Fragrances,BIOTIQUE,3028.65,2019.43,3.74,Yes,8515
57581,TITAN Footwear Flex 3,Fashion,Footwear,TITAN,12122.98,7296.32,4.82,Yes,7067
57582,MRF Badminton Ultra 7,Sports,Badminton,MRF,2359.16,1354.79,4.37,No,8034
57583,Pearson Fiction X 4,Books,Fiction,PEARSON,256761.82,121674.5,2.59,Yes,7267
57584,Bosch Bike Max 7,Automotive,Bike Accessories,BOSCH,77769.38,49740.6,4.93,Yes,8500
57585,Nivia Running Neo 4,Sports,Running,NIVIA,13524.96,6831.26,4.98,Yes,8096
57586,Dell Smartwatches Max 1,Electronics,Smartwatches,DELL,76286.71,32795.19,4.6,Yes,7912
57587,Usha Appliances Pro 1,Home Kitchen,Appliances,USHA,439.75,303.92,3.98,No,8775
57588,Hasbro Educational Pro 7,Toys,Educational,HASBRO,3129.44,1818.35,2.96,Yes,7694
57589,Pearson Non Mini 9,Books,Non Fiction,PEARSON,64851.05,41759.56,4.89,No,8921
57590,Abbott Supplements Active 6,Health,Supplements,ABBOTT,567.31,273.17,4.93,Yes,7752
57591,Oxford Children Active 8,Books,Children Books,OXFORD,368.52,164.32,4.18,Yes,8420
57592,Healthkart Medical Mini 4,Health,Medical Devices,HEALTHKART,2988.08,2060.65,4.3,Yes,7943
57593,Pearson Fiction Flex 8,Books,Fiction,PEARSON,3038.0,2077.26,4.95,Yes,8936
57594,HarperCollins Self X 5,Books,Self Help,HARPERCOLLINS,351.07,199.93,4.53,No,8200
57595,Cosco Badminton Active 9,Sports,Badminton,COSCO,2587.8,1623.61,2.9,Yes,7152
57596,Prestige Garden Lite 9,Home Kitchen,Garden,PRESTIGE,17420.19,7633.42,4.1,Yes,8663
57597,Decathlon Badminton Ultra 4,Sports,Badminton,DECATHLON,247644.15,149852.85,3.7,No,7695
57598,Orient Furniture Flex 5,Home Kitchen,Furniture,ORIENT,43641.32,19225.38,3.75,No,7560
57599,Oxford Fiction Elite 3,Books,Fiction,OXFORD,3663.32,1979.97,2.54,Yes,8310
57600,Britannia Dairy Ultra 5,Grocery,Dairy,BRITANNIA,2612.08,1727.41,2.85,Yes,8211
57601,Pearson Fiction Flex 1,Books,Fiction,PEARSON,3207.25,1432.35,4.32,Yes,7228
57602,Decathlon Running X 8,Sports,Unknown,DECATHLON,2061.77,1029.09,2.71,Yes,7435
57603,Oxford Fiction Lite 9,Books,Fiction,OXFORD,13696.43,6109.06,4.79,Yes,8363
57604,Ok Play Puzzles Pro 9,Toys,Puzzles,OK PLAY,737.02,513.08,3.08,No,8652
57605,ITC Cleaning Lite 8,Grocery,Cleaning,ITC,122142.32,68715.06,4.11,No,8317
57606,BAJAJ Cookware Active 6,Home Kitchen,Cookware,BAJAJ,16847.76,11043.35,3.85,Yes,7479
57607,HIMALAYA Medical Pro 1,Health,Medical Devices,HIMALAYA,2932.34,1283.64,3.02,Yes,8698
57608,Nestle Baby Plus 9,Grocery,Baby Products,NESTLE,52001.12,23172.62,2.75,Yes,8995
57609,Castrol Lubricants Plus 5,Automotive,Lubricants,CASTROL,2111.87,1122.51,3.67,Yes,7785
57610,Maybelline Haircare Lite 9,Beauty,Haircare,MAYBELLINE,504.23,244.73,4.57,Yes,7802
57611,Reebok Cycling Pro 8,Sports,Cycling,REEBOK,177.01,81.37,3.95,Yes,7250
57612,LOreal Mens X 4,Beauty,Mens Grooming,LOREAL,229460.17,109056.22,3.84,Yes,7133
57613,Healthkart Protein Premium 3,Health,Protein,HEALTHKART,983.11,416.03,4.67,Yes,7266
57614,Scholastic Biographies Lite 2,Books,Biographies,SCHOLASTIC,18736.34,12304.97,3.46,No,7950
57615,Fisher Price Board Active 2,Toys,Board Games,FISHER PRICE,17996.15,10742.63,3.47,No,7997
57616,Abbott First Air 4,Health,First Aid,ABBOTT,68047.12,46003.52,4.44,Yes,8453
57617,H&M Watches Pro 3,Fashion,Watches,H&M,1075.89,462.39,2.72,Yes,7484
57618,Funskool Action Neo 7,Toys,Action Figures,FUNSKOOL,729.39,379.22,3.34,Yes,8295
57619,Funskool Soft Pro 8,Toys,Soft Toys,FUNSKOOL,568.45,390.89,3.9,Yes,8677
57620,Decathlon Running Plus 3,Sports,Running,DECATHLON,2024.18,999.67,3.88,Yes,7126
57621,Bajaj Cookware Lite 8,Home Kitchen,Cookware,BAJAJ,4254.89,1956.87,3.99,Yes,7717
57622,3M Tyres X 5,Automotive,Tyres,3M,50390.23,21035.15,4.71,Yes,7537
57623,Nivia Cycling Mini 5,Sports,Cycling,NIVIA,188327.51,121209.32,3.86,Yes,8964
57624,Mattel Soft Premium 1,Toys,Soft Toys,MATTEL,19008.75,8282.53,4.33,Yes,7624
57625,Realme Smart Air 7,Electronics,Smart Tvs,REALME,4346.61,2762.81,3.87,Yes,7983
57626,Boat Cameras Edge 7,Electronics,Cameras,BOAT,3153.59,1287.73,4.95,Yes,8733
57627,Cipla Ayurveda Smart 3,Health,Ayurveda,CIPLA,62246.41,33232.66,4.55,Yes,7721
57628,Michelin Tools Flex 8,Automotive,Tools,MICHELIN,9877.05,4695.3,3.07,Yes,7806
57629,Asus Mobiles Smart 4,Electronics,Mobiles,ASUS,351.03,207.08,4.59,Yes,7463
57630,Fast&Up Vitamins Flex 2,Health,Vitamins,FAST&UP,177.32,82.07,3.21,Yes,8972
57631,Nivia Cycling Max 3,Sports,Cycling,NIVIA,217539.73,153718.81,5.0,Yes,7471
57632,Webby Educational Neo 1,Toys,Educational,WEBBY,646.8,270.76,3.15,Yes,7323
57633,Muscleblaze Protein Flex 6,Health,Protein,MUSCLEBLAZE,771.25,383.2,3.87,Yes,7163
57634,HarperCollins Children Air 4,Books,Children Books,HARPERCOLLINS,4094.0,2342.78,3.35,No,7526
57635,Under Armour Running Active 6,Sports,Running,UNDER ARMOUR,39701.82,22156.48,3.02,Yes,7613
57636,Webby Remote Flex 6,Toys,Remote Control,WEBBY,4188.75,2199.96,4.98,No,8206
57637,JBL Mobiles Elite 4,Electronics,Mobiles,JBL,41954.29,19678.89,3.38,Yes,8185
57638,Levis Men Pro 2,Fashion,Men Clothing,LEVIS,406.98,267.31,2.89,Yes,8493
57639,Sony Tablets Active 8,Electronics,Tablets,SONY,639.89,381.09,2.69,Yes,8371
57640,Peter England Bags Smart 4,Fashion,Bags,PETER ENGLAND,60998.2,27214.58,3.8,Yes,7960
57641,Arihant Fiction Pro 7,Books,Fiction,ARIHANT,3883.64,1991.11,4.87,Yes,7505
57642,Xiaomi Gaming Air 7,Electronics,Gaming,XIAOMI,1193.02,807.83,4.98,Yes,8162
57643,Steelbird Bike Mini 4,Automotive,Bike Accessories,STEELBIRD,4985.48,745.99,4.21,Yes,8475
57644,Nivia Swimming Lite 5,Sports,Swimming,NIVIA,788.32,508.27,3.02,Yes,8844
57646,himalaya Supplements Lite 1,Health,Supplements,HIMALAYA,59590.19,26390.02,3.04,No,7724
57647,Muscleblaze Vitamins Active 4,Health,Vitamins,MUSCLEBLAZE,16027.4,9616.44,4.69,Yes,7648
57648,Pearson Biographies Ultra 3,Books,Biographies,PEARSON,344.68,246.65,4.95,Yes,7763
57649,Nestle Dairy Premium 9,Grocery,Dairy,NESTLE,64008.04,38983.59,2.8,Yes,8964
57650,s.chand Biographies Pro 9,Books,Biographies,S.CHAND,8631.41,3849.02,2.73,Yes,8514
57651,Dabur Baby Premium 9,Grocery,Baby Products,DABUR,18501.42,13248.51,4.54,No,7716
57652,Noise Laptops Flex 5,Electronics,Laptops,NOISE,31616.88,21164.5,3.93,Yes,8244
57653,Oxford Biographies Smart 3,Books,Biographies,OXFORD,34115.12,23314.42,2.66,Yes,8864
57654,Dove Mens Lite 4,Beauty,Mens Grooming,DOVE,808.98,324.99,3.36,No,7583
57655,Hasbro Remote Pro 3,Toys,Remote Control,HASBRO,3287.86,1943.44,4.53,Yes,7426
57656,Dell Smartwatches Premium 4,Electronics,Smartwatches,DELL,2697.61,1217.39,4.24,Yes,8290
57657,Speedo Cricket Ultra 6,Sports,Cricket,SPEEDO,13452.58,9184.64,4.47,Yes,8779
57658,Reebok Cricket Active 3,Sports,Cricket,REEBOK,826.09,563.65,2.55,Yes,8330
57659,Pantene Fragrances Plus 9,Beauty,Fragrances,PANTENE,222.6,132.54,2.79,No,8576
57660,S.Chand Academic Ultra 6,Books,Academic,S.CHAND,612.94,284.23,3.66,Yes,8707
57661,Nivea Mens Smart 4,Beauty,Mens Grooming,NIVEA,53504.73,25158.1,3.33,Yes,7910
57662,Steelbird Tyres Lite 6,Automotive,Tyres,STEELBIRD,391.07,272.23,4.16,Yes,8640
57663,Webby Soft Premium 1,Toys,Soft Toys,WEBBY,390.46,270.2,2.71,Yes,8655
57664,Orient Appliances Active 5,Home Kitchen,Appliances,ORIENT,13435.37,6680.75,4.98,No,7844
57665,Scholastic Fiction Premium 4,Books,Fiction,SCHOLASTIC,165974.02,114806.13,2.7,Yes,8192
57666,Healthkart Medical Max 5,Health,Medical Devices,HEALTHKART,59122.07,38615.64,3.2,Yes,7347
57667,Arihant Self Premium 4,Books,Self Help,ARIHANT,62399.58,38226.47,3.91,Yes,7380
57668,Cipla Ayurveda Air 6,Health,Ayurveda,CIPLA,1976.92,1056.44,4.89,Yes,7963
57669,Nikon Smartwatches Premium 2,Electronics,Smartwatches,NIKON,11711.0,8130.57,3.96,Yes,8778
57670,UNDER ARMOUR Cycling Mini 7,Sports,Cycling,UNDER ARMOUR,50365.66,34463.01,4.21,No,8896
57671,Steelbird Tools X 2,Automotive,Tools,STEELBIRD,13747.66,8447.39,3.32,Yes,7758
57672,MRF Cricket Flex 3,Sports,Cricket,MRF,1473.91,821.97,2.81,Yes,7357
57673,Titan Bags Max 8,Fashion,Bags,TITAN,42120.41,20571.92,3.35,No,8167
57674,S.Chand Children Air 3,Books,Children Books,S.CHAND,4685.76,2212.49,3.53,Yes,8732
57675,Britannia Snacks Plus 7,Grocery,Snacks,BRITANNIA,15462.07,10360.91,4.13,Yes,8796
57676,Cosco Fitness X 5,Sports,Fitness Equipment,COSCO,76166.91,50146.67,3.04,Yes,8381
57677,Titan Watches Flex 1,Fashion,Watches,TITAN,58489.62,31525.64,5.0,Yes,8778
57678,Dabur Snacks Neo 6,Grocery,Snacks,DABUR,5901.86,2510.78,4.98,Yes,7549
57679,Maybelline Fragrances X 9,Beauty,Fragrances,MAYBELLINE,177.33,108.07,3.9,Yes,7643
57680,Philips Cookware Flex 9,Home Kitchen,Cookware,PHILIPS,13773.49,9395.06,3.5,Yes,8746
57681,OXFORD Fiction Lite 7,Books,Fiction,OXFORD,72333.18,31614.76,3.75,Yes,7454
57682,Speedo Badminton Mini 7,Sports,Badminton,SPEEDO,43532.44,24059.11,3.15,No,8371
57683,Samsung Accessories Lite 7,Electronics,Accessories,SAMSUNG,78884.16,38354.07,3.96,No,8944
57684,Muscleblaze Ayurveda Mini 7,Health,Ayurveda,MUSCLEBLAZE,1853.64,1078.56,4.24,Yes,8982
57685,Orient Cookware Lite 1,Home Kitchen,Cookware,ORIENT,442.99,194.16,4.84,Yes,7386
57686,LG Smart Ultra 3,Electronics,Smart Tvs,LG,2672.07,1116.63,3.98,Yes,8132
57687,Arihant Biographies Air 3,Books,Biographies,ARIHANT,15855.07,6787.53,2.82,Yes,7832
57688,Ok Play Remote Air 7,Toys,Remote Control,OK PLAY,879.12,433.37,3.84,No,8808
57689,Cosco Cricket Mini 8,Sports,Cricket,COSCO,3182.52,2154.11,4.28,Yes,8150
57690,Nivia Cricket Elite 9,Sports,Cricket,NIVIA,4008.13,2199.72,3.23,No,7067
57691,Shell Bike Neo 5,Automotive,Bike Accessories,SHELL,761.05,353.73,2.53,No,7331
57692,S.Chand Children Ultra 8,Books,Children Books,S.CHAND,59317.6,31960.25,3.78,Yes,8362
57693,Mattel Educational Premium 8,Toys,Educational,MATTEL,127.33,88.26,3.03,Yes,8495
57694,Castrol Bike X 8,Automotive,Bike Accessories,CASTROL,2420.87,1742.87,3.98,No,8042
57695,Nivea Mens Pro 2,Beauty,Mens Grooming,NIVEA,2021.67,1407.13,3.97,Yes,7138
57696,Borosil Lighting Flex 2,Home Kitchen,Lighting,BOROSIL,2601.74,1325.89,3.09,Yes,8905
57697,Nikon Accessories X 6,Electronics,Accessories,NIKON,3965.58,1964.56,4.43,Yes,8278
57698,3M Lubricants Edge 2,Automotive,Lubricants,3M,11043.92,7353.93,2.64,Yes,8187
57699,Fast&Up Protein Edge 6,Health,Protein,FAST&UP,4536.34,1826.48,3.2,No,8620
57700,Havells Bedding Elite 6,Home Kitchen,Bedding,HAVELLS,2433.66,1110.57,2.92,Yes,8837
57701,Peter England Women Premium 6,Fashion,Women Clothing,PETER ENGLAND,1674.77,1140.18,4.01,Yes,8471
57702,Hasbro Soft Ultra 7,Toys,Soft Toys,HASBRO,439.81,196.01,4.38,Yes,8444
57703,Ok Play Remote Elite 7,Toys,Remote Control,OK PLAY,945.79,649.09,3.23,Yes,8665
57704,S.Chand Academic Max 9,Books,Academic,S.CHAND,378.53,176.68,4.75,Yes,7675
57705,Lenovo Laptops Plus 3,Electronics,Laptops,LENOVO,305.25,191.89,4.33,Yes,7455
57706,Patanjali Staples Max 4,Grocery,Staples,PATANJALI,18174.08,10899.03,3.9,Yes,8966
57707,Peter England Sunglasses Plus 7,Fashion,Sunglasses,PETER ENGLAND,768.31,533.26,2.78,Yes,8065
57708,ITC Staples Pro 1,Grocery,Staples,ITC,411.05,234.4,4.2,Yes,8243
57709,Yonex Cycling Neo 6,Sports,Cycling,YONEX,9776.8,4223.63,4.21,No,7764
57710,Muscleblaze First Flex 1,Health,First Aid,MUSCLEBLAZE,36547.68,22757.33,2.68,Yes,7938
57711,Hasbro Soft Flex 8,Toys,Unknown,HASBRO,811.88,537.83,2.61,Yes,8750
57712,P&G Staples Mini 4,Grocery,Staples,P&G,4747.64,2304.1,3.7,No,7312
57713,Nivia Fitness Ultra 1,Sports,Fitness Equipment,NIVIA,102965.61,46505.64,2.8,No,7079
57714,Cosco Cricket Ultra 9,Sports,Cricket,COSCO,4782.42,2546.67,4.3,No,8780
57715,Nivea Haircare Flex 1,Beauty,Haircare,NIVEA,197.04,102.24,3.22,Yes,7689
57716,Fast&Up Supplements Smart 4,Health,Supplements,FAST&UP,3147.69,1883.79,3.97,No,8284
57717,Maybelline Fragrances Mini 7,Beauty,Fragrances,MAYBELLINE,621.07,288.71,4.98,Yes,8573
57718,Usha Bedding Flex 4,Home Kitchen,Bedding,USHA,5989.78,4123.97,4.92,Yes,8154
57719,Nike Jewellery Mini 7,Fashion,Jewellery,NIKE,16129.36,9975.99,2.61,Yes,7349
57720,Realme Mobiles Edge 4,Electronics,Mobiles,REALME,769.71,452.01,2.98,Yes,7074
57721,Van Heusen Women Edge 1,Fashion,Women Clothing,VAN HEUSEN,1627.6,711.8,4.11,No,8763
57722,S.Chand Children Air 9,Books,Children Books,S.CHAND,46099.4,19799.33,3.56,Yes,7705
57723,Healthkart Protein Elite 5,Health,Protein,HEALTHKART,269.82,128.36,3.27,Yes,7771
57724,Healthkart Protein Lite 5,Health,Protein,HEALTHKART,868.26,423.56,2.71,No,8456
57725,Canon Smart Ultra 7,Electronics,Smart Tvs,CANON,114.47,70.8,2.65,Yes,8209
57726,Tanishq Sunglasses Elite 8,Fashion,Sunglasses,TANISHQ,350.95,211.05,2.81,Yes,7292
57727,Biotique Haircare Ultra 5,Beauty,Haircare,BIOTIQUE,12749.1,9035.38,3.55,Yes,8130
57729,Oxford Fiction Edge 1,Books,Fiction,OXFORD,4262.68,2708.76,4.8,Yes,8312
57730,HUL Cleaning Smart 5,Grocery,Cleaning,HUL,2805.21,1907.6,3.71,Yes,8359
57731,Dabur Supplements Flex 2,Health,Supplements,DABUR,8425.39,5534.35,3.14,Yes,7575
57732,Boat Smart Smart 6,Electronics,Smart Tvs,BOAT,61003.33,42511.58,4.86,Yes,8647
57733,Oxford Children Elite 9,Books,Children Books,OXFORD,877.53,478.2,3.84,Yes,7629
57734,Michelin Bike Elite 6,Automotive,Bike Accessories,MICHELIN,4847.91,2748.13,4.82,Yes,8838
57735,P&G Personal Elite 1,Grocery,Personal Care,P&G,1596.16,754.74,3.14,Yes,7726
57736,Woodland Bags X 9,Fashion,Bags,WOODLAND,126.9,80.86,5.0,Yes,7746
57737,Peter England Bags Edge 7,Fashion,Bags,PETER ENGLAND,5556.24,3826.73,4.07,Yes,8057
57738,UCB Watches Smart 2,Fashion,Watches,UCB,290382.03,165212.49,2.71,No,7959
57739,LOreal Makeup X 5,Beauty,Makeup,LOREAL,737.83,344.25,3.32,Yes,7979
57740,Fisher Price Puzzles Active 9,Toys,Puzzles,FISHER PRICE,9554.43,6541.18,3.4,Yes,8605
57741,Realme Mobiles Flex 2,Electronics,Mobiles,REALME,117236.97,81987.39,2.91,No,7827
57742,Hasbro Action Max 3,Toys,Action Figures,HASBRO,850.29,367.02,3.99,Yes,7959
57743,Parle Cleaning Active 6,Grocery,Cleaning,PARLE,318.05,157.17,4.91,No,7687
57744,SG Cricket Plus 2,Sports,Cricket,SG,680.73,421.02,3.48,Yes,8613
57745,Nestle Fruits X 2,Grocery,Fruits Vegetables,NESTLE,289722.3,131784.34,3.27,No,7727
57746,Parle Personal Smart 5,Grocery,Personal Care,PARLE,71228.92,33855.75,4.44,Yes,7683
57747,Cipla Vitamins Mini 2,Health,Vitamins,CIPLA,1956.4,795.58,2.99,Yes,7210
57748,Philips Bedding Elite 3,Home Kitchen,Bedding,PHILIPS,674.42,356.47,4.57,No,8600
57749,Lego Board Pro 9,Toys,Board Games,LEGO,3570.08,412.26,3.59,Yes,8625
57750,P&G Beverages Plus 5,Grocery,Beverages,P&G,3079.58,1861.05,4.28,Yes,7420
57751,Penguin Children Edge 3,Books,Children Books,PENGUIN,974.55,477.89,2.53,Yes,8190
57752,Funskool Action Air 5,Toys,Action Figures,FUNSKOOL,2398.44,1111.29,4.27,Yes,7967
57753,Webby Remote Ultra 8,Toys,Unknown,WEBBY,6430.94,4140.63,4.09,No,8646
57754,Borosil Lighting X 7,Home Kitchen,Lighting,BOROSIL,2078.5,1087.83,2.89,Yes,8001
57755,FISHER PRICE Remote Premium 8,Toys,Remote Control,FISHER PRICE,516.68,217.67,2.6,Yes,8643
57756,himalaya Protein Air 3,Health,Protein,HIMALAYA,673.81,426.43,3.54,Yes,8138
57757,Cipla Medical Active 9,Health,Medical Devices,CIPLA,15567.42,7579.8,2.87,Yes,7590
57758,Samsung Galaxy M35 5G,Automotive,Tools,STEELBIRD,2344.13,1252.51,4.88,No,8542
57759,Nivea Mens Edge 3,Beauty,Mens Grooming,NIVEA,10069.85,6795.54,2.83,Yes,7947
57760,SG Fitness Plus 4,Sports,Fitness Equipment,SG,464.6,212.43,3.29,No,7797
57761,Yonex Yoga Neo 7,Sports,Yoga,YONEX,18401.49,11953.29,2.71,Yes,7164
57762,Nivea Skincare Plus 2,Beauty,Skincare,NIVEA,362.79,202.89,4.98,No,8165
57763,Nestle Dairy Premium 6,Grocery,Dairy,NESTLE,226.67,123.37,4.73,Yes,7987
57764,Gillette Fragrances Neo 3,Beauty,Unknown,GILLETTE,1620.5,1082.62,3.4,No,8456
57765,Pantene Fragrances Ultra 8,Beauty,Fragrances,PANTENE,2757.59,1667.37,3.83,No,7395
57766,Lego Educational Lite 6,Toys,Educational,LEGO,2714.99,1775.18,3.59,Yes,7115
57767,Titan Footwear X 3,Fashion,Unknown,TITAN,7828.48,3478.55,2.62,No,8824
57768,LOreal Fragrances Lite 7,Beauty,Fragrances,LOREAL,1921.99,967.44,2.75,No,7015
57769,Lego Soft Smart 1,Toys,Soft Toys,LEGO,4942.54,3244.84,4.42,Yes,7004
57770,Cosco Cycling Active 1,Sports,Unknown,COSCO,75867.88,39707.99,4.59,Yes,8879
57771,Britannia Personal Neo 7,Grocery,Personal Care,BRITANNIA,1362.46,582.26,4.58,Yes,8086
57772,Havells Appliances Edge 5,Home Kitchen,Appliances,HAVELLS,23023.43,12038.47,3.48,Yes,8981
57773,Muscleblaze Medical Lite 2,Health,Medical Devices,MUSCLEBLAZE,13732.64,8690.3,2.92,Yes,7722
57774,Tanishq Watches Plus 7,Fashion,Unknown,TANISHQ,88860.45,37373.07,2.89,No,8738
57775,Bata Men Neo 9,Fashion,Men Clothing,BATA,2224.31,1509.96,2.87,No,8653
57776,Himalaya Supplements Elite 6,Health,Supplements,HIMALAYA,14418.37,7710.83,4.43,Yes,7070
57777,Scholastic Non Ultra 1,Books,Non Fiction,SCHOLASTIC,2848.9,1572.0,2.69,No,8953
57778,Oxford Biographies Flex 2,Books,Biographies,OXFORD,4372.1,2231.54,4.09,No,8163
57779,P&G Personal Edge 6,Grocery,Personal Care,P&G,487.23,272.06,4.29,Yes,8377
57780,HarperCollins Biographies Elite 1,Books,Biographies,HARPERCOLLINS,119691.15,57984.87,3.03,Yes,7709
57781,Parle Snacks Mini 1,Grocery,Snacks,PARLE,70367.41,32019.73,2.99,Yes,7789
57782,Van Heusen Sunglasses Pro 5,Fashion,Sunglasses,VAN HEUSEN,295.73,160.23,4.34,Yes,7461
57783,Webby Educational Edge 1,Toys,Educational,WEBBY,239734.38,158388.09,4.37,Yes,7208
57784,Nestle Beverages Mini 9,Grocery,Beverages,NESTLE,517.51,224.04,3.56,Yes,7267
57785,Titan Footwear Lite 2,Fashion,Footwear,TITAN,13036.31,5600.77,3.12,Yes,8646
57786,MRF Swimming Air 7,Sports,Swimming,MRF,73210.97,39404.64,3.96,Yes,8420
57787,Amul Baby Elite 7,Grocery,Baby Products,AMUL,3939.98,1657.24,3.68,Yes,7218
57788,Louis Philippe Footwear Edge 8,Fashion,Footwear,LOUIS PHILIPPE,3635.935,3345.52,4.72,No,7856
57789,Bosch Lubricants Premium 1,Automotive,Lubricants,BOSCH,18892.71,8375.6,2.59,Yes,7799
57790,HP Tablets Edge 9,Electronics,Tablets,HP,145.17,61.75,4.0,Yes,8802
57791,Abbott Medical Flex 8,Health,Medical Devices,ABBOTT,831.26,431.55,4.32,Yes,7378
57792,Patanjali Dairy Plus 5,Grocery,Dairy,PATANJALI,3886.33,3303.3804999999998,3.89,Yes,8736
57793,ITC Snacks Lite 8,Grocery,Snacks,ITC,654.25,404.2,4.46,Yes,8016
57794,Philips Cookware X 1,Home Kitchen,Cookware,PHILIPS,15895.54,7997.54,3.91,Yes,8957
57795,Muscleblaze First Ultra 4,Health,First Aid,MUSCLEBLAZE,635.19,268.48,3.15,Yes,7199
57796,Oxford Self Edge 3,Books,Self Help,OXFORD,28565.6,17888.8,4.68,No,8343
57797,Castrol Tyres Smart 4,Automotive,Tyres,CASTROL,87631.62,46814.15,2.82,Yes,8166
57798,Cosco Yoga Smart 3,Sports,Yoga,COSCO,20481.22,11132.51,3.87,Yes,7036
57799,Levis Watches Ultra 8,Fashion,Watches,LEVIS,698.49,434.63,4.9,Yes,8007
57800,HUL Staples Premium 7,Grocery,Staples,HUL,459.01,215.73,3.49,Yes,8196
57801,S.Chand Non Active 9,Books,Non Fiction,S.CHAND,31594.47,20105.11,2.77,Yes,8497
57802,Oxford Self Mini 2,Books,Self Help,OXFORD,933.3,535.1,3.66,Yes,8060
57803,Fisher Price Board Active 2,Toys,Board Games,FISHER PRICE,12758.54,5584.52,4.57,No,7521
57804,Himalaya First Edge 6,Health,First Aid,HIMALAYA,4637.4,2505.01,3.42,Yes,8372
57805,3M Bike Active 6,Automotive,Bike Accessories,3M,471.4,241.41,3.66,Yes,8346
57806,Speedo Cycling Smart 7,Sports,Cycling,SPEEDO,103279.51,62916.77,3.12,Yes,8191
57807,Steelbird Car Elite 5,Automotive,Unknown,STEELBIRD,30839.03,15865.99,3.19,Yes,8336
57808,Healthkart First Plus 8,Health,First Aid,HEALTHKART,239.13,109.07,3.52,Yes,7378
57809,Healthkart Medical Premium 5,Health,Medical Devices,HEALTHKART,10678.71,5144.96,3.1,Yes,7778
57810,Cipla Medical Lite 9,Health,Medical Devices,CIPLA,287657.02,147045.84,4.71,No,8697
57811,Reebok Running Mini 1,Sports,Running,REEBOK,144190.56,89588.72,4.42,Yes,7117
57812,Arihant Biographies Edge 1,Books,Biographies,ARIHANT,4741.61,2532.42,4.36,Yes,8652
57813,Lego Board Air 3,Toys,Board Games,LEGO,461.83,280.17,3.35,Yes,7388
57814,tata Dairy Premium 8,Grocery,Dairy,TATA,231.94,116.24,4.06,Yes,7953
57815,Orient Furniture Ultra 2,Home Kitchen,Furniture,ORIENT,3834.52,2577.14,3.18,Yes,8882
57816,Gillette Mens Neo 4,Beauty,Mens Grooming,GILLETTE,2387.04,984.98,3.99,No,7050
57817,Havells Lighting X 8,Home Kitchen,Lighting,HAVELLS,2836.29,2007.65,4.2,Yes,7570
57818,Dell Cameras Edge 2,Electronics,Cameras,DELL,1008.1,417.01,3.83,Yes,7311
57819,Philips Garden Elite 7,Home Kitchen,Garden,PHILIPS,279.27,188.74,2.69,Yes,7175
57820,Nestle Cleaning X 9,Grocery,Cleaning,NESTLE,407.67,243.92,3.07,No,8113
57821,Forest Essentials Fragrances Elite 5,Beauty,Fragrances,FOREST ESSENTIALS,11534.66,5834.6,4.23,No,7781
57822,LOreal Mens Edge 9,Beauty,Mens Grooming,LOREAL,14306.29,8187.08,2.63,No,7537
57823,Britannia Beverages Mini 7,Grocery,Beverages,BRITANNIA,8406.65,4838.51,4.5,No,7298
57824,Ok Play Remote Neo 6,Toys,Remote Control,OK PLAY,800.67,555.04,3.05,Yes,7889
57825,Pantene Fragrances Smart 1,Beauty,Fragrances,PANTENE,11371.38,7677.6,4.9,No,7750
57826,Pantene Mens Flex 8,Beauty,Mens Grooming,PANTENE,26314.6,11759.81,4.95,Yes,8520
57827,Webby Board Mini 5,Toys,Board Games,WEBBY,33100.45,20876.15,2.67,Yes,8801
57828,Vivo Headphones Air 2,Electronics,Headphones,VIVO,7119.54,2975.92,3.65,Yes,7732
57829,Sony Mobiles Pro 8,Electronics,Mobiles,SONY,18817.62,13379.46,4.76,Yes,7259
57830,Borosil Cookware Max 1,Home Kitchen,Cookware,BOROSIL,289722.92,157944.93,3.65,No,7369
57831,Parle Fruits Lite 9,Grocery,Unknown,PARLE,63599.72,54059.762,2.78,Yes,8980
57832,Amul Snacks Elite 9,Grocery,Snacks,AMUL,7537.59,3882.45,2.88,Yes,8606
57833,LOreal Fragrances Ultra 6,Beauty,Fragrances,LOREAL,552.55,248.59,4.93,Yes,7812
57834,Himalaya Protein Max 2,Health,Protein,HIMALAYA,58968.3,32739.76,4.0,Yes,8284
57835,3M Tools Premium 4,Automotive,Tools,3M,778.2,493.9,4.67,No,8422
57836,Mattel Action Ultra 4,Toys,Action Figures,MATTEL,272823.2,193303.01,4.4,Yes,7553
57837,nivea Fragrances Smart 6,Beauty,Fragrances,NIVEA,17380.61,9713.66,4.31,Yes,8155
57838,Patanjali Personal Elite 8,Grocery,Personal Care,PATANJALI,1326.1,908.62,4.65,Yes,8607
57840,Webby Soft Premium 7,Toys,Soft Toys,WEBBY,182884.86,89604.33,2.77,No,7826
57841,HUL Staples Premium 1,Grocery,Staples,HUL,575.77,269.62,4.83,Yes,8603
57842,Cosco Cricket Premium 3,Sports,Cricket,COSCO,1027.98,592.92,4.72,Yes,8269
57843,Cipla First Smart 7,Health,First Aid,CIPLA,1614.55,979.46,2.73,Yes,7052
57844,OnePlus Accessories Max 6,Electronics,Accessories,ONEPLUS,17310.77,12095.93,2.67,Yes,7244
57845,Pearson Non Neo 3,Books,Non Fiction,PEARSON,615.0,260.83,3.0,No,8013
57846,Adidas Jewellery Plus 2,Fashion,Jewellery,ADIDAS,129419.03,64338.83,3.48,Yes,7291
57847,Vivo Tablets Plus 2,Electronics,Tablets,VIVO,6949.09,3804.75,3.56,No,7666
57848,Logitech Cameras Max 4,Electronics,Cameras,LOGITECH,864.29,430.08,5.0,Yes,7207
57849,UCB Women Lite 4,Fashion,Unknown,UCB,9789.41,5700.27,3.56,No,7690
57850,Funskool Educational Neo 2,Toys,Educational,FUNSKOOL,621.62,284.04,2.67,No,8803
57851,Yonex Running Max 4,Sports,Running,YONEX,33059.62,16602.57,2.58,Yes,8259
57852,Nivia Yoga Mini 5,Sports,Yoga,NIVIA,598.58,291.15,2.5,No,7612
57853,Adidas Women Ultra 4,Fashion,Women Clothing,ADIDAS,734.16,416.08,2.86,No,7005
57854,Amul Cleaning Flex 3,Grocery,Cleaning,AMUL,118.23,57.72,3.91,Yes,7051
57855,UCB Bags Air 4,Fashion,Bags,UCB,33848.78,18384.95,4.58,No,7694
57856,Bosch Tyres X 3,Automotive,Tyres,BOSCH,65997.27,41874.76,2.54,Yes,7030
57857,Zara Sunglasses Pro 5,Fashion,Sunglasses,ZARA,3565.96,1461.59,3.86,Yes,8483
57858,Levis Kids Lite 9,Fashion,Unknown,LEVIS,11110.57,5785.34,2.85,Yes,7635
57859,Webby Action Elite 5,Toys,Action Figures,WEBBY,5214.52,2770.64,4.92,Yes,8357
57860,Shell Car Mini 2,Automotive,Car Accessories,SHELL,15727.42,9494.16,4.45,Yes,8569
57861,cosco Swimming Smart 6,Sports,Swimming,COSCO,46897.41,24900.77,4.49,Yes,7789
57862,Funskool Soft Max 2,Toys,Soft Toys,FUNSKOOL,1311.87,598.56,2.64,No,8592
57863,p&g Baby Elite 1,Grocery,Baby Products,P&G,561.35,340.79,4.63,No,7022
57864,P&G Staples X 9,Grocery,Staples,P&G,573.86,274.35,4.09,Yes,7624
57865,Bosch Tools Pro 5,Automotive,Tools,BOSCH,13126.02,5668.25,4.75,Yes,8001
57866,Pearson Children Smart 2,Books,Children Books,PEARSON,722.12,437.94,4.0,Yes,8624
57867,HUL Baby Pro 2,Grocery,Baby Products,HUL,952.02,426.86,4.1,No,8523
57868,sg Swimming Edge 2,Sports,Swimming,SG,4130.21,1746.66,2.98,Yes,7227
57869,Fast&Up Protein Mini 5,Health,Protein,FAST&UP,737.91,394.17,4.73,Yes,8271
57870,Amul Dairy X 6,Grocery,Dairy,AMUL,3789.89,2521.15,3.35,No,7620
57871,ok play Remote Smart 7,Toys,Remote Control,OK PLAY,2211.89,1500.27,4.97,Yes,7258
57872,Dove Skincare Edge 2,Beauty,Skincare,DOVE,193106.36,122383.77,3.9,Yes,7777
57873,S.Chand Academic Ultra 8,Books,Academic,S.CHAND,263631.37,152614.61,2.66,Yes,8638
57874,Pearson Academic Max 1,Books,Academic,PEARSON,15699.29,11086.8,4.92,Yes,7075
57875,Nivea Mens Elite 2,Beauty,Mens Grooming,NIVEA,802.19,403.66,3.72,No,8090
57876,Scholastic Children Air 7,Books,Children Books,SCHOLASTIC,53284.87,27059.78,4.1,Yes,7339
57877,Arihant Biographies Mini 5,Books,Biographies,ARIHANT,1824.03,1270.69,4.51,Yes,8072
57878,Philips Garden X 8,Home Kitchen,Garden,PHILIPS,4111.87,2725.86,4.71,Yes,7617
57879,Michelin Car Plus 3,Automotive,Car Accessories,MICHELIN,663.41,275.16,2.73,Yes,8593
57880,OnePlus Cameras Pro 6,Electronics,Cameras,ONEPLUS,7151.09,5012.83,3.6,Yes,8519
57881,Lakme Fragrances Elite 1,Beauty,Fragrances,LAKME,321.54,213.23,3.02,Yes,8127
57882,Fast&Up Supplements Elite 8,Health,Supplements,FAST&UP,3926.34,2588.56,4.51,Yes,7192
57883,Puma Men Neo 4,Fashion,Men Clothing,PUMA,271508.61,142062.65,4.72,Yes,8661
57884,3M Lubricants Max 3,Automotive,Lubricants,3M,17003.73,7391.26,2.58,Yes,7683
57885,Nivea Mens Mini 5,Beauty,Mens Grooming,NIVEA,78732.54,37828.4,3.18,Yes,7766
57886,Michelin Tools Edge 9,Automotive,Tools,MICHELIN,784.98,531.68,4.83,No,8710
57887,Dabur Snacks Pro 8,Grocery,Snacks,DABUR,810.27,499.04,2.96,Yes,7963
57888,P&G Personal Active 5,Grocery,Personal Care,P&G,27817.86,17320.12,2.66,Yes,8959
57889,Under Armour Fitness Premium 9,Sports,Fitness Equipment,UNDER ARMOUR,297747.24,212061.26,4.82,Yes,8412
57890,SG Running Lite 4,Sports,Running,SG,7464.16,5147.17,2.72,Yes,7354
57891,Levis Jewellery Premium 2,Fashion,Jewellery,LEVIS,32184.7,13715.95,4.86,Yes,7237
57892,Webby Soft Ultra 1,Toys,Soft Toys,WEBBY,25175.06,13576.15,2.9,Yes,7842
57893,Mattel Action Mini 7,Toys,Action Figures,MATTEL,84158.37,38494.94,3.39,Yes,8491
57894,Bosch Tools Plus 6,Automotive,Tools,BOSCH,4339715.32,3022055.72,4.8,Yes,7865
57895,HarperCollins Academic Air 6,Books,Academic,HARPERCOLLINS,5735.98,3329.21,3.99,Yes,8845
57896,Realme Accessories X 7,Electronics,Accessories,REALME,1541.89,921.69,4.12,Yes,8314
57897,Yonex Running Air 2,Sports,Running,YONEX,3458094.99,2159225.3,2.78,Yes,7809
57898,Himalaya Ayurveda X 8,Health,Ayurveda,HIMALAYA,109557.2,73446.95,4.77,Yes,8322
57899,Decathlon Cycling Premium 7,Sports,Cycling,DECATHLON,12074.04,8616.44,3.76,Yes,7201
57900,Canon Mobiles Active 4,Electronics,Mobiles,CANON,362.62,221.17,3.08,Yes,8607
57901,ITC Snacks X 1,Grocery,Snacks,ITC,362.28,228.04,4.37,Yes,7610
57902,Decathlon Running Edge 9,Sports,Running,DECATHLON,179.32,117.83,3.87,Yes,7453
57903,LOreal Haircare Active 2,Beauty,Haircare,LOREAL,2694.82,1453.11,4.29,Yes,8006
57904,Scholastic Academic Pro 4,Books,Academic,SCHOLASTIC,294.98,118.24,4.89,Yes,7558
57905,MRF Badminton Neo 3,Sports,Badminton,MRF,657.62,404.25,4.72,Yes,8802
57906,Himalaya Protein X 4,Health,Protein,HIMALAYA,19959.26,8597.6,4.13,Yes,7040
57907,Vega Tyres Premium 8,Automotive,Tyres,VEGA,10493.7,4202.44,4.1,Yes,8960
57908,Mattel Remote Plus 9,Toys,Remote Control,MATTEL,257248.63,154461.65,3.11,Yes,7911
57909,S.Chand Children Plus 5,Books,Children Books,S.CHAND,26503.93,17431.55,4.92,Yes,8884
57910,HarperCollins Non Neo 9,Books,Non Fiction,HARPERCOLLINS,1175.02,735.7,4.01,Yes,7745
57911,Muscleblaze Supplements Active 3,Health,Supplements,MUSCLEBLAZE,1803.47,1287.93,4.82,No,7746
57912,Nestle Cleaning Premium 6,Grocery,Cleaning,NESTLE,1501.2,745.62,2.83,Yes,7487
57913,Noise Gaming Smart 9,Electronics,Gaming,NOISE,1119.51,736.66,2.93,Yes,7390
57914,Steelbird Bike Elite 8,Automotive,Unknown,STEELBIRD,790.58,512.56,2.99,Yes,8460
57915,Arihant Academic Pro 8,Books,Academic,ARIHANT,696.49,477.41,3.35,No,8790
57917,Apple Gaming Active 5,Electronics,Gaming,APPLE,631.6,416.08,4.52,Yes,8345
57918,3M Lubricants Lite 8,Automotive,Lubricants,3M,74611.0,38678.09,3.41,Yes,8040
57919,SG Fitness Edge 6,Sports,Fitness Equipment,SG,3231.8,1355.47,4.68,Yes,8852
57920,Muscleblaze Vitamins Active 9,Health,Vitamins,MUSCLEBLAZE,612.75,278.96,2.93,Yes,7030
57921,Philips Cookware Max 1,Home Kitchen,Cookware,PHILIPS,121108.09,52735.09,3.93,No,8564
57922,Nike Sports Shoes Pro,Beauty,Fragrances,NIVEA,157013.61,86917.45,3.01,Yes,7057
57923,Apple Accessories Air 4,Electronics,Accessories,APPLE,2093.98,1028.62,4.68,Yes,8315
57924,Cosco Cricket Edge 2,Sports,Cricket,COSCO,18301.66,9231.19,2.68,No,8099
57925,Pearson Self Ultra 7,Books,Self Help,PEARSON,590.91,377.36,4.16,Yes,7354
57926,Lego Remote Plus 5,Toys,Remote Control,LEGO,931.79,530.68,4.13,Yes,7456
57927,Pantene Skincare Plus 8,Beauty,Skincare,PANTENE,188124.3,89579.13,2.8,Yes,7662
57928,Dove Fragrances Air 9,Beauty,Fragrances,DOVE,2573.64,1196.78,3.18,Yes,7764
57929,Borosil Garden Plus 1,Home Kitchen,Garden,BOROSIL,71634.54,35533.25,2.93,Yes,7491
57930,Himalaya First Plus 7,Health,First Aid,HIMALAYA,221914.6,154036.28,4.08,Yes,7296
57931,Nivia Fitness Edge 7,Sports,Fitness Equipment,NIVIA,371.19,220.07,3.15,Yes,8161
57932,Muscleblaze Vitamins Smart 2,Health,Vitamins,MUSCLEBLAZE,4555.87,3116.35,2.59,Yes,8073
57933,Bosch Tools Neo 1,Automotive,Tools,BOSCH,11053.53,5909.71,3.28,Yes,8123
57934,Dabur Dairy Flex 1,Grocery,Dairy,DABUR,2525.57,1684.01,4.73,Yes,7670
57935,Oxford Academic Edge 6,Books,Academic,OXFORD,1070.36,434.86,4.17,Yes,8518
57936,Dell Cameras Flex 3,Electronics,Cameras,DELL,12932.16,6545.0,3.88,Yes,8449
57937,Xiaomi Gaming Max 9,Electronics,Gaming,XIAOMI,56683.36,33963.68,3.88,Yes,8077
57938,Michelin Bike Plus 1,Automotive,Bike Accessories,MICHELIN,49151.48,26812.42,4.43,Yes,7138
57939,Webby Board Neo 4,Toys,Board Games,WEBBY,752.6,489.19000000000005,4.21,Yes,8464
57940,Pantene Makeup Ultra 4,Beauty,Makeup,PANTENE,137699.8,76649.52,3.09,Yes,8750
57941,Penguin Academic Smart 9,Books,Academic,PENGUIN,130728.28,65364.14,4.25,No,8490
57943,Havells Lighting Air 8,Home Kitchen,Lighting,HAVELLS,3413.07,588.29,3.87,No,8855
57944,Webby Soft Pro 5,Toys,Soft Toys,WEBBY,54905.69,32231.48,4.92,Yes,8304
57945,Nivia Running Ultra 7,Sports,Running,NIVIA,476.5,211.66,4.13,Yes,7654
57946,HP Accessories Edge 2,Electronics,Accessories,HP,404.48,188.47,4.76,No,8510
57948,Michelin Lubricants Mini 3,Automotive,Lubricants,MICHELIN,214.42,106.19,3.24,Yes,8289
57949,UCB Bags Mini 9,Fashion,Bags,UCB,32665.58,14533.07,2.85,Yes,7888
57950,Castrol Car Plus 2,Automotive,Car Accessories,CASTROL,10677.35,8541.880000000001,3.42,No,8063
57951,Steelbird Tyres Lite 7,Automotive,Tyres,STEELBIRD,12190.12,6797.51,3.24,Yes,7138
57952,Gillette Haircare Air 1,Beauty,Haircare,GILLETTE,4017.33,2294.27,3.26,Yes,7926
57953,Havells Storage Pro 2,Home Kitchen,Storage,HAVELLS,8220.09,4938.3,2.73,Yes,7154
57954,Muscleblaze Supplements Lite 6,Health,Supplements,MUSCLEBLAZE,972.96,493.81,3.25,No,8090
57955,Pigeon Lighting Max 6,Home Kitchen,Lighting,PIGEON,772.53,408.89,2.98,Yes,8913
57956,Tata Fruits Flex 6,Grocery,Fruits Vegetables,TATA,5292.75,2776.04,4.49,Yes,8391
57957,HarperCollins Self X 3,Books,Self Help,HARPERCOLLINS,25324.47,15012.09,2.5,No,8082
57958,HP Tablets Neo 7,Electronics,Tablets,HP,883.72,530.36,4.65,Yes,7491
57959,Forest Essentials Haircare Flex 7,Beauty,Haircare,FOREST ESSENTIALS,1544.12,978.28,3.58,No,7285
57960,Prestige Appliances Smart 6,Home Kitchen,Appliances,PRESTIGE,203570.71,144755.75,4.21,Yes,7994
57961,HP Smartwatches Plus 6,Electronics,Smartwatches,HP,471.9,231.7,2.65,Yes,8202
57962,3M Lubricants Air 2,Automotive,Lubricants,3M,2506.42,1556.03,4.07,Yes,7794
57963,Samsung Cameras Elite 6,Electronics,Unknown,SAMSUNG,61498.17,37590.43,3.73,Yes,8821
57964,Milton Storage Max 1,Home Kitchen,Storage,MILTON,3049.83,1294.12,4.73,Yes,8933
57965,Nestle Cleaning Neo 7,Grocery,Cleaning,NESTLE,13199.48,8168.88,3.46,Yes,7334
57966,ITC Beverages Premium 7,Grocery,Beverages,ITC,6437.67,3858.02,5.0,No,8316
57967,Lakme Mens Active 4,Beauty,Mens Grooming,LAKME,1654.87,726.51,4.07,No,8046
57968,Fast&Up Vitamins Premium 3,Health,Vitamins,FAST&UP,6857.85,3165.78,2.63,Yes,7677
57969,Prestige Bedding Mini 4,Home Kitchen,Bedding,PRESTIGE,916.32,400.96,3.0,Yes,7939
57970,Sony Headphones Flex 2,Electronics,Headphones,SONY,1044.57,713.93,3.48,Yes,8915
57971,Havells Lighting Active 7,Home Kitchen,Lighting,HAVELLS,81423.58,39820.49,3.91,Yes,7925
57972,Reebok Yoga Pro 3,Sports,Yoga,REEBOK,54097.5,37715.38,4.74,No,7540
57973,Philips Furniture Plus 2,Home Kitchen,Furniture,PHILIPS,755.28,509.14,2.79,No,8577
57974,Tanishq Kids Plus 5,Fashion,Kids Wear,TANISHQ,3124256.34,1370043.2,4.49,Yes,7791
57975,Healthkart Supplements Pro 6,Health,Supplements,HEALTHKART,3645.74,2170.36,2.63,No,7888
57976,Arihant Fiction Max 9,Books,Fiction,ARIHANT,273276.32,116682.8,4.52,Yes,7551
57977,Sony Laptops Pro 3,Electronics,Laptops,SONY,4236.55,2642.61,3.3,Yes,8493
57978,Fisher Price Action Pro 9,Toys,Action Figures,FISHER PRICE,271057.1,190624.87,3.94,Yes,8069
57979,Levis Kids Lite 2,Fashion,Kids Wear,LEVIS,464.5,307.83,4.27,Yes,7326
57980,3M Lubricants Max 1,Automotive,Lubricants,3M,1465.15,1023.05,4.33,Yes,7971
57981,Steelbird Tools Lite 6,Automotive,Tools,STEELBIRD,5620.77,2606.51,3.13,Yes,7631
57982,Dabur Medical Premium 5,Health,Medical Devices,DABUR,973.14,563.13,4.16,Yes,8697
57983,Funskool Remote Lite 1,Toys,Remote Control,FUNSKOOL,1454027.0,1011952.3,3.41,Yes,7252
57984,Mattel Board Max 9,Toys,Board Games,MATTEL,274418.48,188311.69,4.76,Yes,8751
57985,decathlon Fitness Smart 7,Sports,Fitness Equipment,DECATHLON,342.04,214.41,4.16,Yes,7081
57986,Bajaj Decor Ultra 9,Home Kitchen,Decor,BAJAJ,3277.6,1638.33,4.04,Yes,8798
57987,Fisher Price Puzzles Plus 8,Toys,Puzzles,FISHER PRICE,218288.32,108581.76,4.79,Yes,8633
57988,Hasbro Educational Mini 3,Toys,Educational,HASBRO,3478.64,2311.47,2.55,Yes,7674
57989,Zara Watches Max 7,Fashion,Watches,ZARA,1264.1,547.58,2.53,Yes,8011
57990,Adidas Sunglasses Smart 6,Fashion,Sunglasses,ADIDAS,65463.99,47046.3,3.17,Yes,7297
57991,Cipla Vitamins Ultra 4,Health,Vitamins,CIPLA,15832.95,10411.66,2.54,No,7369
57992,Puma Watches Pro 6,Fashion,Watches,PUMA,75476.35,46132.0,3.26,Yes,7795
57993,Maybelline Haircare Max 9,Beauty,Haircare,MAYBELLINE,4288.75,2820.26,3.71,No,7589
57994,Lakme Mens Smart 1,Beauty,Mens Grooming,LAKME,4340.67,2821.4355,2.65,Yes,8164
57995,Lenovo Accessories Max 4,Electronics,Accessories,LENOVO,997.38,523.78,4.6,No,7286
57996,SG Running Plus 5,Sports,Running,SG,5612.895,1765.18,2.86,Yes,7664
57997,Steelbird Tools Pro 5,Automotive,Tools,STEELBIRD,288.7,117.12,4.33,Yes,7643
57998,Himalaya Vitamins Max 7,Health,Vitamins,HIMALAYA,18890.54,7692.6,3.02,Yes,7994
57999,Bosch Car Premium 5,Automotive,Car Accessories,BOSCH,464.84,223.46,3.88,Yes,7172
58000,Sony Gaming Premium 3,Electronics,Gaming,SONY,4019.71,3617.739,2.57,Yes,7512
58001,Decathlon Badminton Flex 6,Sports,Badminton,DECATHLON,515.99,317.48,4.85,Yes,7600
58002,Pantene Makeup Active 8,Beauty,Makeup,PANTENE,272672.72,162657.83,4.24,Yes,8434
58003,Van Heusen Women X 5,Fashion,Women Clothing,VAN HEUSEN,49538.74,23322.27,3.35,No,7860
58004,Muscleblaze Protein Air 4,Health,Protein,MUSCLEBLAZE,2064.56,1141.69,3.5,Yes,8677
58005,Van Heusen Sunglasses Active 2,Fashion,Sunglasses,VAN HEUSEN,391.99,175.79,4.18,Yes,7723
58006,ONEPLUS Tablets Plus 8,Electronics,Tablets,ONEPLUS,18121.28,9050.01,3.99,Yes,8510
58007,Michelin Tyres Air 5,Automotive,Tyres,MICHELIN,262.61,125.78,4.25,Yes,8648
58008,Logitech Tablets Ultra 4,Electronics,Tablets,LOGITECH,64516.78,33475.65,3.84,Yes,7643
58009,LOreal Haircare Ultra 9,Beauty,Haircare,LOREAL,1052.44,707.44,2.56,Yes,7743
58010,Butterfly Garden Edge 1,Home Kitchen,Garden,BUTTERFLY,1532.02,1069.68,2.95,No,7356
58011,Hasbro Soft Max 9,Toys,Soft Toys,HASBRO,76068.52,45131.27,3.85,Yes,8043
58012,Gillette Skincare Flex 7,Beauty,Skincare,GILLETTE,902.69,531.96,2.67,Yes,8128
58013,Nivia Badminton Elite 9,Sports,Badminton,NIVIA,18149.52,11435.87,3.99,Yes,7310
58014,Patanjali Cleaning Edge 2,Grocery,Cleaning,PATANJALI,2254.96,1212.45,4.33,No,8467
58015,HUL Fruits Max 6,Grocery,Fruits Vegetables,HUL,10502.88,7169.19,3.82,Yes,8332
58016,Acer Tablets Max 6,Electronics,Tablets,ACER,85786.97,44226.74,3.7,Yes,7231
58017,Funskool Remote Lite 1,Toys,Remote Control,FUNSKOOL,561.47,364.95550000000003,4.47,Yes,7653
58018,LOreal Skincare Plus 3,Beauty,Skincare,LOREAL,608.49,322.97,4.48,Yes,7828
58019,Biotique Fragrances Neo 8,Beauty,Fragrances,BIOTIQUE,898.12,368.29,2.95,Yes,7916
58020,Lego Puzzles X 6,Toys,Puzzles,LEGO,333.63,201.47,4.42,Yes,8732
58021,Patanjali Dairy Mini 8,Grocery,Dairy,PATANJALI,858.21,484.26,3.49,Yes,8347
58022,Bajaj Furniture Edge 3,Home Kitchen,Furniture,BAJAJ,2950.12,1978.83,3.86,No,7781
58023,Nikon Smartwatches Active 8,Electronics,Smartwatches,NIKON,557.38,235.14,2.66,Yes,7743
58024,ITC Fruits Mini 7,Grocery,Fruits Vegetables,ITC,3417.14,2904.569,3.88,No,7008
58025,Philips Storage Mini 7,Home Kitchen,Storage,PHILIPS,438.96,240.57,4.73,Yes,8049
58026,Nivea Makeup Edge 1,Beauty,Makeup,NIVEA,73282.16,47633.404,2.8,No,8033
58027,Louis Philippe Footwear Pro 9,Fashion,Footwear,LOUIS PHILIPPE,727.76,459.13,3.01,Yes,8593
58028,Nike Jewellery Plus 7,Fashion,Jewellery,NIKE,409.67,165.58,4.7,Yes,7386
58029,Dabur Medical Lite 9,Health,Medical Devices,DABUR,224050.84,159898.38,2.76,Yes,8465
58030,OPPO Headphones Mini 1,Electronics,Headphones,OPPO,13183.17,8004.81,4.51,Yes,7074
58031,P&G Personal Ultra 8,Grocery,Personal Care,P&G,4655.42,3085.22,3.72,Yes,8820
58032,Amul Baby Max 9,Grocery,Baby Products,AMUL,9974.42,5296.29,4.06,Yes,8745
58033,Bajaj Bedding Air 9,Home Kitchen,Bedding,BAJAJ,563.89,396.73,4.37,Yes,7340
58034,Vega Lubricants Flex 8,Automotive,Lubricants,VEGA,218.27,150.31,2.95,Yes,7029
58035,Van Heusen Women Flex 5,Fashion,Women Clothing,VAN HEUSEN,213243.96,139719.41,2.64,Yes,7323
58036,Fast&Up Vitamins X 3,Health,Vitamins,FAST&UP,18384.55,9113.5,4.34,Yes,7591
58037,Gillette Haircare Smart 2,Beauty,Haircare,GILLETTE,64288.41,26120.36,4.94,No,7222
58038,MRF Cycling Active 9,Sports,Cycling,MRF,2959.09,1580.49,4.93,No,8391
58039,Ok Play Educational Lite 8,Toys,Educational,OK PLAY,981.9,532.44,2.53,Yes,7432
58040,Boat Headphones Max 1,Electronics,Headphones,BOAT,793.96,479.05,3.21,No,7887
58041,Dabur Supplements Max 8,Health,Supplements,DABUR,2914.35,1580.41,3.6,Yes,7846
58042,SG Running Ultra 1,Sports,Running,SG,360.27,250.38,4.68,Yes,7372
58043,Dabur Supplements Max 2,Health,Supplements,DABUR,137.56,75.4,3.05,Yes,8121
58044,Himalaya Protein Ultra 3,Health,Protein,HIMALAYA,28265.93,17743.37,3.86,Yes,8114
58045,Philips Cookware Edge 3,Home Kitchen,Cookware,PHILIPS,6158.04,4338.88,2.74,Yes,8635
58046,Under Armour Cycling Max 7,Sports,Cycling,UNDER ARMOUR,12956.94,8926.1,3.26,Yes,7939
58047,Muscleblaze Medical Active 6,Health,Medical Devices,MUSCLEBLAZE,16265.63,7909.92,2.54,No,8356
58048,Milton Lighting X 4,Home Kitchen,Lighting,MILTON,289.15,189.82,4.61,Yes,7371
58049,Adidas Sunglasses Lite 4,Fashion,Sunglasses,ADIDAS,400.15,240.08999999999997,2.77,No,7200
58051,Castrol Car Ultra 7,Automotive,Car Accessories,CASTROL,9162.45,4899.5,4.06,Yes,7507
58052,Dabur Vitamins Mini 9,Health,Vitamins,DABUR,534.88,221.83,3.16,Yes,7916
58053,Butterfly Storage Neo 4,Home Kitchen,Storage,BUTTERFLY,194.98,123.62,4.81,Yes,7574
58054,Parle Dairy Mini 5,Grocery,Dairy,PARLE,3837.76,2278.18,2.91,Yes,7186
58055,ITC Beverages Premium 1,Grocery,Beverages,ITC,3711.12,2166.03,2.56,Yes,7443
58056,Peter England Sunglasses Premium 9,Fashion,Sunglasses,PETER ENGLAND,24240.16,14713.78,3.2,Yes,7341
58057,Samsung Accessories Edge 6,Electronics,Accessories,SAMSUNG,4966.87,3566.15,3.51,Yes,8959
58058,Abbott Medical Ultra 6,Health,Medical Devices,ABBOTT,2561.67,1238.12,2.83,No,7675
58059,Pantene Fragrances Plus 1,Beauty,Fragrances,PANTENE,79327.62,34722.2,3.91,Yes,7135
58060,Pantene Fragrances Premium 7,Beauty,Fragrances,PANTENE,278356.65,191109.89,4.54,Yes,7720
58061,3M Bike Pro 8,Automotive,Bike Accessories,3M,3619.98,2021.93,3.86,Yes,7142
58062,Amul Baby Mini 2,Grocery,Baby Products,AMUL,382.36,261.29,4.79,Yes,7061
58063,OXFORD Biographies Premium 3,Books,Biographies,OXFORD,1488.01,777.91,4.17,Yes,8860
58064,HarperCollins Fiction Air 9,Books,Fiction,HARPERCOLLINS,16521.88,10371.53,4.1,Yes,7916
58065,Shell Bike Smart 7,Automotive,Bike Accessories,SHELL,9196.93,4388.88,3.04,No,8332
58066,H&M Footwear Flex 7,Fashion,Footwear,H&M,45421.59,32601.07,4.28,Yes,7705
58067,Shell Tyres Active 8,Automotive,Tyres,SHELL,53081.63,34243.67,2.81,Yes,8182
58068,Havells Appliances Mini 2,Home Kitchen,Appliances,HAVELLS,108564.49,57881.39,4.1,No,8625
58069,Butterfly Furniture Smart 9,Home Kitchen,Furniture,BUTTERFLY,1931.6,1007.44,4.31,Yes,8723
58070,Ok Play Remote Active 3,Toys,Remote Control,OK PLAY,469.19,308.95,3.29,Yes,8240
58071,Nivia Yoga Smart 7,Sports,Yoga,NIVIA,144.21,78.11,3.94,Yes,7339
58072,Pantene Mens Max 8,Beauty,Mens Grooming,PANTENE,61871.21,24756.77,5.0,No,8053
58073,Boat Accessories Smart 9,Electronics,Accessories,BOAT,7563.36,6807.023999999999,2.58,Yes,8775
58074,Nestle Cleaning Mini 8,Grocery,Cleaning,NESTLE,50606.14,22916.36,2.71,Yes,8655
58075,Dove Haircare Elite 5,Beauty,Haircare,DOVE,18586.35,11194.68,2.82,Yes,8509
58076,Nivia Running Mini 3,Sports,Running,NIVIA,7919.63,4987.47,4.24,Yes,8575
58077,parle Baby Smart 4,Grocery,Baby Products,PARLE,1793.04,963.22,2.51,Yes,8011
58078,Funskool Soft Neo 7,Toys,Soft Toys,FUNSKOOL,239.3,127.69,4.59,Yes,7909
58079,Nivia Cycling Plus 5,Sports,Cycling,NIVIA,610.35,289.43,4.21,No,7098
58080,Yonex Cricket Elite 8,Sports,Cricket,YONEX,3342.9,1447.18,2.95,Yes,8733
58081,Bosch Tyres Elite 5,Automotive,Tyres,BOSCH,241.54,102.73,3.66,No,8369
58082,Biotique Makeup Max 1,Beauty,Makeup,BIOTIQUE,18474.32,11049.03,3.28,Yes,7275
58083,Cosco Swimming Lite 1,Sports,Swimming,COSCO,290922.73,185226.9,3.14,Yes,7476
58084,HarperCollins Non X 2,Books,Non Fiction,HARPERCOLLINS,15255.83,10384.67,2.72,No,8824
58085,Usha Bedding Elite 7,Home Kitchen,Bedding,USHA,2652.14,1596.13,3.3,Yes,7336
58086,Abbott Vitamins Elite 3,Health,Vitamins,ABBOTT,11885.15,7119.5,4.05,Yes,8701
58087,Boat Rockerz 550,Beauty,Skincare,FOREST ESSENTIALS,14577.54,6032.58,3.8,Yes,7889
58088,Titan Men Premium 4,Fashion,Men Clothing,TITAN,17709.82,10097.28,3.29,Yes,8446
58089,Under Armour Running Neo 5,Sports,Running,UNDER ARMOUR,265871.09,156482.48,4.06,No,8950
58090,SAMSUNG Laptops Max 6,Electronics,Laptops,SAMSUNG,3251.72,2338.66,3.63,Yes,8969
58091,HarperCollins Academic Smart 9,Books,Academic,HARPERCOLLINS,57741.99,26517.53,4.98,Yes,8075
58092,titan Kids Active 9,Fashion,Kids Wear,TITAN,159.08,74.95,3.57,No,8207
58093,Lego Action Premium 1,Toys,Action Figures,LEGO,15508.72,8244.17,4.71,Yes,7484
58094,Oxford Children Edge 5,Books,Children Books,OXFORD,30972.01,15486.005,3.46,No,8307
58095,Webby Soft Plus 6,Toys,Soft Toys,WEBBY,814.25,529.2625,3.42,No,7130
58096,SG Yoga Mini 9,Sports,Yoga,SG,4140.9,1758.94,2.91,Yes,7541
58097,Maybelline Mens Plus 8,Beauty,Mens Grooming,MAYBELLINE,68124.28,29386.68,3.53,No,8279
58098,Michelin Tools Neo 5,Automotive,Tools,MICHELIN,3350.53,2015.2,2.97,Yes,7818
58099,HUL Staples Lite 6,Grocery,Unknown,HUL,4274.41,2236.93,3.9,Yes,8089
58100,Lenovo Gaming Premium 6,Electronics,Gaming,LENOVO,10290.04,4550.21,4.02,Yes,7453
58101,Pearson Children Lite 9,Books,Children Books,PEARSON,806.68,512.39,3.75,Yes,8185
58102,Vega Car Premium 9,Automotive,Car Accessories,VEGA,48871.1,25805.31,3.37,Yes,8616
58103,DECATHLON Cycling Max 5,Sports,Cycling,DECATHLON,18321.55,13141.52,3.25,Yes,8473
58104,Dabur Protein Edge 1,Health,Protein,DABUR,1725.5,911.49,3.27,No,7610
58105,Decathlon Badminton Air 4,Sports,Badminton,DECATHLON,26596.79,17051.21,4.52,Yes,7633
58106,Samsung Galaxy M35 5G,Health,Medical Devices,ABBOTT,887.87,503.72,2.98,Yes,8682
58107,Maybelline Fragrances Edge 3,Beauty,Fragrances,MAYBELLINE,9475.86,4202.04,2.52,Yes,8488
58108,Tata Snacks Max 5,Grocery,Snacks,TATA,11128.32,4959.07,3.08,Yes,8210
58109,Bajaj Bedding X 3,Home Kitchen,Bedding,BAJAJ,14149.2,6668.79,2.6,Yes,8834
58110,Acer Smartwatches Neo 2,Electronics,Smartwatches,ACER,3970.95,2038.93,4.27,Yes,7405
58112,Speedo Cycling Plus 7,Sports,Cycling,SPEEDO,614.6,298.06,2.68,Yes,7631
58113,Decathlon Fitness Pro 5,Sports,Fitness Equipment,DECATHLON,19704.86,9921.19,4.48,No,8476
58114,HarperCollins Academic Flex 7,Books,Academic,HARPERCOLLINS,8188.36,4410.51,3.71,No,8365
58115,Decathlon Fitness Lite 4,Sports,Fitness Equipment,DECATHLON,7091.66,4301.0,3.06,No,7618
58116,Canon Smartwatches Ultra 4,Electronics,Smartwatches,CANON,13811.44,5872.27,3.23,Yes,8737
58117,Pearson Children Edge 3,Books,Children Books,PEARSON,378.73,263.9,4.06,Yes,8125
58118,Philips Garden Pro 2,Home Kitchen,Garden,PHILIPS,3499.53,2168.22,3.67,No,7123
58119,Muscleblaze First Lite 2,Health,First Aid,MUSCLEBLAZE,4535.99,2798.58,3.02,Yes,8096
58120,Pearson Self Pro 1,Books,Self Help,PEARSON,823.07,332.85,4.7,No,8061
58121,Penguin Children Neo 4,Books,Children Books,PENGUIN,68770.24,38655.43,4.54,Yes,8784
58122,Fisher Price Action Pro 9,Toys,Action Figures,FISHER PRICE,11442.75,4783.17,2.85,Yes,8599
58123,Pigeon Storage Active 7,Home Kitchen,Storage,PIGEON,602.28,422.15,3.33,Yes,7032
58124,SG Cricket Ultra 9,Sports,Cricket,SG,412.24,177.47,2.91,Yes,8088
58125,Muscleblaze Medical Lite 1,Health,Medical Devices,MUSCLEBLAZE,824.64,330.46,3.85,Yes,7445
58126,Biotique Mens Elite 5,Beauty,Mens Grooming,BIOTIQUE,2846.86,1719.8,3.22,No,8787
58127,LOreal Skincare Flex 5,Beauty,Skincare,LOREAL,877.75,604.45,3.47,Yes,7785
58128,Tanishq Jewellery Plus 3,Fashion,Jewellery,TANISHQ,1825.36,1270.61,4.1,Yes,7811
58129,Vega Bike Active 3,Automotive,Bike Accessories,VEGA,3294.86,1952.25,3.5,Yes,8600
58130,Hasbro Action Max 5,Toys,Action Figures,HASBRO,185206.82,93175.84,3.12,Yes,7006
58131,HarperCollins Children Neo 3,Books,Children Books,HARPERCOLLINS,6111.15,4218.97,3.23,No,7197
58132,Patanjali Fruits Mini 9,Grocery,Fruits Vegetables,PATANJALI,3961.04,2027.97,2.6,Yes,7204
58133,SG Cycling Smart 7,Sports,Cycling,SG,14360.52,6608.4,3.85,Yes,7106
58134,Oxford Biographies Edge 8,Books,Biographies,OXFORD,4623.11,3302.96,3.67,No,8467
58135,Pantene Fragrances Mini 5,Beauty,Fragrances,PANTENE,62620.28,37301.52,4.13,Yes,7314
58136,Scholastic Non Air 1,Books,Non Fiction,SCHOLASTIC,8219.19,3431.39,2.95,Yes,8833
58137,Funskool Action Premium 1,Toys,Action Figures,FUNSKOOL,670.1,399.34,4.91,No,7463
58138,H&M Bags Elite 2,Fashion,Bags,H&M,506.01,279.76,2.78,Yes,7986
58139,Speedo Cricket Ultra 7,Sports,Cricket,SPEEDO,13997.81,7666.28,4.59,No,7323
58140,Abbott First Neo 5,Health,First Aid,ABBOTT,438.95,278.28,2.65,No,7151
58141,Muscleblaze Vitamins Neo 4,Health,Vitamins,MUSCLEBLAZE,2533.16,1450.2,3.56,Yes,8201
58142,Philips Appliances Plus 9,Home Kitchen,Appliances,PHILIPS,4578.38,2332.26,4.64,No,8941
58143,Arihant Non Lite 8,Books,Non Fiction,ARIHANT,1415.92,1014.52,3.11,Yes,8403
58144,SG Cricket X 6,Sports,Cricket,SG,16631.35,7616.46,3.06,Yes,7864
58145,LEVIS Bags Edge 8,Fashion,Bags,LEVIS,3375.42,2053.45,2.81,Yes,7870
58146,Orient Lighting Max 5,Home Kitchen,Lighting,ORIENT,110.72,74.84,4.3,Yes,7607
58147,Lego Soft Premium 6,Toys,Soft Toys,LEGO,644.14,425.22,4.81,Yes,8704
58148,Penguin Academic Lite 1,Books,Academic,PENGUIN,955.21,476.96,4.18,No,8792
58149,Steelbird Tyres X 7,Automotive,Tyres,STEELBIRD,671.08,287.65,3.88,Yes,8168
58150,HarperCollins Non Edge 6,Books,Non Fiction,HARPERCOLLINS,741.25,419.1,2.52,Yes,8608
58151,Nivia Running Pro 5,Sports,Running,NIVIA,382.59,221.21,2.77,Yes,8919
58152,Realme Cameras Lite 3,Electronics,Cameras,REALME,279614.8,196015.64,2.58,No,8647
58153,Speedo Cricket Elite 3,Sports,Cricket,SPEEDO,1201.07,763.25,3.93,Yes,8779
58154,Shell Tools Pro 3,Automotive,Tools,SHELL,306.39,128.23,3.66,Yes,7897
58155,Healthkart Protein Edge 1,Health,Protein,HEALTHKART,62518.22,44232.27,3.49,No,8683
58156,Michelin Lubricants Smart 7,Automotive,Lubricants,MICHELIN,62172.48,37968.69,2.83,Yes,8111
58157,Pearson Fiction Neo 4,Books,Fiction,PEARSON,638.23,356.85,4.62,Yes,7160
58158,Oxford Biographies Mini 1,Books,Biographies,OXFORD,349.81,182.21,3.15,Yes,8472
58159,ITC Staples Max 4,Grocery,Staples,ITC,961.21,567.22,4.73,Yes,8070
58160,Britannia Cleaning Mini 5,Grocery,Cleaning,BRITANNIA,27677.2,11596.87,3.53,No,7743
58161,canon Gaming Smart 5,Electronics,Gaming,CANON,9850.77,5126.56,2.53,No,7655
58162,Lenovo Laptops Ultra 7,Electronics,Laptops,LENOVO,16800.53,8587.03,4.38,Yes,7669
58163,Ok Play Remote Air 6,Toys,Remote Control,OK PLAY,4564.96,2967.224,2.92,Yes,7058
58164,Butterfly Lighting Lite 4,Home Kitchen,Lighting,BUTTERFLY,11574.9,6995.37,3.7,No,7440
58165,JBL Headphones Pro 6,Electronics,Headphones,JBL,853.16,358.06,4.47,Yes,8887
58166,Dabur Protein Premium 3,Health,Protein,DABUR,498.36,204.02,4.95,Yes,7414
58167,Vivo Headphones Max 8,Electronics,Headphones,VIVO,2262.48,1045.75,3.4,Yes,8100
58168,Healthkart Ayurveda X 1,Health,Ayurveda,HEALTHKART,394.04,242.07,2.75,Yes,7127
58169,Lego Educational Elite 6,Toys,Educational,LEGO,1740.68,1117.34,3.35,Yes,7224
58170,Speedo Yoga Neo 8,Sports,Yoga,SPEEDO,2921.86,1258.66,4.82,Yes,8790
58171,H&M Footwear Plus 4,Fashion,Footwear,H&M,2901.87,1275.58,4.11,Yes,8002
58172,Under Armour Yoga Elite 5,Sports,Yoga,UNDER ARMOUR,361.49,254.9,3.14,Yes,7193
58173,Michelin Tools Edge 6,Automotive,Tools,MICHELIN,3562.8,2151.18,3.59,Yes,7764
58174,Vivo Smart Active 2,Electronics,Smart Tvs,VIVO,4417.35,2241.49,3.95,Yes,7226
58175,S.Chand Non Ultra 9,Books,Non Fiction,S.CHAND,176275.9,91322.81,4.61,Yes,8846
58176,Britannia Beverages Air 5,Grocery,Beverages,BRITANNIA,13037.71,5773.47,3.29,Yes,7444
58177,Fastrack Kids Pro 6,Fashion,Kids Wear,FASTRACK,3946.51,1619.51,3.51,No,8872
58178,S.Chand Self Lite 3,Books,Self Help,S.CHAND,77506.66,33216.37,3.42,Yes,8942
58179,Forest Essentials Skincare Flex 2,Beauty,Skincare,FOREST ESSENTIALS,3153.33,1829.39,2.9,Yes,7214
58180,Pigeon Storage Premium 2,Home Kitchen,Storage,PIGEON,4334.1,1800.15,3.57,Yes,8813
58181,Parle Snacks Neo 8,Grocery,Snacks,PARLE,824.18,558.97,4.59,No,8086
58182,Lego Board Air 2,Toys,Board Games,LEGO,256786.52,111803.72,4.57,Yes,8826
58183,Dabur Protein Active 2,Health,Protein,DABUR,487.71,248.49,3.77,No,7910
58184,Woodland Bags Edge 9,Fashion,Bags,WOODLAND,2541.84,1361.03,3.52,No,8734
58185,Oxford Biographies Smart 2,Books,Biographies,OXFORD,294891.59,197203.36,5.0,Yes,7373
58186,Muscleblaze Ayurveda Air 6,Health,Ayurveda,MUSCLEBLAZE,295.97,127.33,3.28,Yes,7782
58187,Adidas Footwear Ultra 4,Fashion,Footwear,ADIDAS,293.57,128.68,4.69,Yes,8550
58188,Cipla Protein Max 6,Health,Protein,CIPLA,843.24,475.66,4.96,No,8503
58189,Cipla Supplements Plus 8,Health,Supplements,CIPLA,5418.91,2535.12,4.32,Yes,8313
58190,Scholastic Fiction Mini 6,Books,Fiction,SCHOLASTIC,6789.1,3092.47,3.15,Yes,8740
58191,Maybelline Skincare X 9,Beauty,Skincare,MAYBELLINE,20140.95,13959.74,4.71,Yes,8423
58192,H&M Women Active 6,Fashion,Women Clothing,H&M,522.28,301.5,3.11,No,7022
58193,Milton Garden X 5,Home Kitchen,Garden,MILTON,2856.04,1851.37,3.47,Yes,8285
58194,tanishq Men Lite 1,Fashion,Men Clothing,TANISHQ,816.71,345.77,3.22,No,7158
58195,Hasbro Board Premium 7,Toys,Board Games,HASBRO,178855.08,102646.07,2.6,Yes,8972
58196,DABUR Cleaning Flex 1,Grocery,Cleaning,DABUR,867.1,591.8,2.51,Yes,8941
58197,HUL Beverages Premium 4,Grocery,Beverages,HUL,3769.55,2147.59,3.43,Yes,8873
58198,Amul Personal Air 5,Grocery,Personal Care,AMUL,876.34,619.59,3.14,Yes,8889
58199,Ok Play Puzzles Elite 7,Toys,Puzzles,OK PLAY,562.64,285.36,2.89,Yes,8746
58200,Philips Storage Smart 3,Home Kitchen,Storage,PHILIPS,60556.57,31028.67,3.22,Yes,8410
58201,Bata Jewellery Lite 3,Fashion,Jewellery,BATA,137622.51,71967.78,4.4,Yes,8911
58202,Nike Sports Shoes Pro,Toys,Puzzles,WEBBY,19078.25,9208.23,3.79,Yes,7663
58203,Titan Footwear Pro 8,Fashion,Footwear,TITAN,2342.96,1312.92,3.18,Yes,7947
58204,Prestige Lighting Pro 3,Home Kitchen,Lighting,PRESTIGE,1639.72,805.61,4.39,Yes,7673
58205,Nivea Makeup Lite 5,Beauty,Makeup,NIVEA,17769.53,8207.59,3.08,Yes,8838
58206,Sony Mobiles Mini 6,Electronics,Unknown,SONY,11229.35,4879.0,3.16,Yes,8858
58207,Puma Sunglasses Plus 2,Fashion,Sunglasses,PUMA,18122.7,8740.91,2.7,Yes,8725
58208,Bosch Car Plus 5,Automotive,Car Accessories,BOSCH,11880.35,7274.88,5.0,Yes,8012
58209,Michelin Bike Pro 8,Automotive,Bike Accessories,MICHELIN,96941.22,55058.55,4.64,No,8162
58210,Nivia Fitness Premium 8,Sports,Fitness Equipment,NIVIA,373.9,233.53,4.2,Yes,7723
58211,Boat Rockerz 550,Toys,Puzzles,FUNSKOOL,1533.66,778.59,3.98,Yes,8240
58212,Hasbro Educational Edge 3,Toys,Educational,HASBRO,4021.66,2762.35,4.19,Yes,8844
58213,Arihant Non Mini 2,Books,Non Fiction,ARIHANT,40054.96,26887.01,4.29,Yes,7760
58214,Shell Tyres Flex 9,Automotive,Tyres,SHELL,296928.86,138067.76,4.78,Yes,7310
58215,Bajaj Bedding X 9,Home Kitchen,Unknown,BAJAJ,965.84,466.36,4.03,Yes,7357
58216,Ok Play Board Air 6,Toys,Board Games,OK PLAY,14063.86,8225.29,4.18,Yes,7078
58217,SG Cycling Max 4,Sports,Cycling,SG,1486.28,668.95,3.11,No,7927
58218,Castrol Tools Premium 3,Automotive,Unknown,CASTROL,997.0,700.56,3.89,Yes,8446
58219,Penguin Non Plus 8,Books,Non Fiction,PENGUIN,57105.7,23359.99,4.55,Yes,7256
58220,Cipla Medical Premium 9,Health,Medical Devices,CIPLA,26825.86,14387.19,3.25,Yes,8453
58221,Under Armour Running Smart 7,Sports,Running,UNDER ARMOUR,11687.66,5712.7,2.63,Yes,7427
58222,Bosch Bike Edge 6,Automotive,Bike Accessories,BOSCH,991.94,544.53,2.99,Yes,7532
58223,HUL Baby Ultra 6,Grocery,Baby Products,HUL,6943.51,4750.88,2.87,No,8173
58224,BAJAJ Decor Smart 9,Home Kitchen,Decor,BAJAJ,661.15,324.42,3.85,No,7634
58225,S.Chand Self Premium 4,Books,Self Help,S.CHAND,4118.22,2024.18,4.09,Yes,7845
58226,Usha Bedding Plus 3,Home Kitchen,Bedding,USHA,12136.31,5256.32,4.96,No,7079
58227,P&G Fruits Ultra 9,Grocery,Fruits Vegetables,P&G,17342.31,12099.8,4.0,Yes,7750
58228,Fastrack Women Mini 3,Fashion,Women Clothing,FASTRACK,8143894.02,4073228.57,4.83,Yes,7059
58229,Amul Fruits X 2,Grocery,Fruits Vegetables,AMUL,352.53,248.27,3.13,Yes,7333
58230,Nike Sunglasses Premium 9,Fashion,Sunglasses,NIKE,17132.46,8638.76,3.62,Yes,7231
58231,Muscleblaze Ayurveda Mini 3,Health,Ayurveda,MUSCLEBLAZE,4062.61,2152.06,3.75,Yes,7559
58232,Britannia Personal Neo 2,Grocery,Personal Care,BRITANNIA,81910.9,48509.96,2.73,Yes,7603
58233,LOreal Skincare Neo 5,Beauty,Skincare,LOREAL,2308.52,1174.93,3.19,Yes,7180
58234,Oxford Non Smart 7,Books,Non Fiction,OXFORD,6560.5,3200.23,4.32,Yes,7134
58235,Speedo Cricket Smart 9,Sports,Cricket,SPEEDO,3452.73,2324.19,4.23,Yes,8954
58236,Dove Mens Smart 7,Beauty,Mens Grooming,DOVE,945.83,569.99,4.57,Yes,7813
58237,Shell Car Elite 3,Automotive,Car Accessories,SHELL,16547.4,9381.64,4.02,Yes,8699
58238,Bata Bags Neo 6,Fashion,Bags,BATA,3869.04,1810.88,3.15,Yes,8941
58239,Steelbird Tyres Edge 1,Automotive,Tyres,STEELBIRD,60147.02,36647.15,2.57,Yes,8596
58240,Webby Action Active 1,Toys,Action Figures,WEBBY,410.59,194.29,3.36,Yes,8492
58241,Muscleblaze Medical Edge 4,Health,Medical Devices,MUSCLEBLAZE,39590.64,20515.91,2.53,Yes,7401
58242,3M Bike Plus 3,Automotive,Bike Accessories,3M,247075.94,127279.84,4.37,Yes,8517
58243,HarperCollins Academic Smart 1,Books,Academic,HARPERCOLLINS,404.97,255.2,4.84,Yes,8589
58244,Maybelline Haircare Plus 2,Beauty,Haircare,MAYBELLINE,453.58,280.2,4.01,Yes,8485
58245,Oxford Biographies Premium 7,Books,Biographies,OXFORD,745.26,303.98,2.76,Yes,8718
58246,Pearson Self Active 9,Books,Self Help,PEARSON,5969.84,3995.54,2.68,Yes,8985
58247,Biotique Fragrances Air 9,Beauty,Fragrances,BIOTIQUE,740.55,511.73,3.19,Yes,7564
58248,Britannia Staples Ultra 5,Grocery,Staples,BRITANNIA,3779.31,2681.51,3.7,Yes,8877
58249,Oxford Non Max 7,Books,Non Fiction,OXFORD,819.38,457.57,4.15,Yes,8099
58251,Penguin Fiction Mini 7,Books,Fiction,PENGUIN,39283.06,16730.75,3.46,Yes,7973
58252,Gillette Mens Flex 4,Beauty,Mens Grooming,GILLETTE,176900.56,85588.05,3.91,No,8865
58253,Lego Educational Premium 2,Toys,Educational,LEGO,13006.36,6934.11,4.83,Yes,8831
58254,OPPO Gaming Plus 4,Electronics,Gaming,OPPO,1429.87,812.56,3.04,Yes,8458
58255,Cosco Cricket Active 8,Sports,Cricket,COSCO,19626.4,11928.26,4.19,Yes,7462
58256,Cosco Cricket Smart 1,Sports,Cricket,COSCO,3519.82,1741.72,2.99,Yes,8266
58257,Himalaya Ayurveda Edge 6,Health,Ayurveda,HIMALAYA,632.99,265.99,4.85,No,8801
58258,SG Cycling Edge 3,Sports,Cycling,SG,188702.03,123086.95,3.53,Yes,8353
58259,Nikon Tablets Neo 8,Electronics,Tablets,NIKON,1881.62,774.27,2.63,No,7665
58260,Vega Bike X 1,Automotive,Bike Accessories,VEGA,92787.19,63021.53,4.73,Yes,8730
58261,Britannia Staples Elite 1,Grocery,Staples,BRITANNIA,843.81,402.46,4.89,No,8158
58262,Nike Kids Edge 8,Fashion,Kids Wear,NIKE,16454.99,11501.5,3.84,No,8819
58263,S.Chand Fiction X 1,Books,Fiction,S.CHAND,11149.43,7118.97,4.9,Yes,8641
58264,Hasbro Educational Elite 8,Toys,Educational,HASBRO,4977.11,3208.16,3.94,Yes,7219
58265,Muscleblaze Supplements Elite 1,Health,Supplements,MUSCLEBLAZE,60212.99,27180.36,4.96,Yes,8600
58266,Maybelline Mens Pro 4,Beauty,Mens Grooming,MAYBELLINE,4827.49,2850.67,3.2,Yes,7408
58267,Mattel Action Edge 5,Toys,Action Figures,MATTEL,299.23,211.83,4.17,Yes,7376
58268,Vega Lubricants Premium 3,Automotive,Lubricants,VEGA,10120.87,4525.41,4.71,Yes,7705
58269,Mattel Action Air 7,Toys,Action Figures,MATTEL,55175.43,30432.73,3.92,Yes,7955
58270,Speedo Swimming Lite 3,Sports,Swimming,SPEEDO,167435.05,90217.63,3.71,Yes,8117
58271,Cipla First Ultra 3,Health,First Aid,CIPLA,3019.52,1472.11,3.5,Yes,7643
58272,Biotique Makeup Pro 8,Beauty,Makeup,BIOTIQUE,195008.78,88503.08,4.99,No,8246
58273,Forest Essentials Makeup Mini 5,Beauty,Makeup,FOREST ESSENTIALS,874.38,547.73,3.81,Yes,8624
58274,Adidas Bags Max 8,Fashion,Bags,ADIDAS,4232.95,2877.44,4.78,No,7361
58275,Parle Snacks Premium 5,Grocery,Snacks,PARLE,5831.21,3328.5,3.36,No,8855
58276,Maybelline Skincare Pro 5,Beauty,Skincare,MAYBELLINE,116.74,47.42,4.1,No,8853
58277,Cosco Badminton X 6,Sports,Badminton,COSCO,182243.69,125957.56,4.91,Yes,8529
58278,Speedo Swimming Edge 7,Sports,Swimming,SPEEDO,10566.58,4864.65,3.57,No,8736
58279,Amul Dairy Max 5,Grocery,Dairy,AMUL,192989.73,87545.04,2.93,No,7217
58280,Himalaya Ayurveda Mini 6,Health,Ayurveda,HIMALAYA,8011.83,6008.8724999999995,4.56,Yes,7922
58281,HUL Beverages Lite 4,Grocery,Beverages,HUL,1315.27,792.7,4.5,No,7687
58282,Dove Mens Mini 2,Beauty,Mens Grooming,DOVE,23921.62,14017.44,3.39,Yes,7984
58283,SG Cycling Plus 1,Sports,Cycling,SG,4769.09,2658.99,2.86,No,8010
58284,Hasbro Board Plus 7,Toys,Board Games,HASBRO,2054.29,1232.1,3.82,No,8345
58285,Nivia Running Neo 1,Sports,Running,NIVIA,632.81,376.19,3.41,Yes,7573
58286,Tata Snacks Mini 5,Grocery,Snacks,TATA,3631.55,2562.92,2.7,Yes,8380
58287,Tata Dairy Lite 1,Grocery,Dairy,TATA,187.29,111.59,3.26,Yes,8172
58288,HP Smartwatches Pro 7,Electronics,Smartwatches,HP,3297.49,2317.16,3.27,Yes,7521
58289,Tata Staples Air 2,Grocery,Staples,TATA,814.08,459.63,4.13,Yes,8964
58290,Michelin Lubricants Edge 3,Automotive,Lubricants,MICHELIN,8882.11,4342.93,3.25,No,7446
58291,MRF Badminton X 2,Sports,Badminton,MRF,3535.86,2225.54,4.7,Yes,8412
58292,Mattel Remote Active 4,Toys,Remote Control,MATTEL,19897.29,13983.34,3.7,Yes,8052
58293,Pearson Biographies Air 1,Books,Biographies,PEARSON,4707.82,2824.56,4.68,Yes,8965
58294,Abbott First Elite 7,Health,First Aid,ABBOTT,19410.6,8266.25,4.49,Yes,8351
58295,Bosch Tools Active 3,Automotive,Tools,BOSCH,3368.49,1621.62,3.92,Yes,7290
58296,Penguin Fiction Pro 8,Books,Fiction,PENGUIN,4538.97,2686.55,2.63,Yes,7998
58298,Samsung Galaxy M35 5G,Sports,Swimming,NIVIA,67285.61,37285.81,4.07,Yes,8869
58299,Bosch Tools Ultra 1,Automotive,Tools,BOSCH,12082.43,5530.75,3.78,No,7327
58300,Bosch Lubricants Plus 2,Automotive,Lubricants,BOSCH,144.93,64.36,2.88,Yes,8244
58301,LOreal Fragrances Pro 4,Beauty,Fragrances,LOREAL,4051.56,2187.43,3.71,Yes,7807
58302,Amul Personal Neo 3,Grocery,Personal Care,AMUL,40059.99,24295.89,4.05,Yes,8277
58303,Zara Women Edge 5,Fashion,Women Clothing,ZARA,25545.72,11772.78,2.9,No,8028
58304,Castrol Car Edge 7,Automotive,Car Accessories,CASTROL,213.71,133.48,4.37,Yes,7651
58305,Pearson Biographies Lite 7,Books,Biographies,PEARSON,667.13,388.23,4.1,Yes,7872
58306,Forest Essentials Skincare X 9,Beauty,Skincare,FOREST ESSENTIALS,33627.79,15288.03,3.33,No,7102
58307,Lego Remote Air 4,Toys,Remote Control,LEGO,434.39,210.44,3.48,Yes,8141
58308,Louis Philippe Women Max 5,Fashion,Women Clothing,LOUIS PHILIPPE,1762.69,1043.37,3.73,Yes,7695
58309,Dabur Ayurveda Air 9,Health,Ayurveda,DABUR,3972.92,1765.62,4.5,Yes,8632
58310,Hasbro Remote Lite 2,Toys,Remote Control,HASBRO,288.36,193.09,3.29,Yes,7208
58311,Healthkart Protein X 9,Health,Protein,HEALTHKART,3304.35,1677.4,4.85,Yes,8561
58312,levis Jewellery Elite 4,Fashion,Unknown,LEVIS,2729.14,1651.36,2.58,Yes,7500
58313,Castrol Lubricants Max 2,Automotive,Lubricants,CASTROL,26610.25,18346.87,2.7,Yes,8197
58314,UCB Jewellery Pro 4,Fashion,Jewellery,UCB,690.92,317.74,3.81,Yes,7040
58315,Funskool Remote Neo 7,Toys,Remote Control,FUNSKOOL,447.26,287.96,4.52,Yes,8366
58316,Zara Sunglasses Lite 2,Fashion,Sunglasses,ZARA,3408.69,1496.77,2.81,Yes,7693
58317,Levis Women X 5,Fashion,Women Clothing,LEVIS,112130.97,54703.7,4.56,No,7941
58318,Acer Gaming Smart 6,Electronics,Gaming,ACER,15529.38,11103.88,4.9,Yes,7514
58319,Tanishq Watches Flex 8,Fashion,Watches,TANISHQ,16722.63,8366.9,3.88,No,7201
58320,Cosco Swimming Premium 9,Sports,Swimming,COSCO,3651.79,1699.54,4.71,Yes,8934
58321,Abbott First Smart 1,Health,First Aid,ABBOTT,91291.33,60067.76,3.83,No,7997
58322,Cipla Ayurveda Smart 1,Health,Ayurveda,CIPLA,1818.67,853.73,3.71,Yes,7170
58323,Puma Watches Mini 6,Fashion,Watches,PUMA,245932.7,138928.71,4.73,Yes,8661
58324,Webby Remote Mini 9,Toys,Remote Control,WEBBY,25174.15,14524.34,3.18,Yes,7259
58325,Arihant Fiction Edge 2,Books,Fiction,ARIHANT,796.92,331.99,4.47,Yes,7667
58326,Webby Action Neo 6,Toys,Action Figures,WEBBY,11684.84,7584.16,4.85,Yes,7310
58327,Logitech Tablets Edge 6,Electronics,Tablets,LOGITECH,2643.38,1325.68,4.98,Yes,8342
58328,Nivia Cycling Air 6,Sports,Cycling,NIVIA,3718.21,2116.43,2.88,Yes,7973
58329,Cipla Ayurveda X 9,Health,Ayurveda,CIPLA,848.04,579.27,2.7,No,7825
58330,Pigeon Garden Mini 1,Home Kitchen,Garden,PIGEON,929.65,444.0,3.87,No,8922
58331,Lakme Mens Max 6,Beauty,Mens Grooming,LAKME,189539.81,113802.4,3.39,No,8525
58332,Samsung Gaming Premium 4,Electronics,Gaming,SAMSUNG,712.87,332.37,3.96,Yes,7650
58333,Funskool Board Mini 2,Toys,Board Games,FUNSKOOL,3291.05,2270.75,3.29,Yes,7139
58334,Logitech Smartwatches Premium 5,Electronics,Smartwatches,LOGITECH,59776.21,33721.55,4.07,Yes,8585
58335,HUL Personal Elite 2,Grocery,Personal Care,HUL,15893.02,6642.56,4.64,No,8801
58336,LOreal Mens Mini 8,Beauty,Mens Grooming,LOREAL,110585.32,46915.9,3.02,Yes,8065
58337,Muscleblaze First Flex 8,Health,First Aid,MUSCLEBLAZE,167821.27,107632.7,4.42,No,8372
58338,Patanjali Cleaning Mini 8,Grocery,Cleaning,PATANJALI,258.13,128.47,2.97,No,7288
58339,Michelin Car Max 6,Automotive,Car Accessories,MICHELIN,6992.8,3659.56,2.57,Yes,8855
58340,Lego Soft Plus 4,Toys,Soft Toys,LEGO,891.99,573.08,4.57,Yes,7944
58341,Usha Lighting Plus 7,Home Kitchen,Lighting,USHA,46531.41,21493.32,2.61,No,8256
58342,Oxford Self Lite 1,Books,Self Help,OXFORD,12131.74,8451.13,3.74,Yes,7321
58343,Nikon Smartwatches Mini 4,Electronics,Smartwatches,NIKON,3737.11,1631.92,2.59,Yes,7003
58344,Butterfly Decor Plus 7,Home Kitchen,Decor,BUTTERFLY,2294.97,1013.83,3.33,Yes,8094
58345,Puma Watches X 6,Fashion,Watches,PUMA,188122.29,114361.59,4.37,Yes,7273
58346,Webby Puzzles Edge 4,Toys,Puzzles,WEBBY,70194.11,46778.55,3.87,Yes,8221
58347,Penguin Fiction Neo 7,Books,Fiction,PENGUIN,46753.7,28130.66,2.7,No,8436
58348,Reebok Swimming Air 6,Sports,Swimming,REEBOK,1551.69,890.55,5.0,Yes,8921
58349,Tanishq Kids Elite 2,Fashion,Kids Wear,TANISHQ,297789.31,177240.9,4.28,Yes,7801
58350,P&G Baby X 2,Grocery,Baby Products,P&G,34547.51,29365.3835,4.52,Yes,7406
58351,Havells Cookware Smart 2,Home Kitchen,Cookware,HAVELLS,437.3,205.18,3.01,Yes,7696
58352,Hasbro Action Flex 5,Toys,Action Figures,HASBRO,4577.51,1384.95,3.86,No,8447
58353,Oxford Children X 4,Books,Children Books,OXFORD,849.75,371.35,4.49,Yes,8285
58354,P&G Baby Flex 2,Grocery,Baby Products,P&G,878.62,613.07,3.68,No,8724
58355,Castrol Tools Flex 8,Automotive,Tools,CASTROL,14442.02,6006.98,2.83,Yes,8877
58356,Pigeon Appliances Smart 5,Home Kitchen,Appliances,PIGEON,2338.84,1502.19,3.17,Yes,7223
58357,Pantene Mens Ultra 6,Beauty,Mens Grooming,PANTENE,5313.8,2354.22,3.34,No,7960
58358,lakme Fragrances Neo 1,Beauty,Fragrances,LAKME,1938.32,1143.08,4.04,Yes,7621
58359,Bosch Car Elite 3,Automotive,Car Accessories,BOSCH,44006.04,31620.87,4.12,No,8126
58360,Xiaomi Smartwatches Max 1,Electronics,Smartwatches,XIAOMI,17857.57,7382.47,4.61,Yes,8337
58361,Xiaomi Cameras Air 5,Electronics,Cameras,XIAOMI,10102.88,5745.84,5.0,Yes,8030
58362,Decathlon Cricket Elite 3,Sports,Cricket,DECATHLON,76863.22,44523.55,3.36,No,7868
58363,Healthkart Vitamins Pro 2,Health,Vitamins,HEALTHKART,856.46,576.13,4.62,Yes,8533
58364,Samsung Smartwatches Plus 8,Electronics,Smartwatches,SAMSUNG,435.88,266.27,3.25,No,8848
58365,Castrol Tools Lite 7,Automotive,Tools,CASTROL,391.34,231.1,4.71,Yes,7878
58366,Lego Soft Smart 9,Toys,Soft Toys,LEGO,696.68,321.69,3.13,Yes,7530
58367,Steelbird Bike Neo 1,Automotive,Bike Accessories,STEELBIRD,49305.46,24471.76,4.58,Yes,7389
58368,Usha Decor Edge 9,Home Kitchen,Decor,USHA,2909.53,1971.25,4.0,Yes,7660
58369,Under Armour Cycling Active 5,Sports,Cycling,UNDER ARMOUR,71645.28,36849.64,4.24,Yes,8744
58370,Lego Board Neo 9,Toys,Board Games,LEGO,60433.79,38096.99,3.98,Yes,8008
58371,LOreal Fragrances Flex 8,Beauty,Fragrances,LOREAL,746.33,346.28,3.08,No,7719
58372,Lego Action Max 8,Toys,Action Figures,LEGO,15045.31,6483.21,4.74,Yes,8857
58373,Nestle Dairy Premium 1,Grocery,Dairy,NESTLE,3528.94,2280.99,3.09,Yes,8030
58374,Samsung Galaxy M35 5G,Home Kitchen,Cookware,PRESTIGE,984.29,672.91,3.3,Yes,7212
58375,HUL Baby Max 7,Grocery,Baby Products,HUL,497.45,220.49,3.19,Yes,7698
58376,SG Cricket Pro 1,Sports,Cricket,SG,4928.01,3453.03,3.79,Yes,8352
58377,Healthkart Supplements Edge 6,Health,Supplements,HEALTHKART,8903.29,4278.07,3.28,Yes,8959
58378,Lego Action Lite 6,Toys,Action Figures,LEGO,25577.44,12463.27,4.33,Yes,7346
58379,Himalaya Supplements Flex 1,Health,Supplements,HIMALAYA,194176.02,83842.47,4.72,Yes,7393
58380,Maybelline Makeup Neo 7,Beauty,Makeup,MAYBELLINE,41745.75,25794.49,3.19,Yes,7303
58381,Fastrack Men Mini 1,Fashion,Men Clothing,FASTRACK,454.75,296.64,4.13,Yes,7316
58382,Parle Personal Neo 5,Grocery,Personal Care,PARLE,4380.92,1883.17,4.08,No,8990
58383,Webby Puzzles X 2,Toys,Puzzles,WEBBY,42771.76,19057.09,3.48,No,7053
58384,Ok Play Soft Max 8,Toys,Soft Toys,OK PLAY,6010.06,3075.61,4.31,Yes,7267
58385,Healthkart Protein Neo 5,Health,Protein,HEALTHKART,786.69,390.63,4.2,Yes,8965
58386,HarperCollins Biographies Neo 3,Books,Biographies,HARPERCOLLINS,638.73,456.99,3.36,Yes,8028
58387,Dabur Fruits Air 1,Grocery,Fruits Vegetables,DABUR,67851.43,31077.69,3.13,Yes,8170
58388,Gillette Makeup Air 8,Beauty,Makeup,GILLETTE,1729.42,1048.96,3.92,Yes,7121
58389,Mattel Board Neo 7,Toys,Board Games,MATTEL,4584.09,3076.58,3.82,Yes,8895
58390,Muscleblaze Vitamins Elite 5,Health,Vitamins,MUSCLEBLAZE,3436.5,1842.66,3.91,Yes,7854
58391,Dell Tablets Air 4,Electronics,Tablets,DELL,101558.49,61952.8,4.36,Yes,8878
58392,REEBOK Yoga Ultra 4,Sports,Yoga,REEBOK,811.03,545.01,3.74,No,8946
58393,Havells Storage Pro 8,Home Kitchen,Storage,HAVELLS,4943.1,2389.18,3.09,Yes,8697
58394,hul Fruits Elite 6,Grocery,Fruits Vegetables,HUL,14037.49,8803.46,2.78,No,8003
58395,Abbott Protein Pro 8,Health,Protein,ABBOTT,3695.64,2430.88,2.6,Yes,7090
58396,Boat Rockerz 550,Grocery,Snacks,AMUL,61736.16,37802.83,3.36,Yes,7354
58397,Oxford Biographies X 6,Books,Biographies,OXFORD,4024.69,1948.74,4.05,Yes,7693
58398,Nikon Gaming Air 6,Electronics,Gaming,NIKON,827.3,349.84,4.18,Yes,8243
58399,Dabur Ayurveda Pro 8,Health,Ayurveda,DABUR,1932.66,1380.93,3.12,Yes,8553
58400,Webby Action Plus 8,Toys,Action Figures,WEBBY,513.63,364.1,2.73,Yes,8472
58401,Gillette Makeup Premium 6,Beauty,Makeup,GILLETTE,288849.96,118163.75,4.33,Yes,7452
58402,Bajaj Appliances Smart 6,Home Kitchen,Appliances,BAJAJ,752.93,412.19,2.96,No,7156
58403,pigeon Decor Neo 7,Home Kitchen,Decor,PIGEON,3716.17,1506.2,4.73,No,8969
58404,Himalaya First Air 7,Health,First Aid,HIMALAYA,7070.8,3328.51,4.33,Yes,7908
58405,Nike Sunglasses Plus 1,Fashion,Sunglasses,NIKE,13681.23,8160.2,4.05,Yes,8501
58406,Nike Sports Shoes Pro,Automotive,Tools,BOSCH,559.28,305.2,4.14,Yes,8504
58407,Michelin Lubricants Premium 1,Automotive,Lubricants,MICHELIN,349.76,202.96,3.39,Yes,8801
58408,Prestige Decor Max 6,Home Kitchen,Decor,PRESTIGE,9993.02,5174.88,3.47,Yes,7524
58409,nikon Laptops Lite 3,Electronics,Laptops,NIKON,56532.67,50879.403,2.93,Yes,7176
58410,Patanjali Staples Premium 9,Grocery,Staples,PATANJALI,55086.83,36011.79,3.7,Yes,7189
58411,Patanjali Cleaning Mini 2,Grocery,Cleaning,PATANJALI,898.45,454.82,3.5,Yes,7103
58412,Biotique Skincare Max 7,Beauty,Skincare,BIOTIQUE,103.5,73.71,3.13,Yes,7591
58413,Nike Women Active 4,Fashion,Women Clothing,NIKE,6452.34,3320.34,4.59,Yes,7480
58414,Reebok Badminton Max 7,Sports,Badminton,REEBOK,146.37,99.79,3.34,Yes,7645
58415,Bata Women Elite 2,Fashion,Women Clothing,BATA,8091.22,3564.24,4.14,Yes,7623
58416,Fisher Price Educational Plus 3,Toys,Educational,FISHER PRICE,7286.3,3235.79,2.62,Yes,8484
58417,S.Chand Fiction Premium 2,Books,Fiction,S.CHAND,74816.59,41906.68,4.35,Yes,7046
58418,OPPO Cameras Elite 1,Electronics,Cameras,OPPO,65263.46,30775.2,3.53,No,7594
58419,Funskool Puzzles Lite 5,Toys,Puzzles,FUNSKOOL,2380.19,970.91,3.42,Yes,8738
58420,Bajaj Garden Flex 6,Home Kitchen,Garden,BAJAJ,530.83,289.98,3.38,Yes,8315
58421,Steelbird Car Elite 1,Automotive,Car Accessories,STEELBIRD,431.05,213.17,5.0,Yes,7653
58422,Cipla Vitamins Lite 9,Health,Vitamins,CIPLA,3574.71,1574.8,4.65,Yes,8363
58423,Arihant Biographies Premium 6,Books,Biographies,ARIHANT,55047.37,37027.19,2.53,No,8796
58424,Maybelline Skincare Elite 2,Beauty,Skincare,MAYBELLINE,635.81,374.82,2.96,Yes,8645
58425,Lego Educational Smart 8,Toys,Educational,LEGO,64818.15,38709.2,3.67,Yes,7934
58426,Castrol Car Smart 5,Automotive,Car Accessories,CASTROL,3339.69,1491.06,4.54,Yes,7855
58427,Samsung Mobiles Air 9,Electronics,Mobiles,SAMSUNG,15645.24,9998.0,4.34,Yes,7516
58428,Tata Baby X 3,Grocery,Baby Products,TATA,96967.32,56911.08,3.92,Yes,7712
58429,HarperCollins Children Max 9,Books,Children Books,HARPERCOLLINS,4424.78,2075.65,3.0,Yes,7665
58430,Borosil Bedding Flex 2,Home Kitchen,Bedding,BOROSIL,2286.28,1281.26,2.73,No,7912
58431,Yonex Badminton Edge 4,Sports,Badminton,YONEX,1790.81,1110.89,3.24,No,7048
58432,Arihant Academic Pro 6,Books,Academic,ARIHANT,719.29,363.17,2.69,Yes,8313
58433,Ok Play Educational Plus 1,Toys,Unknown,OK PLAY,590.37,255.19,4.87,No,7272
58434,Healthkart Supplements Elite 4,Health,Supplements,HEALTHKART,602.03,367.67,3.03,No,7221
58435,Usha Appliances Mini 9,Home Kitchen,Appliances,USHA,664.38,439.52,3.64,Yes,8580
58436,H&M Women Neo 2,Fashion,Women Clothing,H&M,13842.13,9052.26,3.71,Yes,7151
58437,Arihant Self Premium 4,Books,Self Help,ARIHANT,13787.96,6467.36,3.23,Yes,8156
58438,Realme Laptops Ultra 3,Electronics,Laptops,REALME,294840.06,169476.41,4.28,Yes,7125
58439,decathlon Cycling Mini 8,Sports,Cycling,DECATHLON,3014.32,1620.19,3.91,Yes,8490
58440,Orient Bedding X 7,Home Kitchen,Bedding,ORIENT,356.78,245.35,4.52,Yes,7734
58441,Scholastic Children Pro 3,Books,Children Books,SCHOLASTIC,4095.59,2865.59,4.62,No,8907
58442,HUL Snacks Edge 7,Grocery,Snacks,HUL,891.86,595.37,4.08,Yes,8333
58443,Milton Bedding Max 9,Home Kitchen,Bedding,MILTON,4754.33,3328.031,3.59,Yes,7761
58444,LOreal Haircare Edge 3,Beauty,Haircare,LOREAL,209583.99,147587.82,2.9,Yes,8146
58445,Nike Footwear X 4,Fashion,Footwear,NIKE,156737.63,105879.96,2.61,Yes,7677
58446,OnePlus Mobiles Ultra 5,Electronics,Mobiles,ONEPLUS,11205.0,5535.09,3.8,Yes,8692
58447,Funskool Educational Edge 6,Toys,Educational,FUNSKOOL,3575.97,2211.84,2.92,Yes,8417
58448,P&G Beverages Pro 5,Grocery,Beverages,P&G,543.67,332.19,4.22,No,7924
58449,Usha Furniture Flex 7,Home Kitchen,Furniture,USHA,114475.74,82213.53,3.65,Yes,8511
58450,Abbott Protein Active 8,Health,Protein,ABBOTT,860.36,457.74,4.77,Yes,7327
58451,S.Chand Self Flex 6,Books,Self Help,S.CHAND,56714.3,38409.26,2.64,Yes,8961
58452,Tanishq Sunglasses Active 9,Fashion,Sunglasses,TANISHQ,913.17,516.08,3.51,No,8808
58453,Arihant Self Premium 4,Books,Self Help,ARIHANT,11743.6,5564.68,4.15,Yes,7206
58454,Mattel Soft Lite 3,Toys,Soft Toys,MATTEL,33518.13,14957.32,2.67,No,7692
58455,LOreal Mens Active 5,Beauty,Mens Grooming,LOREAL,135.34,73.93,3.26,Yes,7765
58456,Boat Rockerz 550,Electronics,Cameras,SONY,15647.89,6657.16,3.66,Yes,8460
58457,Hasbro Action Mini 3,Toys,Action Figures,HASBRO,3958.94,1707.86,3.82,Yes,8432
58458,Nivea Haircare Flex 2,Beauty,Haircare,NIVEA,79789.27,33610.36,4.42,Yes,8658
58459,Healthkart Supplements Plus 1,Health,Supplements,HEALTHKART,348.11,194.18,4.1,Yes,8113
58460,Cosco Yoga Premium 2,Sports,Yoga,COSCO,11534.74,7518.16,2.6,No,7628
58461,Usha Decor Ultra 8,Home Kitchen,Decor,USHA,3287.37,1516.67,4.83,Yes,7266
58462,Bata Kids Lite 2,Fashion,Kids Wear,BATA,9682.98,4652.95,4.86,No,8241
58463,Muscleblaze Medical Air 2,Health,Unknown,MUSCLEBLAZE,2920.49,2044.77,2.95,Yes,8571
58464,MRF Fitness Air 4,Sports,Fitness Equipment,MRF,505.65,322.14,4.97,Yes,8998
58465,3M Tyres Air 9,Automotive,Tyres,3M,752.02,478.44,2.5,No,8902
58466,Gillette Haircare Air 1,Beauty,Haircare,GILLETTE,1057.28,702.62,3.9,No,7551
58467,SG Swimming Air 2,Sports,Swimming,SG,2045.49,1393.86,4.12,No,7163
58468,Oxford Children Air 3,Books,Children Books,OXFORD,32665.68,18318.24,4.32,Yes,7256
58469,Forest Essentials Makeup Smart 4,Beauty,Makeup,FOREST ESSENTIALS,14564.93,5988.7,3.08,Yes,8575
58470,Dabur Beverages Smart 8,Grocery,Beverages,DABUR,4493.53,2217.39,4.06,Yes,8219
58471,Bata Jewellery Plus 3,Fashion,Jewellery,BATA,667.23,401.3,3.45,No,7464
58472,Maybelline Makeup Air 5,Beauty,Makeup,MAYBELLINE,109.02,44.18,4.99,No,8625
58473,MRF Fitness Flex 6,Sports,Fitness Equipment,MRF,102399.02,60839.62,3.23,Yes,7337
58474,Michelin Bike Max 4,Automotive,Bike Accessories,MICHELIN,92669.61,51708.28,4.93,Yes,8705
58475,Healthkart First Edge 9,Health,First Aid,HEALTHKART,559.21,353.65,4.84,Yes,8893
58476,Vega Bike Ultra 6,Automotive,Bike Accessories,VEGA,489.41,335.86,5.0,Yes,8930
58477,Vega Tools Pro 1,Automotive,Tools,VEGA,2594.25,1756.54,3.43,Yes,8740
58478,Shell Bike Active 5,Automotive,Bike Accessories,SHELL,4609.08,2957.73,3.21,Yes,7789
58479,Nike Sports Shoes Pro,Beauty,Fragrances,FOREST ESSENTIALS,1060.6,496.34,3.93,Yes,8057
58480,Muscleblaze First Edge 6,Health,First Aid,MUSCLEBLAZE,39187.08,20368.83,4.02,Yes,7771
58481,Pearson Children Ultra 7,Books,Children Books,PEARSON,283825.47,153053.59,4.03,Yes,8121
58482,Bata Bags Plus 4,Fashion,Bags,BATA,970.49,669.83,4.09,No,7366
58483,Decathlon Yoga X 8,Sports,Yoga,DECATHLON,845.14,603.1,3.22,Yes,7540
58484,Borosil Cookware Plus 8,Home Kitchen,Cookware,BOROSIL,856.02,483.19,3.39,Yes,7522
58485,Dabur Vitamins Edge 6,Health,Vitamins,DABUR,15014.34,6102.23,3.97,Yes,7165
58486,Lego Puzzles Elite 9,Toys,Puzzles,LEGO,1373.54,803.01,4.47,No,7873
58487,Asus Smart Mini 9,Electronics,Smart Tvs,ASUS,399.94,187.83,4.76,Yes,8953
58488,Ok Play Board Ultra 6,Toys,Board Games,OK PLAY,45837.66,19370.92,4.87,Yes,7212
58489,UCB Jewellery Neo 6,Fashion,Jewellery,UCB,3648.58,2000.67,4.58,Yes,7510
58490,Biotique Mens Flex 4,Beauty,Mens Grooming,BIOTIQUE,1369.11,549.5,2.64,Yes,7491
58491,Pearson Academic Smart 5,Books,Academic,PEARSON,1946.73,959.6,4.61,Yes,8611
58492,LOreal Makeup Elite 2,Beauty,Makeup,LOREAL,4987.4,3282.62,3.61,Yes,7535
58493,SG Swimming Elite 7,Sports,Swimming,SG,37468.56,18783.31,3.87,Yes,8539
58494,Lego Action Mini 3,Toys,Action Figures,LEGO,19105.38,8382.75,4.01,Yes,8447
58495,Fastrack Bags Mini 8,Fashion,Unknown,FASTRACK,352.32,160.72,2.81,No,7465
58496,Muscleblaze Supplements Plus 2,Health,Supplements,MUSCLEBLAZE,11144.58,4984.37,4.48,No,7542
58497,Forest Essentials Haircare Pro 6,Beauty,Haircare,FOREST ESSENTIALS,4959.6,2890.74,4.5,Yes,7472
58498,Orient Lighting Pro 5,Home Kitchen,Lighting,ORIENT,5801.4,2866.99,3.91,Yes,7033
58499,Steelbird Tools X 6,Automotive,Unknown,STEELBIRD,629.39,265.51,4.42,Yes,7458
58500,Himalaya Protein Active 9,Health,Protein,HIMALAYA,135.89,94.63,2.6,Yes,7568
58501,Mattel Action Elite 9,Toys,Action Figures,MATTEL,1307.67,747.46,3.28,Yes,8927
58502,Dabur Vitamins Flex 5,Health,Vitamins,DABUR,746.22,328.74,4.21,Yes,8346
58503,WEBBY Board Neo 9,Toys,Board Games,WEBBY,38895.12,25087.52,4.98,No,8312
58504,Muscleblaze Protein Ultra 9,Health,Protein,MUSCLEBLAZE,44427.38,18854.57,2.65,Yes,7106
58505,Bata Men Plus 2,Fashion,Men Clothing,BATA,79805.14,35484.77,3.71,Yes,8496
58506,LOreal Haircare X 5,Beauty,Haircare,LOREAL,76998.77,37766.74,3.19,No,8960
58507,Nivea Skincare Ultra 4,Beauty,Skincare,NIVEA,6238.04,4054.726,3.8,No,8939
58508,Pigeon Garden Smart 4,Home Kitchen,Garden,PIGEON,7995.52,3843.24,4.64,Yes,7884
58509,Dabur Snacks Mini 3,Grocery,Snacks,DABUR,190053.68,117150.09,3.48,Yes,7985
58510,S.Chand Non Edge 3,Books,Non Fiction,S.CHAND,2050.29,833.46,4.35,Yes,8877
58511,Healthkart Vitamins Premium 3,Health,Vitamins,HEALTHKART,3562.93,1600.15,4.1,Yes,7586
58512,Woodland Women Flex 3,Fashion,Women Clothing,WOODLAND,834.35,540.34,3.18,Yes,7565
58513,Bosch Car Max 4,Automotive,Car Accessories,BOSCH,5452873.34,2863739.82,3.23,No,8854
58514,Asus Tablets Active 9,Electronics,Tablets,ASUS,40884.96,17118.89,3.85,Yes,8909
58515,mattel Remote Elite 8,Toys,Remote Control,MATTEL,59861.87,33436.74,2.82,Yes,7047
58516,Ok Play Puzzles Elite 2,Toys,Puzzles,OK PLAY,599.51,371.72,4.5,No,8736
58517,Usha Furniture Max 8,Home Kitchen,Furniture,USHA,91185.59,50067.97,3.72,Yes,8442
58518,Lego Puzzles Premium 4,Toys,Puzzles,LEGO,527.05,343.35,4.1,Yes,8783
58519,Steelbird Bike Max 8,Automotive,Bike Accessories,STEELBIRD,2333.7,1422.84,4.09,Yes,8670
58520,Titan Women Lite 7,Fashion,Women Clothing,TITAN,3460.89,2099.31,4.36,No,8174
58521,Scholastic Fiction Pro 5,Books,Fiction,SCHOLASTIC,1653.02,1130.03,4.42,Yes,7624
58522,Hasbro Action Edge 6,Toys,Action Figures,HASBRO,2771.61,1179.57,3.48,Yes,8027
58523,Samsung Cameras Plus 6,Electronics,Cameras,SAMSUNG,3794.26,1543.2,2.57,Yes,8628
58524,OPPO Gaming Mini 5,Electronics,Gaming,OPPO,10899.86,7331.89,4.49,Yes,8042
58525,HarperCollins Children Neo 4,Books,Children Books,HARPERCOLLINS,41827.97,28804.22,2.82,No,7676
58526,Nivea Haircare Plus 1,Beauty,Haircare,NIVEA,3315.5699999999997,2155.1205,3.9,Yes,8507
58527,Nivia Swimming Ultra 5,Sports,Unknown,NIVIA,1322.8,837.94,3.22,No,8603
58528,Michelin Tyres Pro 7,Automotive,Tyres,MICHELIN,68354.14,31164.49,2.85,Yes,7019
58529,Arihant Academic X 4,Books,Academic,ARIHANT,888.26,613.39,4.86,Yes,7383
58530,Vega Bike Ultra 9,Automotive,Bike Accessories,VEGA,50336.87,27796.83,4.38,No,8193
58531,Fast&Up Supplements Plus 1,Health,Supplements,FAST&UP,8550.53,4325.93,4.14,Yes,7955
58532,Ok Play Remote Mini 4,Toys,Remote Control,OK PLAY,119117.29,49012.15,3.36,No,8074
58533,Apple Cameras Elite 9,Electronics,Cameras,APPLE,17666.09,10371.12,4.98,No,8909
58534,Zara Men Max 8,Fashion,Men Clothing,ZARA,42216.69,28929.3,2.72,Yes,8748
58535,Vega Tools Flex 6,Automotive,Tools,VEGA,4623.52,2573.27,2.77,Yes,7786
58536,Dabur Supplements Neo 6,Health,Supplements,DABUR,350.48,185.95,4.71,Yes,8019
58537,Speedo Running Plus 1,Sports,Running,SPEEDO,15986.28,11401.99,4.63,Yes,8829
58538,3M Bike Max 8,Automotive,Bike Accessories,3M,125.31,66.58,4.99,No,8937
58539,Speedo Fitness Air 4,Sports,Fitness Equipment,SPEEDO,916.97,581.59,4.88,Yes,7951
58540,Nike Sports Shoes Pro,Health,First Aid,CIPLA,930.44,633.82,3.88,Yes,7003
58541,LG Gaming Flex 4,Electronics,Gaming,LG,867.79,354.16,4.95,Yes,7139
58542,HUL Fruits Neo 5,Grocery,Fruits Vegetables,HUL,895.64,462.83,4.53,Yes,8757
58543,Mattel Soft Active 1,Toys,Soft Toys,MATTEL,1667.75,992.0,3.38,Yes,8345
58544,Prestige Lighting Elite 9,Home Kitchen,Lighting,PRESTIGE,11983.95,6065.16,3.74,Yes,8925
58545,Penguin Academic Lite 1,Books,Academic,PENGUIN,15443.01,9104.14,4.27,Yes,7966
58546,Vivo Smart Active 2,Electronics,Smart Tvs,VIVO,2263.61,1617.63,4.41,Yes,8622
58547,HarperCollins Non Edge 5,Books,Non Fiction,HARPERCOLLINS,2210.7,1558.66,3.91,Yes,8570
58548,Acer Laptops Ultra 3,Electronics,Laptops,ACER,1215.65,516.49,3.02,Yes,7160
58549,UCB Bags Premium 4,Fashion,Bags,UCB,11002.87,6853.21,4.68,Yes,7337
58550,3M Bike Ultra 9,Automotive,Bike Accessories,3M,292820.62,210290.12,4.83,Yes,7547
58551,Webby Educational Lite 1,Toys,Educational,WEBBY,846.36,432.83,3.69,Yes,7842
58552,Arihant Non Max 5,Books,Non Fiction,ARIHANT,4739.54,2082.74,5.0,Yes,7527
58553,Biotique Fragrances Premium 3,Beauty,Fragrances,BIOTIQUE,2796.42,1817.673,3.99,Yes,7957
58554,HarperCollins Academic Ultra 9,Books,Academic,HARPERCOLLINS,164.94,94.04,3.77,Yes,7125
58555,Maybelline Makeup Elite 6,Beauty,Makeup,MAYBELLINE,14728.42,6280.13,2.88,No,8094
58556,Adidas Footwear Elite 9,Fashion,Footwear,ADIDAS,210760.08,141072.13,2.66,Yes,8921
58557,Nike Sports Shoes Pro,Automotive,Car Accessories,VEGA,66330.21,38270.04,4.16,No,8446
58558,HarperCollins Fiction Plus 4,Books,Fiction,HARPERCOLLINS,410.97,248.9,3.36,No,8646
58559,Milton Lighting X 3,Home Kitchen,Lighting,MILTON,787.69,394.94,3.53,Yes,8356
58560,Reebok Cricket Air 6,Sports,Cricket,REEBOK,11823.92,7665.68,2.89,No,8372
58561,Castrol Bike Air 4,Automotive,Bike Accessories,CASTROL,3890.68,2448.05,2.87,Yes,7614
58562,Michelin Tools Edge 2,Automotive,Tools,MICHELIN,126514.93,66850.9,4.16,Yes,8016
58563,Van Heusen Bags Max 6,Fashion,Bags,VAN HEUSEN,861.2,534.78,3.27,Yes,8755
58564,Realme Headphones Smart 6,Electronics,Headphones,REALME,254954.26,165875.46,3.84,No,8669
58565,Prestige Bedding Premium 7,Home Kitchen,Bedding,PRESTIGE,111.27,49.26,3.98,Yes,7790
58566,Canon Smart Flex 3,Electronics,Smart Tvs,CANON,32947.13,19225.66,3.03,Yes,7381
58567,Dabur Vitamins Ultra 8,Health,Vitamins,DABUR,12960.4,9061.54,4.55,Yes,8981
58568,Maybelline Fragrances Edge 6,Beauty,Fragrances,MAYBELLINE,3652.66,2315.6,4.64,Yes,7396
58569,Usha Furniture Premium 8,Home Kitchen,Furniture,USHA,889.95,593.2,4.59,Yes,8697
58570,Fastrack Kids Premium 7,Fashion,Kids Wear,FASTRACK,661.54,306.63,5.0,Yes,8080
58571,Abbott Supplements Neo 5,Health,Supplements,ABBOTT,253.22,174.69,4.83,Yes,7435
58572,Borosil Storage Smart 3,Home Kitchen,Storage,BOROSIL,1472.24,787.28,3.97,Yes,7642
58573,Dell Gaming Elite 1,Electronics,Unknown,DELL,13730.1,8716.05,2.94,Yes,8247
58574,Prestige Bedding Flex 7,Home Kitchen,Bedding,PRESTIGE,590.0,307.55,2.53,Yes,8418
58575,LOreal Mens Max 2,Beauty,Mens Grooming,LOREAL,1921.71,1357.47,2.77,No,7374
58576,LOreal Mens Ultra 2,Beauty,Mens Grooming,LOREAL,45297.13,19958.98,2.54,No,8247
58577,Britannia Dairy Lite 6,Grocery,Dairy,BRITANNIA,182.92,88.03,2.74,Yes,7532
58578,Fisher Price Educational Smart 8,Toys,Educational,FISHER PRICE,11837.69,7694.498500000001,3.29,Yes,8530
58579,Dabur First Plus 8,Health,First Aid,DABUR,35429.75,16674.27,2.5,No,7583
58580,Dove Makeup Pro 6,Beauty,Makeup,DOVE,627.86,408.10900000000004,3.5,Yes,7142
58581,Castrol Tyres Neo 3,Automotive,Tyres,CASTROL,270538.0,124200.42,2.63,No,7315
58582,Pearson Fiction Air 2,Books,Fiction,PEARSON,4786.97,2932.33,4.1,Yes,7740
58583,Fast&Up Medical Premium 5,Health,Medical Devices,FAST&UP,4364.06,2275.19,3.73,Yes,8779
58584,Borosil Garden Edge 3,Home Kitchen,Garden,BOROSIL,215754.0,96534.32,4.98,Yes,7043
58585,Zara Jewellery Ultra 9,Fashion,Jewellery,ZARA,273.86,168.04,4.13,Yes,8344
58586,Usha Appliances Lite 4,Home Kitchen,Appliances,USHA,630.44,434.01,4.84,Yes,7882
58587,Nivea Fragrances X 5,Beauty,Fragrances,NIVEA,873.54,435.74,3.67,No,7918
58588,Noise Headphones Flex 3,Electronics,Headphones,NOISE,173579.65,89801.99,4.05,Yes,8798
58589,S.Chand Academic Pro 9,Books,Academic,S.CHAND,18431.92,8538.19,4.4,Yes,8234
58590,Bosch Bike X 5,Automotive,Bike Accessories,BOSCH,148470.51,98224.73,2.71,Yes,7383
58591,Patanjali Snacks Active 7,Grocery,Snacks,PATANJALI,10559.68,5884.22,4.75,Yes,7390
58592,SG Cricket Premium 5,Sports,Cricket,SG,11502.15,8090.65,3.79,Yes,8362
58593,Himalaya Ayurveda Pro 9,Health,Ayurveda,HIMALAYA,182100.37,122378.29,3.19,Yes,7087
58594,Steelbird Bike X 1,Automotive,Bike Accessories,STEELBIRD,8211.92,4830.6,3.15,Yes,7758
58595,Dove Mens Premium 9,Beauty,Mens Grooming,DOVE,311.3,149.83,3.51,Yes,7044
58596,YONEX Yoga Mini 1,Sports,Yoga,YONEX,2198.52,888.65,4.74,Yes,8933
58597,Woodland Sunglasses Edge 3,Fashion,Sunglasses,WOODLAND,6807.42,3420.39,4.78,No,7202
58598,Vega Bike Neo 1,Automotive,Bike Accessories,VEGA,107670.2,64986.24,3.18,Yes,7754
58599,Forest Essentials Skincare Lite 3,Beauty,Skincare,FOREST ESSENTIALS,528.59,330.64,4.12,No,8799
58600,LG Tablets Ultra 2,Electronics,Tablets,LG,837.48,440.75,2.54,No,7884
58601,yonex Running Flex 8,Sports,Running,YONEX,458.49,326.41,4.04,No,8771
58602,Steelbird Tools Premium 4,Automotive,Tools,STEELBIRD,506.39,323.1,4.59,No,8826
58603,OPPO Laptops Max 2,Electronics,Laptops,OPPO,2025.18,1185.76,4.63,Yes,7610
58604,Patanjali Snacks Edge 6,Grocery,Snacks,PATANJALI,3741.18,2192.12,3.45,Yes,8521
58605,Tanishq Jewellery Premium 2,Fashion,Jewellery,TANISHQ,182.91,122.46,3.02,Yes,8067
58606,HarperCollins Children Smart 8,Books,Unknown,HARPERCOLLINS,242016.63,120743.72,3.22,No,7041
58607,Samsung Headphones Lite 9,Electronics,Headphones,SAMSUNG,8966.64,5708.9,3.87,Yes,7714
58608,Amul Snacks Elite 5,Grocery,Snacks,AMUL,47834.69,21854.03,4.59,Yes,7374
58609,Muscleblaze Supplements Lite 6,Health,Supplements,MUSCLEBLAZE,17428.98,8951.17,3.44,Yes,7125
58610,Nivea Haircare Flex 2,Beauty,Haircare,NIVEA,4857.99,2117.85,3.51,Yes,7778
58611,Pantene Haircare X 9,Beauty,Haircare,PANTENE,411.1,294.86,3.51,Yes,8526
58612,P&G Dairy Ultra 9,Grocery,Dairy,P&G,939.23,419.83,3.64,Yes,7609
58613,Nestle Snacks Pro 2,Grocery,Snacks,NESTLE,428.96,266.76,4.58,Yes,7675
58614,Milton Lighting Lite 5,Home Kitchen,Lighting,MILTON,346.23,183.96,3.36,Yes,8430
58615,Dabur Vitamins Lite 6,Health,Vitamins,DABUR,133222.55,56208.72,4.65,Yes,7082
58616,Usha Furniture Edge 9,Home Kitchen,Furniture,USHA,451.72,193.75,2.97,No,7068
58617,Butterfly Storage Edge 7,Home Kitchen,Storage,BUTTERFLY,26303.01,18052.42,3.58,Yes,8377
58618,Webby Puzzles Air 6,Toys,Puzzles,WEBBY,814.28,408.37,3.98,Yes,7616
58619,Penguin Non Pro 8,Books,Non Fiction,PENGUIN,4556.04,3218.69,4.89,Yes,7316
58620,Bajaj Bedding Pro 3,Home Kitchen,Bedding,BAJAJ,278.31,156.59,3.43,No,7393
58622,Amul Baby Elite 6,Grocery,Baby Products,AMUL,12138.74,8282.77,2.98,No,8283
58623,Pearson Self X 4,Books,Self Help,PEARSON,14045.8,9314.83,4.86,Yes,7017
58624,Havells Bedding Lite 3,Home Kitchen,Bedding,HAVELLS,16618.53,10207.76,3.47,Yes,7572
58625,3M Bike X 8,Automotive,Bike Accessories,3M,42848.35,28640.13,2.99,Yes,8808
58626,MRF Yoga X 3,Sports,Yoga,MRF,8335.78,3905.45,4.99,Yes,8031
58627,Speedo Fitness Flex 5,Sports,Fitness Equipment,SPEEDO,338.73,171.92,3.97,Yes,7267
58628,Funskool Remote Mini 1,Toys,Remote Control,FUNSKOOL,64129.63,41792.66,3.37,Yes,8481
58629,Boat Rockerz 550,Sports,Swimming,YONEX,72314.38,39026.41,4.83,Yes,8161
58630,Bata Footwear Mini 7,Fashion,Footwear,BATA,921.72,580.37,2.65,No,7737
58631,Biotique Fragrances Edge 6,Beauty,Fragrances,BIOTIQUE,1856.09,964.43,3.87,No,8977
58632,Fisher Price Action Flex 3,Toys,Action Figures,FISHER PRICE,221.81,110.82,3.98,Yes,7273
58633,Milton Appliances Max 2,Home Kitchen,Appliances,MILTON,438.52,222.9,4.57,Yes,8566
58634,Fast&Up Vitamins Neo 8,Health,Vitamins,FAST&UP,667.23,281.2,4.78,No,7499
58635,Gillette Skincare Active 3,Beauty,Skincare,GILLETTE,74159.94,42878.62,4.39,Yes,7013
58636,Ok Play Soft Edge 2,Toys,Soft Toys,OK PLAY,5282.76,3195.5,3.06,No,7050
58637,Fast&Up Supplements Smart 5,Health,Supplements,FAST&UP,803.48,571.92,2.58,Yes,7153
58638,Fast&Up Ayurveda Edge 4,Health,Ayurveda,FAST&UP,1278.18,807.2,3.95,Yes,7606
58639,Michelin Tools Max 7,Automotive,Tools,MICHELIN,362.0,180.22,3.91,No,8333
58640,Michelin Tools Elite 4,Automotive,Tools,MICHELIN,8192.83,4843.47,4.33,Yes,8121
58641,Pearson Non Mini 9,Books,Non Fiction,PEARSON,802.44,362.45,5.0,Yes,8632
58642,Dove Mens Ultra 6,Beauty,Unknown,DOVE,19093.65,12924.01,3.68,No,8746
58643,Castrol Lubricants Neo 1,Automotive,Lubricants,CASTROL,320.78,178.29,4.45,Yes,8288
58644,Fast&Up Protein X 7,Health,Protein,FAST&UP,24037.93,11969.89,4.72,No,8086
58645,Boat Laptops Neo 1,Electronics,Laptops,BOAT,1712.91,906.31,3.66,Yes,7610
58646,Bajaj Bedding Neo 6,Home Kitchen,Bedding,BAJAJ,17833.64,11329.77,3.88,Yes,8008
58647,OXFORD Non Elite 3,Books,Non Fiction,OXFORD,7117.59,4109.86,3.75,Yes,7986
58648,Asus Cameras Max 1,Electronics,Cameras,ASUS,2764.0,1545.9,4.53,Yes,8023
58649,Asus Laptops Elite 2,Electronics,Laptops,ASUS,2698.63,1478.16,4.9,Yes,7643
58650,3M Bike Plus 7,Automotive,Bike Accessories,3M,6322.24,3689.38,4.38,Yes,8417
58651,HP Laptops Premium 8,Electronics,Laptops,HP,1363130.41,878643.05,4.33,Yes,8497
58652,Dabur Protein Max 8,Health,Protein,DABUR,173510.22,94285.75,2.59,Yes,8107
58653,Oxford Self Active 4,Books,Self Help,OXFORD,1044.88,739.26,4.25,Yes,7766
58654,Fisher Price Remote Pro 8,Toys,Remote Control,FISHER PRICE,731.28,477.11,4.27,Yes,7008
58655,Shell Bike Plus 1,Automotive,Bike Accessories,SHELL,4885.4,2265.84,3.38,No,8013
58656,Samsung Galaxy M35 5G,Electronics,Headphones,NOISE,2571.54,1143.26,2.56,Yes,8976
58657,Funskool Educational X 1,Toys,Educational,FUNSKOOL,74344.7,34470.76,3.53,No,7066
58658,Britannia Cleaning Plus 9,Grocery,Cleaning,BRITANNIA,73443.71,34806.85,3.7,No,8666
58659,Scholastic Fiction Lite 7,Books,Fiction,SCHOLASTIC,495.34,233.62,2.61,No,8637
58660,Orient Garden Lite 5,Home Kitchen,Garden,ORIENT,241.26,99.32,3.84,Yes,7193
58661,Bajaj Garden Smart 9,Home Kitchen,Garden,BAJAJ,617.17,362.5,4.59,Yes,7277
58662,Decathlon Cycling Premium 9,Sports,Cycling,DECATHLON,2543.24,1078.03,4.8,No,7608
58663,LOreal Fragrances Premium 5,Beauty,Fragrances,LOREAL,349.23,241.24,4.92,Yes,8669
58664,Webby Educational Elite 3,Toys,Educational,WEBBY,1968.36,1333.91,4.34,Yes,7386
58665,Apple Headphones Elite 1,Electronics,Headphones,APPLE,83758.61,42048.19,4.78,Yes,8015
58666,Puma Women Pro 1,Fashion,Women Clothing,PUMA,14300.09,6220.56,3.91,Yes,7739
58667,Pantene Skincare Mini 3,Beauty,Skincare,PANTENE,3080.57,2002.3705000000002,3.63,Yes,7510
58668,Oxford Self Smart 5,Books,Self Help,OXFORD,10984.08,5492.04,3.84,No,7763
58669,JBL Laptops Air 1,Electronics,Laptops,JBL,3850.8,2492.6,4.77,Yes,8151
58670,Decathlon Badminton Max 8,Sports,Badminton,DECATHLON,940.78,670.16,4.0,Yes,7498
58671,Healthkart Protein Pro 1,Health,Protein,HEALTHKART,407.78,222.26,3.66,Yes,7099
58672,Bosch Tools Flex 8,Automotive,Tools,BOSCH,63468.01,25586.09,4.82,No,7178
58673,Patanjali Beverages Edge 3,Grocery,Beverages,PATANJALI,134358.13,86088.98,4.37,Yes,8148
58674,Speedo Cycling Edge 3,Sports,Cycling,SPEEDO,52646.6,25818.39,3.74,No,7246
58675,Vega Tyres Active 7,Automotive,Tyres,VEGA,14681.72,7222.46,4.34,Yes,7424
58676,Fisher Price Soft Mini 7,Toys,Soft Toys,FISHER PRICE,4410.32,1980.93,3.21,Yes,8083
58677,Speedo Swimming Max 8,Sports,Swimming,SPEEDO,488.78,342.14599999999996,3.33,Yes,7999
58678,Scholastic Academic X 1,Books,Academic,SCHOLASTIC,16855.09,9142.6,4.66,Yes,8425
58679,Biotique Haircare Premium 4,Beauty,Haircare,BIOTIQUE,867.49,493.79,3.16,Yes,8517
58680,3M Car Flex 9,Automotive,Car Accessories,3M,41085.26,20745.53,2.5,Yes,7852
58681,Cipla First Max 4,Health,First Aid,CIPLA,81044.73,53145.37,2.98,Yes,8900
58682,Xiaomi Smartwatches Neo 1,Electronics,Smartwatches,XIAOMI,106203.54,54673.46,3.49,No,8452
58683,Yonex Cycling Active 3,Sports,Cycling,YONEX,5561.27,3898.04,4.74,Yes,7959
58684,Yonex Yoga Active 4,Sports,Yoga,YONEX,913.58,378.58,4.31,No,8634
58685,S.Chand Biographies Max 6,Books,Biographies,S.CHAND,75735.92,52111.89,4.52,No,7147
58686,Hasbro Action Pro 1,Toys,Action Figures,HASBRO,100.83,56.97,4.64,No,8788
58687,Borosil Furniture Plus 9,Home Kitchen,Furniture,BOROSIL,6512.61,4554.26,2.6,Yes,8272
58688,Orient Appliances X 7,Home Kitchen,Appliances,ORIENT,3929.57,1935.18,3.01,Yes,8247
58689,Havells Appliances Plus 4,Home Kitchen,Appliances,HAVELLS,1204.58,796.06,3.21,No,8425
58690,HUL Fruits Neo 3,Grocery,Fruits Vegetables,HUL,18708.79,11034.17,4.55,Yes,7429
58691,Lego Educational Active 6,Toys,Educational,LEGO,77884.4,45431.22,4.38,Yes,8001
58692,Dabur Baby Ultra 4,Grocery,Baby Products,DABUR,3783.0,2653.31,4.18,No,7787
58693,Nike Kids Ultra 6,Fashion,Kids Wear,NIKE,52212.05,26524.09,3.62,Yes,8169
58694,Canon Gaming Plus 7,Electronics,Gaming,CANON,7572.36,3324.29,3.57,No,8298
58695,funskool Puzzles Max 6,Toys,Puzzles,FUNSKOOL,66097.35,28292.07,3.4,Yes,7149
58696,SG Running Smart 9,Sports,Running,SG,67182.74,29520.7,5.0,Yes,8504
58697,Amul Cleaning Max 8,Grocery,Cleaning,AMUL,2083.0,1091.68,4.61,No,7460
58698,amul Snacks Ultra 7,Grocery,Snacks,AMUL,3821.22,2587.44,2.76,Yes,7546
58699,P&G Fruits Smart 6,Grocery,Fruits Vegetables,P&G,19711.77,9198.2,4.37,Yes,7149
58700,Asus Cameras Flex 2,Electronics,Cameras,ASUS,1374.33,955.78,2.51,Yes,8057
58701,Oxford Non Elite 2,Books,Non Fiction,OXFORD,5986.07,4263.98,3.25,Yes,7645
58702,MRF Cricket Active 5,Sports,Cricket,MRF,169.69,92.66,3.69,No,7526
58703,Lakme Mens Air 3,Beauty,Mens Grooming,LAKME,353.77,234.82,4.62,Yes,7593
58704,HarperCollins Self Elite 2,Books,Unknown,HARPERCOLLINS,128073.84,66912.74,3.77,Yes,7410
58705,Vega Lubricants Flex 2,Automotive,Lubricants,VEGA,296684.51,196809.8,2.55,Yes,7635
58706,Cipla Protein Neo 6,Health,Protein,CIPLA,7433.76,3993.54,2.93,Yes,8552
58707,Ok Play Puzzles Ultra 3,Toys,Puzzles,OK PLAY,8366.27,5178.88,4.95,Yes,8059
58708,Vega Bike Ultra 5,Automotive,Bike Accessories,VEGA,353.23,180.26,4.35,Yes,8069
58709,Fast&Up Supplements Mini 9,Health,Supplements,FAST&UP,10638.37,7264.91,2.87,Yes,7638
58710,Lenovo Headphones Elite 5,Electronics,Headphones,LENOVO,4655.6,2008.61,4.56,Yes,7195
58711,Healthkart Vitamins Neo 4,Health,Vitamins,HEALTHKART,9792.15,4122.58,2.72,Yes,8281
58712,Hasbro Educational Elite 9,Toys,Educational,HASBRO,17472.41,9823.14,3.99,Yes,7972
58713,Milton Furniture Neo 9,Home Kitchen,Furniture,MILTON,19517.03,12327.27,2.69,Yes,8394
58714,Nike Kids Neo 6,Fashion,Kids Wear,NIKE,2561.61,1591.42,4.91,Yes,8084
58715,Levis Kids Ultra 7,Fashion,Kids Wear,LEVIS,768.75,539.31,3.23,Yes,7126
58716,Castrol Lubricants Smart 9,Automotive,Lubricants,CASTROL,4407.75,1880.51,3.66,Yes,7116
58717,Nikon Smart Ultra 4,Electronics,Smart Tvs,NIKON,667.66,437.11,2.78,Yes,8858
58718,Maybelline Haircare Premium 1,Beauty,Haircare,MAYBELLINE,9341.36,5301.28,3.16,Yes,8424
58719,Adidas Kids Premium 5,Fashion,Kids Wear,ADIDAS,4643.09,2451.76,5.0,Yes,7846
58720,Lakme Mens Active 1,Beauty,Mens Grooming,LAKME,544.79,240.95,2.98,Yes,7496
58721,Dove Mens Edge 7,Beauty,Mens Grooming,DOVE,868.64,564.616,2.91,Yes,8120
58722,Himalaya Protein Lite 2,Health,Protein,HIMALAYA,32422.7,21531.94,3.26,Yes,8416
58723,zara Jewellery Active 9,Fashion,Jewellery,ZARA,889.27,572.72,3.91,Yes,7063
58724,3M Tyres Edge 9,Automotive,Tyres,3M,1105.92,640.83,4.61,Yes,7241
58725,Muscleblaze First Mini 3,Health,Unknown,MUSCLEBLAZE,6870.15,2800.67,3.78,Yes,8342
58726,SG Badminton X 2,Sports,Badminton,SG,1172.06,790.78,4.71,Yes,7426
58727,Oxford Fiction Mini 1,Books,Fiction,OXFORD,31765.19,18673.53,4.58,Yes,8957
58728,Pantene Mens Ultra 3,Beauty,Mens Grooming,PANTENE,1664.31,779.67,3.55,Yes,8018
58729,Pantene Haircare Active 1,Beauty,Haircare,PANTENE,831.88,354.44,4.69,No,8859
58730,Webby Soft Max 9,Toys,Soft Toys,WEBBY,363.78,239.29,4.69,Yes,7865
58731,Hasbro Soft Plus 3,Toys,Soft Toys,HASBRO,24379.75,12922.07,4.98,No,7353
58732,Castrol Tools Smart 6,Automotive,Tools,CASTROL,211.74,109.31,3.91,Yes,8122
58733,LG Mobiles Premium 4,Electronics,Mobiles,LG,17901.07,10466.53,4.79,No,7215
58734,Dabur First Plus 8,Health,First Aid,DABUR,10747.81,8060.8575,3.35,Yes,8672
58735,Nikon Cameras Air 6,Electronics,Cameras,NIKON,2476.88,1382.86,4.06,Yes,8368
58736,Muscleblaze Vitamins Pro 1,Health,Vitamins,MUSCLEBLAZE,70728.44,37992.25,3.01,No,7430
58737,Vivo Cameras Mini 7,Electronics,Cameras,VIVO,15630.75,7168.17,5.0,Yes,8410
58738,Oxford Non Smart 4,Books,Non Fiction,OXFORD,3627.53,2321.06,4.33,No,8630
58739,Oxford Self Air 7,Books,Self Help,OXFORD,654.49,439.58,3.94,No,8186
58740,Parle Snacks Neo 4,Grocery,Snacks,PARLE,3231.09,1757.99,2.88,No,8624
58741,Bajaj Cookware Pro 5,Home Kitchen,Cookware,BAJAJ,625.81,393.59,2.81,Yes,7241
58742,Castrol Bike Smart 4,Automotive,Bike Accessories,CASTROL,1507.09,726.51,3.08,Yes,7798
58743,ITC Staples Ultra 9,Grocery,Staples,ITC,4875.29,3405.15,4.33,Yes,7038
58744,Zara Jewellery Mini 4,Fashion,Jewellery,ZARA,834.1,451.41,2.74,Yes,7700
58745,Penguin Self X 9,Books,Self Help,PENGUIN,1734.6,822.59,3.18,Yes,8482
58746,Himalaya First Premium 8,Health,First Aid,HIMALAYA,127.74,80.41,4.19,Yes,8592
58747,Xiaomi Gaming Edge 8,Electronics,Gaming,XIAOMI,3378.79,1780.79,4.26,Yes,7694
58748,Shell Tools Neo 3,Automotive,Tools,SHELL,518.52,371.66,4.23,Yes,7081
58749,Himalaya Vitamins Smart 2,Health,Vitamins,HIMALAYA,3385.65,2539.2375,2.81,Yes,7476
58750,Mattel Puzzles Lite 5,Toys,Puzzles,MATTEL,3968.34,1846.84,4.41,Yes,8924
58751,VEGA Tyres Ultra 1,Automotive,Tyres,VEGA,6597.15,3047.66,3.68,Yes,7598
58752,LOreal Makeup Premium 7,Beauty,Makeup,LOREAL,76127.02,44277.2,4.08,Yes,8771
58753,pearson Academic Pro 4,Books,Academic,PEARSON,13550.59,7389.01,3.8,Yes,8688
58754,Pigeon Cookware Max 7,Home Kitchen,Cookware,PIGEON,4098.13,2868.691,4.2,No,8775
58755,Philips Cookware Smart 1,Home Kitchen,Cookware,PHILIPS,3785.91,2305.43,4.79,Yes,8282
58756,Prestige Storage Edge 3,Home Kitchen,Storage,PRESTIGE,1837.99,875.65,4.63,Yes,7435
58757,MUSCLEBLAZE Medical X 8,Health,Medical Devices,MUSCLEBLAZE,7503.94,4011.83,4.99,Yes,8024
58758,Tata Dairy Air 6,Grocery,Dairy,TATA,12172.76,4987.39,4.35,Yes,8442
58759,Hasbro Action Air 4,Toys,Action Figures,HASBRO,1781.9,763.88,2.6,Yes,8505
58760,Penguin Self Mini 5,Books,Self Help,PENGUIN,271476.89,131983.99,3.12,Yes,8308
58761,Usha Appliances X 2,Home Kitchen,Appliances,USHA,485.09,203.11,3.25,Yes,8095
58762,Fast&Up Supplements Lite 2,Health,Supplements,FAST&UP,17117.81,9384.09,4.3,No,8394
58763,MRF Swimming X 6,Sports,Swimming,MRF,62315.26,40057.24,4.53,Yes,8971
58764,Samsung Galaxy M35 5G,Toys,Puzzles,FISHER PRICE,11224.2,7115.76,4.75,Yes,8218
58765,Realme Smartwatches Edge 9,Electronics,Smartwatches,REALME,224095.8,118598.85,2.98,Yes,7374
58766,Reebok Cycling Mini 3,Sports,Cycling,REEBOK,741.94,410.59,4.25,Yes,7913
58767,UCB Men Air 7,Fashion,Men Clothing,UCB,895.41,415.59,3.38,Yes,8532
58768,Mattel Soft Active 2,Toys,Soft Toys,MATTEL,1903.86,768.79,2.7,Yes,7198
58769,Himalaya Protein Max 2,Health,Protein,HIMALAYA,1392.0,993.19,3.1,Yes,7311
58770,Castrol Car Edge 4,Automotive,Car Accessories,CASTROL,1031.26,636.16,4.95,Yes,7558
58771,Bosch Bike Plus 4,Automotive,Bike Accessories,BOSCH,8944005.84,4500781.83,3.27,No,8985
58772,Cipla Protein Mini 1,Health,Protein,CIPLA,441.19,189.78,4.03,Yes,8402
58773,Xiaomi Cameras Active 1,Electronics,Cameras,XIAOMI,8890.78,3578.99,4.72,Yes,8725
58774,Oxford Children Plus 3,Books,Children Books,OXFORD,4818.46,3320.33,4.44,No,7450
58775,Reebok Cricket Flex 1,Sports,Cricket,REEBOK,197791.89,142325.35,3.24,Yes,7580
58776,SG Swimming Premium 4,Sports,Swimming,SG,10517.69,5794.69,4.47,Yes,8396
58777,MRF Running Mini 6,Sports,Running,MRF,4845.51,3115.13,2.51,Yes,7334
58778,Fisher Price Board Ultra 7,Toys,Board Games,FISHER PRICE,7118.75,3302.93,4.86,Yes,7499
58779,Britannia Dairy X 7,Grocery,Dairy,BRITANNIA,76128.94,42668.85,3.55,No,7781
58780,Parle Beverages Premium 8,Grocery,Beverages,PARLE,85672.58,47250.45,3.28,No,8538
58781,Healthkart Protein X 1,Health,Protein,HEALTHKART,5573.2,4179.9,3.68,Yes,8924
58782,Cipla Ayurveda Mini 3,Health,Ayurveda,CIPLA,722.24,413.96,3.68,Yes,7488
58783,Pigeon Appliances Ultra 1,Home Kitchen,Appliances,PIGEON,7977.95,5079.42,2.64,Yes,8286
58784,3M Car Premium 9,Automotive,Car Accessories,3M,250.35,161.93,3.09,Yes,7416
58785,Milton Storage Neo 9,Home Kitchen,Storage,MILTON,133.23,93.26099999999998,3.84,No,7661
58786,Sony Smart X 5,Electronics,Smart Tvs,SONY,67936.8,33833.29,3.38,Yes,8312
58787,bajaj Decor Pro 5,Home Kitchen,Decor,BAJAJ,1273.06,723.32,2.95,No,8526
58788,Healthkart Protein Plus 1,Health,Protein,HEALTHKART,60969.71,25657.17,2.78,Yes,8282
58789,Michelin Lubricants Active 7,Automotive,Lubricants,MICHELIN,2423.91,1004.58,4.58,Yes,7980
58790,Funskool Soft Edge 2,Toys,Soft Toys,FUNSKOOL,674.91,299.33,4.93,Yes,7001
58791,Scholastic Biographies Premium 2,Books,Biographies,SCHOLASTIC,5912017.26,3746241.12,4.48,Yes,8010
58792,OPPO Laptops Smart 9,Electronics,Laptops,OPPO,208.0,142.0,3.33,Yes,8472
58793,Prestige Garden Air 9,Home Kitchen,Garden,PRESTIGE,183870.68,131374.4,3.4,Yes,8346
58794,Reebok Yoga Edge 9,Sports,Yoga,REEBOK,72971.63,40206.19,4.18,Yes,7559
58795,Nike Sports Shoes Pro,Grocery,Dairy,ITC,492.23,263.26,2.66,Yes,8474
58796,Under Armour Cycling Air 2,Sports,Cycling,UNDER ARMOUR,1049.47,711.62,3.07,Yes,8717
58797,MUSCLEBLAZE Vitamins Pro 8,Health,Vitamins,MUSCLEBLAZE,4750.27,2997.47,3.68,Yes,7930
58798,Usha Decor Flex 7,Home Kitchen,Decor,USHA,17835.11,10434.73,2.78,No,8501
58799,Nikon Smartwatches Flex 7,Electronics,Smartwatches,NIKON,621.89,381.35,3.73,Yes,8973
58800,HUL Snacks Premium 5,Grocery,Snacks,HUL,1664.64,758.89,5.0,Yes,7917
58801,Adidas Footwear Edge 3,Fashion,Footwear,ADIDAS,2717.74,1630.6439999999998,4.3,Yes,8436
58802,Titan Footwear Air 9,Fashion,Footwear,TITAN,9541.41,5338.28,4.55,Yes,7812
58803,funskool Educational Smart 5,Toys,Educational,FUNSKOOL,3311.82,1441.8,3.9,No,8575
58804,3M Tools Plus 3,Automotive,Tools,3M,4208.27,2900.86,4.15,Yes,8115
58805,Dabur Staples Air 7,Grocery,Staples,DABUR,14155.46,8169.6,4.03,Yes,8712
58806,Pigeon Lighting Air 9,Home Kitchen,Lighting,PIGEON,768.69,429.89,3.38,Yes,7548
58807,Decathlon Swimming Lite 6,Sports,Swimming,DECATHLON,17060.91,9797.67,4.94,No,8225
58808,Reebok Running Neo 7,Sports,Running,REEBOK,2713.0,1236.36,4.88,No,8141
58809,Dove Mens Ultra 5,Beauty,Mens Grooming,DOVE,3441.74,2374.62,4.84,No,7247
58810,Dove Fragrances Plus 3,Beauty,Fragrances,DOVE,4731.56,3272.19,4.92,Yes,7283
58811,Zara Watches Elite 6,Fashion,Watches,ZARA,238.93,125.03,3.45,Yes,7075
58812,Parle Beverages Smart 6,Grocery,Beverages,PARLE,10949.09,7843.93,4.86,Yes,8423
58813,Penguin Biographies Plus 6,Books,Biographies,PENGUIN,2380.65,1695.86,4.19,Yes,7761
58814,Steelbird Tyres Flex 6,Automotive,Tyres,STEELBIRD,19427.1,12432.17,3.03,No,8967
58815,Nivia Cricket Lite 4,Sports,Cricket,NIVIA,2126.19,1097.78,4.91,Yes,7265
58816,Maybelline Skincare Neo 7,Beauty,Skincare,MAYBELLINE,3883.25,2524.1125,3.83,Yes,7942
58817,Patanjali Fruits Pro 8,Grocery,Fruits Vegetables,PATANJALI,8299.46,4019.71,2.66,No,7611
58818,Puma Jewellery Lite 1,Fashion,Jewellery,PUMA,16223.42,7897.45,2.78,Yes,8594
58819,Cipla Vitamins Premium 4,Health,Vitamins,CIPLA,205.88,132.53,4.52,Yes,7801
58820,Nikon Mobiles Premium 7,Electronics,Mobiles,NIKON,404.1,287.25,2.85,Yes,8462
58821,Parle Fruits Max 7,Grocery,Fruits Vegetables,PARLE,358.47,186.14,2.58,Yes,8500
58822,HarperCollins Biographies Plus 7,Books,Biographies,HARPERCOLLINS,951.53,603.31,3.62,Yes,8564
58823,Philips Appliances Air 2,Home Kitchen,Appliances,PHILIPS,135.8,65.14,4.7,No,8372
58824,Mattel Board Active 1,Toys,Board Games,MATTEL,278323.96,180910.57400000002,3.41,Yes,7687
58825,Webby Puzzles Edge 5,Toys,Puzzles,WEBBY,521.58,238.48,3.5,Yes,7590
58826,Yonex Yoga Neo 1,Sports,Yoga,YONEX,10399.69,5295.62,2.76,Yes,7375
58827,Abbott Ayurveda Flex 8,Health,Ayurveda,ABBOTT,37470.35,16435.41,3.33,Yes,8643
58828,Realme Smart Elite 4,Electronics,Smart Tvs,REALME,71147.01,43657.05,4.62,Yes,8550
58829,Arihant Non Mini 6,Books,Non Fiction,ARIHANT,1697.75,796.75,3.09,Yes,8106
58830,Dove Haircare Air 6,Beauty,Haircare,DOVE,261.33,176.42,4.98,No,8001
58831,Healthkart First Elite 3,Health,First Aid,HEALTHKART,233161.4,106650.13,3.73,Yes,7938
58832,Cosco Badminton Pro 4,Sports,Badminton,COSCO,1312.15,552.14,4.82,Yes,8685
58833,Vega Lubricants Air 1,Automotive,Lubricants,VEGA,10403.8,7219.74,3.52,No,7323
58834,SG Cycling Pro 8,Sports,Cycling,SG,12647.69,5904.42,3.96,Yes,8594
58835,Oxford Self Flex 6,Books,Self Help,OXFORD,65807.31,28133.4,2.67,Yes,7438
58836,Milton Garden Plus 2,Home Kitchen,Garden,MILTON,724.5,318.71,2.69,Yes,7499
58837,MAYBELLINE Skincare Pro 8,Beauty,Skincare,MAYBELLINE,3462.58,1600.72,2.93,No,7892
58838,Woodland Watches Pro 1,Fashion,Unknown,WOODLAND,2805.15,1490.61,4.83,Yes,7912
58839,Nestle Staples Edge 9,Grocery,Staples,NESTLE,16994.12,7624.73,3.85,Yes,8117
58840,Boat Rockerz 550,Beauty,Makeup,NIVEA,20307.33,9158.11,2.72,No,7845
58841,Dabur Medical Active 3,Health,Medical Devices,DABUR,221.42,150.19,4.92,Yes,7884
58842,Arihant Academic Mini 2,Books,Academic,ARIHANT,716.61,433.18,2.69,No,7148
58843,Vega Bike Premium 5,Automotive,Bike Accessories,VEGA,6389.18,2846.53,3.6,Yes,8700
58844,Patanjali Personal Plus 1,Grocery,Personal Care,PATANJALI,1952.65,915.23,4.06,Yes,8954
58845,Healthkart Ayurveda Plus 8,Health,Ayurveda,HEALTHKART,836.16,453.26,2.96,Yes,7318
58847,Penguin Academic Max 3,Books,Academic,PENGUIN,1577.42,1020.09,2.88,Yes,7693
58848,Funskool Puzzles Air 9,Toys,Unknown,FUNSKOOL,585.7,360.72,4.64,Yes,7298
58849,Orient Furniture Air 9,Home Kitchen,Furniture,ORIENT,865.27,516.52,5.0,Yes,8482
58850,Forest Essentials Makeup Premium 3,Beauty,Makeup,FOREST ESSENTIALS,842.97,416.6,2.72,Yes,7740
58851,Nivea Skincare Max 4,Beauty,Skincare,NIVEA,306.82,135.73,3.3,Yes,8800
58852,Under Armour Badminton Edge 1,Sports,Badminton,UNDER ARMOUR,1417.08,693.86,3.42,No,7139
58853,HarperCollins Biographies Active 1,Books,Biographies,HARPERCOLLINS,701.76,440.61,2.57,Yes,7198
58854,H&M Jewellery Active 8,Fashion,Jewellery,H&M,5795.76,3154.55,4.05,Yes,8440
58855,Prestige Lighting Neo 6,Home Kitchen,Lighting,PRESTIGE,3413.07,2389.149,2.66,Yes,8536
58856,Fastrack Men Neo 1,Fashion,Men Clothing,FASTRACK,274.61,137.93,4.57,Yes,7799
58857,Hasbro Soft Elite 9,Toys,Soft Toys,HASBRO,719.61,485.88,2.72,Yes,7959
58858,scholastic Children Air 8,Books,Children Books,SCHOLASTIC,820.31,357.86,4.11,Yes,8119
58859,Woodland Footwear Smart 1,Fashion,Footwear,WOODLAND,724.14,368.37,3.89,Yes,8700
58860,Parle Personal Flex 5,Grocery,Personal Care,PARLE,116.9,58.07,2.61,Yes,7142
58861,Forest Essentials Makeup Max 8,Beauty,Makeup,FOREST ESSENTIALS,245609.75,111173.83,4.84,Yes,8294
58862,Scholastic Children Premium 6,Books,Children Books,SCHOLASTIC,251050.03,113533.49,2.57,No,7124
58863,Bosch Bike Smart 6,Automotive,Bike Accessories,BOSCH,35702.66,21311.36,3.32,Yes,8877
58864,Penguin Children Air 8,Books,Children Books,PENGUIN,265212.79,187638.85,4.34,Yes,7464
58865,Boat Smartwatches X 8,Electronics,Smartwatches,BOAT,2327.71,1170.2,4.08,Yes,8881
58866,HUL Dairy Elite 2,Grocery,Dairy,HUL,4183.35,2780.46,4.48,No,8996
58867,Prestige Garden X 7,Home Kitchen,Garden,PRESTIGE,548.49,376.54,3.88,No,8425
58868,Funskool Board X 5,Toys,Board Games,FUNSKOOL,61164.54,33983.28,3.48,Yes,8830
58869,Butterfly Furniture Mini 6,Home Kitchen,Furniture,BUTTERFLY,1118.59,578.93,4.05,No,7199
58870,Boat Rockerz 550,Home Kitchen,Appliances,USHA,2308.19,1234.89,3.93,No,7785
58871,Bosch Tools Pro 3,Automotive,Tools,BOSCH,32823.61,19538.76,3.16,Yes,8878
58872,SG Running Flex 3,Sports,Running,SG,18961.69,12371.3,3.3,Yes,8191
58873,Funskool Action Edge 2,Toys,Action Figures,FUNSKOOL,30910.68,16324.32,3.18,Yes,7438
58874,Nikon Smartwatches X 4,Electronics,Smartwatches,NIKON,406.26,229.83,3.98,Yes,7685
58875,Michelin Car Edge 8,Automotive,Car Accessories,MICHELIN,976.98,527.6,2.79,Yes,7764
58876,Acer Smart Elite 9,Electronics,Smart Tvs,ACER,1823.89,956.88,3.9,Yes,8952
58877,Havells Furniture Mini 5,Home Kitchen,Furniture,HAVELLS,371.23,166.98,3.37,No,8078
58878,Pantene Skincare Mini 3,Beauty,Skincare,PANTENE,655.41,336.53,4.75,Yes,8105
58879,Cosco Swimming Max 2,Sports,Swimming,COSCO,26042.82,14190.14,3.58,Yes,8931
58880,Butterfly Furniture Plus 8,Home Kitchen,Furniture,BUTTERFLY,763.33,474.83,3.9,Yes,8744
58881,Penguin Children Neo 3,Books,Children Books,PENGUIN,3549.47,2552.18,2.9,Yes,7538
58882,Milton Appliances X 1,Home Kitchen,Appliances,MILTON,139.88,84.0,2.96,Yes,8368
58883,Tata Staples Smart 7,Grocery,Staples,TATA,105143.1,67591.46,3.98,No,8902
58884,Bajaj Bedding Air 3,Home Kitchen,Bedding,BAJAJ,556.84,229.33,4.32,Yes,7191
58885,Britannia Snacks Flex 4,Grocery,Snacks,BRITANNIA,1307.04,645.64,4.83,Yes,8340
58886,Cosco Swimming Max 2,Sports,Swimming,COSCO,1213.97,583.65,4.9,Yes,7856
58887,Gillette Haircare Max 7,Beauty,Haircare,GILLETTE,112215.41,62937.05,3.43,Yes,7572
58888,Ok Play Soft X 9,Toys,Soft Toys,OK PLAY,14022.82,8887.3,4.13,Yes,8310
58889,S.Chand Biographies X 6,Books,Biographies,S.CHAND,8827.85,5503.99,2.74,No,7371
58890,Speedo Cricket Premium 4,Sports,Cricket,SPEEDO,10342.5,4380.47,4.48,Yes,8534
58891,Himalaya First Lite 6,Health,First Aid,HIMALAYA,22431.15,11033.46,4.45,Yes,7471
58892,Oxford Non Edge 4,Books,Non Fiction,OXFORD,19032.34,13279.24,4.16,No,8256
58893,JBL Laptops Mini 8,Electronics,Laptops,JBL,45929.59,28968.15,3.72,Yes,8159
58894,Fast&Up First Air 7,Health,First Aid,FAST&UP,223643.11,95593.43,4.95,Yes,8727
58895,Mattel Board Flex 1,Toys,Board Games,MATTEL,929.46,596.25,2.81,Yes,7490
58896,H&M Watches Ultra 6,Fashion,Watches,H&M,914.04,394.66,4.31,No,8141
58897,Borosil Cookware Flex 9,Home Kitchen,Cookware,BOROSIL,2687.51,1636.24,5.0,No,8996
58898,Pantene Fragrances Max 3,Beauty,Fragrances,PANTENE,495.77,321.54,3.12,No,7629
58899,Himalaya Ayurveda Elite 3,Health,Unknown,HIMALAYA,917.0,556.17,2.6,Yes,7362
58900,Nivea Fragrances Smart 7,Beauty,Fragrances,NIVEA,69606.85,45714.28,3.1,Yes,8070
58901,Patanjali Cleaning Premium 5,Grocery,Cleaning,PATANJALI,4802.3,2859.74,3.55,Yes,7469
58902,Abbott Supplements X 4,Health,Supplements,ABBOTT,3724.6,2489.85,4.72,Yes,8406
58903,Oxford Non Max 6,Books,Non Fiction,OXFORD,137397.95,75852.71,3.53,Yes,8647
58904,Philips Lighting Elite 7,Home Kitchen,Lighting,PHILIPS,14137.23,6175.23,3.29,No,8669
58905,Hasbro Remote Edge 2,Toys,Remote Control,HASBRO,319.58,136.61,3.15,Yes,8273
58906,Boat Smart Edge 2,Electronics,Unknown,BOAT,3535.12,1512.64,2.82,No,8840
58907,HUL Baby Air 9,Grocery,Baby Products,HUL,2746.56,1895.1,2.58,No,8154
58908,Fast&Up Ayurveda Active 7,Health,Ayurveda,FAST&UP,16407.06,8658.72,4.74,Yes,7984
58909,Yonex Badminton Pro 8,Sports,Badminton,YONEX,13344.22,6080.2,4.85,Yes,7788
58910,Nestle Personal Neo 8,Grocery,Personal Care,NESTLE,18547.92,7492.24,3.04,Yes,8142
58911,Vega Tyres Smart 7,Automotive,Tyres,VEGA,871.39,430.74,3.37,Yes,8557
58912,Cosco Swimming Elite 8,Sports,Swimming,COSCO,892.46,628.78,4.17,Yes,7017
58913,HarperCollins Academic Neo 6,Books,Academic,HARPERCOLLINS,3514.19,2421.89,3.21,Yes,8945
58914,Gillette Haircare Active 7,Beauty,Haircare,GILLETTE,2145.25,873.93,2.97,Yes,7137
58915,Himalaya Ayurveda Pro 8,Health,Ayurveda,HIMALAYA,107832.73,54823.12,3.23,Yes,8915
58916,Lego Action X 7,Toys,Action Figures,LEGO,295495.72,164911.17,4.66,Yes,7987
58917,Dell Tablets Flex 6,Electronics,Tablets,DELL,1570.54,659.39,3.27,Yes,8539
58918,Steelbird Tyres Max 6,Automotive,Tyres,STEELBIRD,5361.98,3821.14,3.15,No,8083
58919,Oxford Academic Air 3,Books,Academic,OXFORD,778.96,554.94,3.64,Yes,7661
58920,Nestle Personal Plus 7,Grocery,Personal Care,NESTLE,2732.66,1943.91,2.78,Yes,8640
58921,Bajaj Bedding Elite 5,Home Kitchen,Bedding,BAJAJ,886.18,609.77,4.81,Yes,8750
58922,ASUS Smart Plus 2,Electronics,Smart Tvs,ASUS,1962.18,1257.49,4.97,Yes,8057
58923,Funskool Educational Ultra 9,Toys,Educational,FUNSKOOL,201676.14,135653.62,3.3,No,8381
58924,Hasbro Remote Active 8,Toys,Remote Control,HASBRO,269.07,169.55,3.51,Yes,7146
58925,Decathlon Yoga Premium 7,Sports,Yoga,DECATHLON,269177.33,154664.5,4.8,No,7126
58926,Fastrack Footwear Max 9,Fashion,Footwear,FASTRACK,14699.69,7046.78,4.0,Yes,7288
58927,Amul Fruits Max 5,Grocery,Fruits Vegetables,AMUL,17597.8,11705.2,3.94,No,7853
58928,Scholastic Biographies Edge 2,Books,Biographies,SCHOLASTIC,11634.23,7369.29,2.66,Yes,7235
58929,Scholastic Academic Max 9,Books,Academic,SCHOLASTIC,132029.81,71897.96,4.38,Yes,8953
58930,Bajaj Furniture Active 4,Home Kitchen,Furniture,BAJAJ,7598.64,5042.29,4.06,Yes,8538
58931,HUL Beverages Neo 6,Grocery,Beverages,HUL,1794.93,980.75,2.79,Yes,8096
58932,Orient Lighting Ultra 3,Home Kitchen,Lighting,ORIENT,5815.45,3716.11,3.17,Yes,8599
58933,Samsung Galaxy M35 5G,Electronics,Cameras,DELL,3057.25,1932.28,4.95,Yes,8048
58934,OnePlus Tablets Plus 9,Electronics,Tablets,ONEPLUS,6393.37,3819.75,3.39,Yes,7274
58935,Realme Smartwatches Air 4,Electronics,Smartwatches,REALME,248712.85,155507.85,3.31,No,8300
58936,Oxford Fiction X 6,Books,Fiction,OXFORD,3043.14,1692.08,4.4,Yes,7320
58937,Dabur Staples Mini 7,Grocery,Staples,DABUR,3706.38,2139.91,2.54,Yes,7196
58938,Vega Car Smart 1,Automotive,Car Accessories,VEGA,327.16,142.81,3.46,Yes,8197
58939,Nike Sports Shoes Pro,Home Kitchen,Lighting,BUTTERFLY,124.57,51.52,4.27,Yes,8824
58940,Patanjali Snacks Mini 2,Grocery,Snacks,PATANJALI,33263.47,18991.79,4.94,Yes,7442
58941,Shell Bike Pro 4,Automotive,Bike Accessories,SHELL,4612.49,2803.47,3.07,No,7057
58943,Acer Laptops Smart 2,Electronics,Laptops,ACER,175475.43,79399.51,4.08,Yes,8451
58944,Penguin Self Pro 9,Books,Self Help,PENGUIN,20711.8,14213.24,4.1,Yes,8068
58945,Arihant Biographies Active 3,Books,Biographies,ARIHANT,26831.29,11242.65,3.78,Yes,8072
58947,HP Tablets Plus 4,Electronics,Tablets,HP,12772.34,6644.19,4.7,Yes,7859
58948,MRF Cricket Pro 8,Sports,Cricket,MRF,3851.26,2278.35,2.77,No,8250
58949,Asus Mobiles Flex 9,Electronics,Mobiles,ASUS,235559.48,156075.11,4.63,No,7910
58950,Amul Dairy Edge 3,Grocery,Dairy,AMUL,227345.26,130566.57,3.78,No,8600
58951,realme Cameras Air 7,Electronics,Cameras,REALME,1707.59,737.89,3.3,No,7587
58952,Castrol Tools X 2,Automotive,Tools,CASTROL,1899.81,976.03,4.5,Yes,7395
58953,PENGUIN Self Mini 1,Books,Self Help,PENGUIN,17025.31,9427.48,2.52,Yes,7021
58954,Levis Men Lite 8,Fashion,Men Clothing,LEVIS,30647.19,13314.96,3.12,Yes,8267
58955,Fisher Price Remote Smart 4,Toys,Remote Control,FISHER PRICE,12800.42,7533.45,2.93,Yes,7006
58956,Dabur Supplements Edge 6,Health,Supplements,DABUR,315.31,216.83,3.03,No,7940
58957,Nestle Fruits Active 7,Grocery,Fruits Vegetables,NESTLE,104.98,73.89,4.03,No,8789
58958,Maybelline Skincare Elite 7,Beauty,Skincare,MAYBELLINE,229.42,113.93,2.96,Yes,8585
58959,Adidas Men Smart 2,Fashion,Men Clothing,ADIDAS,35118.53,14926.51,4.06,Yes,8932
58960,Logitech Laptops Edge 9,Electronics,Laptops,LOGITECH,3131.72,1952.84,3.28,Yes,7209
58961,Nikon Gaming X 3,Electronics,Gaming,NIKON,102.22,48.69,4.59,Yes,7573
58962,Cosco Cycling Neo 3,Sports,Cycling,COSCO,232.5,97.54,3.69,Yes,8943
58963,Abbott Protein Smart 3,Health,Unknown,ABBOTT,4410.5,2090.62,3.77,Yes,8094
58964,Pigeon Storage Flex 6,Home Kitchen,Storage,PIGEON,7782.16,3565.31,4.97,Yes,8784
58965,Dabur Personal Lite 6,Grocery,Personal Care,DABUR,3212.81,1304.41,4.97,Yes,8330
58966,Dabur Medical Max 9,Health,Medical Devices,DABUR,3718.81,1822.36,4.96,Yes,7885
58967,Boat Rockerz 550,Fashion,Jewellery,WOODLAND,281873.7,164123.0,4.4,Yes,8582
58968,Decathlon Cricket Plus 2,Sports,Cricket,DECATHLON,445.35,233.56,4.28,Yes,7836
58969,Healthkart Ayurveda Elite 4,Health,Ayurveda,HEALTHKART,16396.91,10976.73,4.22,No,8729
58970,Mattel Remote Pro 9,Toys,Remote Control,MATTEL,48854.15,31755.197500000002,3.28,Yes,8146
58971,Arihant Non Lite 3,Books,Non Fiction,ARIHANT,342.95,149.14,4.57,No,8848
58972,Sony Accessories Elite 5,Electronics,Accessories,SONY,975.85,567.08,3.15,Yes,8730
58973,Healthkart Vitamins Ultra 9,Health,Vitamins,HEALTHKART,821.02,511.89,4.13,Yes,8794
58974,cosco Cycling Mini 2,Sports,Cycling,COSCO,4738.4,2997.28,3.84,Yes,8182
58975,Reebok Cycling Edge 4,Sports,Cycling,REEBOK,36510.68,25019.54,2.55,No,7803
58976,Scholastic Non Smart 8,Books,Non Fiction,SCHOLASTIC,870.9,604.16,3.26,Yes,8343
58977,Shell Lubricants Air 9,Automotive,Lubricants,SHELL,440.95,253.8,4.05,Yes,8499
58978,Nivia Yoga Neo 7,Sports,Yoga,NIVIA,183.29,108.94,3.62,Yes,8310
58979,Oxford Academic Neo 5,Books,Academic,OXFORD,20871.05,13055.11,4.18,Yes,7056
58980,3M Lubricants Elite 8,Automotive,Lubricants,3M,398.05,262.74,4.13,No,8699
58981,Muscleblaze First Plus 7,Health,First Aid,MUSCLEBLAZE,2934.7,1963.78,4.05,No,8922
58982,MRF Fitness Plus 7,Sports,Fitness Equipment,MRF,211.28,90.75,2.93,No,7650
58983,ITC Personal Elite 5,Grocery,Personal Care,ITC,499.67,316.0,4.78,Yes,8719
58984,Cipla Protein Mini 6,Health,Protein,CIPLA,16206.5,8808.08,4.99,Yes,7128
58985,Shell Bike Neo 8,Automotive,Bike Accessories,SHELL,926.35,741.08,3.18,Yes,8701
58986,Scholastic Fiction Plus 9,Books,Fiction,SCHOLASTIC,863.12,609.58,3.79,No,8839
58987,P&G Dairy Flex 3,Grocery,Dairy,P&G,4543.89,2778.12,3.99,Yes,8451
58988,Nestle Beverages Air 3,Grocery,Beverages,NESTLE,9904.91,4641.3,4.32,Yes,7891
58989,VIVO Tablets Plus 9,Electronics,Tablets,VIVO,1124.98,754.96,3.56,Yes,7385
58990,Nikon Headphones Elite 8,Electronics,Headphones,NIKON,21402.57,10656.75,4.83,Yes,8921
58991,OnePlus Accessories Mini 2,Electronics,Accessories,ONEPLUS,49099.57,25702.83,3.72,Yes,8474
58992,Himalaya Medical Flex 4,Health,Medical Devices,HIMALAYA,284050.93,145415.04,3.97,Yes,8153
58993,Dove Makeup Elite 5,Beauty,Makeup,DOVE,796.04,333.48,3.4,Yes,8522
58994,Nike Bags Mini 4,Fashion,Bags,NIKE,597.3,347.32,3.39,Yes,7810
58995,MILTON Appliances Neo 1,Home Kitchen,Appliances,MILTON,763.7,466.45,4.49,No,7839
58996,Parle Cleaning Smart 8,Grocery,Cleaning,PARLE,186080.58,96687.99,4.98,No,8579
58997,Butterfly Furniture X 9,Home Kitchen,Furniture,BUTTERFLY,58757.01,29289.29,4.22,Yes,8031
58998,Gillette Haircare Air 5,Beauty,Haircare,GILLETTE,262175.31,116056.2,4.11,Yes,7970
58999,Decathlon Cricket Active 6,Sports,Cricket,DECATHLON,755.91,399.83,3.9,Yes,7712
59000,Dove Mens Active 4,Beauty,Mens Grooming,DOVE,29154.99,18950.7435,2.95,Yes,7053
59001,Amul Dairy Ultra 4,Grocery,Dairy,AMUL,78643.47,42424.96,3.92,Yes,8225
59002,Lenovo Headphones Premium 7,Electronics,Headphones,LENOVO,624.34,278.47,2.87,Yes,8317
59003,Under Armour Cricket Ultra 6,Sports,Cricket,UNDER ARMOUR,144.12,74.11,2.68,Yes,8367
59004,Nivia Swimming Smart 4,Sports,Swimming,NIVIA,2196.41,1029.13,4.9,Yes,7749
59005,Nestle Personal Neo 9,Grocery,Personal Care,NESTLE,988.1,397.06,4.1,Yes,8171
59006,Steelbird Tools Pro 8,Automotive,Tools,STEELBIRD,255.18,183.53,3.45,Yes,8213
59007,Dabur Vitamins Air 9,Health,Vitamins,DABUR,695.16,408.06,2.66,No,8128
59008,Maybelline Haircare Mini 3,Beauty,Haircare,MAYBELLINE,156367.03,103751.75,3.93,Yes,7383
59009,Yonex Running Mini 3,Sports,Running,YONEX,5237.68,2933.98,4.43,Yes,7573
59010,Lenovo Smartwatches Neo 5,Electronics,Smartwatches,LENOVO,2939.76,1620.93,4.37,Yes,8131
59011,HarperCollins Fiction Ultra 7,Books,Fiction,HARPERCOLLINS,27557.6,13392.66,3.43,Yes,8697
59012,Penguin Self Plus 7,Books,Self Help,PENGUIN,646.17,462.57,3.08,Yes,8608
59013,Pearson Academic Neo 6,Books,Academic,PEARSON,811.84,398.81,3.94,Yes,8998
59014,Lego Board Mini 7,Toys,Board Games,LEGO,468.6,248.96,4.29,Yes,7746
59015,Michelin Tools Pro 4,Automotive,Tools,MICHELIN,78956.81,54850.61,4.37,Yes,7116
59016,Parle Staples Edge 8,Grocery,Staples,PARLE,93897.14,46851.83,3.62,Yes,8465
59017,Patanjali Staples Active 2,Grocery,Staples,PATANJALI,996.93,576.83,3.5,No,8006
59018,Samsung Tablets Pro 6,Electronics,Tablets,SAMSUNG,3005.44,2043.03,4.87,Yes,8576
59019,Logitech Laptops Neo 6,Electronics,Unknown,LOGITECH,54796.39,37188.22,3.5,No,8118
59020,Orient Decor Ultra 1,Home Kitchen,Decor,ORIENT,1803.66,742.32,4.47,No,8693
59021,Boat Rockerz 550,Electronics,Gaming,BOAT,14444.87,9545.2,3.91,Yes,7542
59022,Funskool Soft Premium 7,Toys,Unknown,FUNSKOOL,793.89,461.27,4.11,Yes,7529
59023,Tata Snacks Flex 3,Grocery,Snacks,TATA,4271.92,1889.41,3.0,Yes,8870
59024,Pantene Skincare Smart 1,Beauty,Unknown,PANTENE,14642.34,9147.77,3.75,Yes,7137
59025,Funskool Remote Max 7,Toys,Remote Control,FUNSKOOL,17019.74,9219.98,3.81,Yes,7914
59026,Fisher Price Educational Max 5,Toys,Unknown,FISHER PRICE,2944.91,1627.94,3.97,Yes,7085
59027,MRF Cycling Active 9,Sports,Cycling,MRF,1165.06,498.65,2.59,No,8260
59028,Bosch Tyres Mini 1,Automotive,Tyres,BOSCH,1739.5,796.88,3.45,Yes,7034
59029,Butterfly Appliances Smart 3,Home Kitchen,Appliances,BUTTERFLY,75741.74,45491.53,3.56,No,7638
59030,Muscleblaze Protein Ultra 7,Health,Protein,MUSCLEBLAZE,125204.17,51827.12,4.12,Yes,8985
59031,Cosco Running Air 3,Sports,Running,COSCO,1931.73,835.54,2.71,Yes,7870
59032,Titan Sunglasses Edge 9,Fashion,Sunglasses,TITAN,82544.79,39962.48,2.67,Yes,7658
59033,Nivia Cricket Ultra 8,Sports,Cricket,NIVIA,42224.99,17552.58,4.76,No,8345
59034,Asus Smart X 6,Electronics,Smart Tvs,ASUS,78234.12,32253.98,3.75,Yes,8996
59035,Cosco Badminton Ultra 3,Sports,Badminton,COSCO,44017.57,19052.02,3.26,Yes,7735
59036,Hasbro Educational Neo 3,Toys,Educational,HASBRO,711.26,473.74,4.32,Yes,7595
59037,Apple Headphones Elite 3,Electronics,Headphones,APPLE,45291.48,24815.35,3.58,Yes,8552
59038,Arihant Children Elite 7,Books,Children Books,ARIHANT,12504.33,5006.76,3.32,Yes,7435
59039,Himalaya Vitamins Flex 9,Health,Vitamins,HIMALAYA,747.39,426.03,3.65,No,7800
59040,Orient Appliances Edge 4,Home Kitchen,Appliances,ORIENT,825.26,465.76,4.0,Yes,7763
59041,Milton Garden Mini 1,Home Kitchen,Garden,MILTON,19868.91,8512.52,4.56,Yes,8935
59042,Healthkart Medical Edge 1,Health,Medical Devices,HEALTHKART,136725.56,77278.77,3.67,Yes,7285
59043,Ok Play Puzzles Elite 6,Toys,Puzzles,OK PLAY,49549.9,33258.12,2.93,Yes,8683
59044,HUL Dairy Flex 4,Grocery,Dairy,HUL,29756.09,13096.06,4.67,No,8026
59045,Reebok Swimming Ultra 3,Sports,Swimming,REEBOK,974.81,455.49,4.02,Yes,7111
59046,Prestige Furniture Active 2,Home Kitchen,Furniture,PRESTIGE,422.78,197.59,4.09,No,7756
59047,Fast&Up Supplements Max 5,Health,Supplements,FAST&UP,296.26,132.94,3.88,Yes,7620
59048,Van Heusen Bags Neo 5,Fashion,Bags,VAN HEUSEN,191.26,79.36,3.46,Yes,8825
59049,Nestle Snacks Active 5,Grocery,Unknown,NESTLE,855.76,520.98,4.15,No,7449
59050,3M Tools Active 3,Automotive,Tools,3M,815.82,549.89,2.57,No,8172
59051,Steelbird Lubricants Elite 8,Automotive,Lubricants,STEELBIRD,268035.74,174438.27,2.82,Yes,7759
59052,Titan Men Ultra 9,Fashion,Men Clothing,TITAN,2989.07,1451.56,4.76,Yes,7993
59053,Castrol Tyres Mini 5,Automotive,Tyres,CASTROL,7935.61,5293.43,3.63,Yes,8130
59054,Abbott First Mini 5,Health,First Aid,ABBOTT,526.0,250.55,2.69,Yes,7503
59055,philips Storage Flex 7,Home Kitchen,Storage,PHILIPS,4926.94,2179.52,3.89,Yes,8023
59056,MRF Running Elite 7,Sports,Running,MRF,3340.55,1399.19,2.75,Yes,7103
59057,Dabur Beverages Max 9,Grocery,Beverages,DABUR,1533.72,983.43,3.02,Yes,8318
59058,Oxford Self Lite 7,Books,Self Help,OXFORD,4532.14,2796.44,4.64,Yes,8224
59059,Samsung Cameras Neo 6,Electronics,Cameras,SAMSUNG,600.85,388.47,2.99,Yes,7032
59060,Nike Sports Shoes Pro,Sports,Cricket,YONEX,611.34,324.73,2.62,Yes,7325
59061,JBL Smart Neo 2,Electronics,Smart Tvs,JBL,637.93,458.14,4.27,Yes,8878
59062,Gillette Mens Premium 2,Beauty,Mens Grooming,GILLETTE,54736.2,26786.69,2.72,Yes,7551
59063,JBL Headphones Neo 1,Electronics,Headphones,JBL,645.11,284.97,4.97,No,8829
59064,Yonex Fitness Max 3,Sports,Fitness Equipment,YONEX,3383.34,2189.77,3.4,Yes,7679
59065,Xiaomi Mobiles Premium 6,Electronics,Mobiles,XIAOMI,1821.32,1639.1879999999999,3.58,Yes,7358
59066,Michelin Tools Mini 9,Automotive,Tools,MICHELIN,787.27,552.88,4.41,Yes,8200
59067,Scholastic Non Neo 1,Books,Non Fiction,SCHOLASTIC,1668.26,1196.81,4.63,Yes,7145
59068,Louis Philippe Bags Max 3,Fashion,Bags,LOUIS PHILIPPE,290023.25,194891.1,2.93,Yes,8466
59069,HUL Beverages Neo 7,Grocery,Beverages,HUL,797.34,566.09,4.27,Yes,8981
59070,Fisher Price Soft Elite 8,Toys,Soft Toys,FISHER PRICE,787.08,318.21,3.08,Yes,8218
59071,Ok Play Puzzles Neo 1,Toys,Puzzles,OK PLAY,8197726.0,5245766.64,3.49,Yes,8569
59072,Vivo Tablets Air 6,Electronics,Tablets,VIVO,2919.79,1926.48,4.15,Yes,7832
59073,Abbott Vitamins Max 4,Health,Vitamins,ABBOTT,6635.08,3763.47,2.91,Yes,8185
59074,Muscleblaze Protein Neo 6,Health,Protein,MUSCLEBLAZE,78551.23,56168.51,3.79,Yes,8193
59075,SG Fitness Plus 3,Sports,Fitness Equipment,SG,1625.73,1161.15,3.12,No,7322
59076,Webby Board Edge 4,Toys,Board Games,WEBBY,280.44,148.72,3.51,Yes,7626
59077,Bajaj Cookware Elite 6,Home Kitchen,Cookware,BAJAJ,4141.42,2606.27,3.7,No,8251
59078,Nike Sports Shoes Pro,Grocery,Snacks,HUL,663.13,392.21,4.81,Yes,7815
59079,Parle Cleaning Smart 3,Grocery,Cleaning,PARLE,202777.34,132747.13,4.8,Yes,7786
59080,Dabur Vitamins Smart 8,Health,Vitamins,DABUR,80260.94,48638.27,4.5,Yes,7840
59081,Himalaya Supplements Max 1,Health,Supplements,HIMALAYA,10136.66,6090.61,3.44,No,8087
59082,Prestige Garden Elite 4,Home Kitchen,Garden,PRESTIGE,54218.4,23209.69,3.15,No,8192
59083,Louis Philippe Men Elite 5,Fashion,Men Clothing,LOUIS PHILIPPE,286.71,185.87,3.4,No,8920
59084,Abbott Protein Neo 4,Health,Protein,ABBOTT,211996.32,88508.67,4.5,Yes,8660
59085,Maybelline Mens Smart 8,Beauty,Mens Grooming,MAYBELLINE,282.64,174.87,2.9,Yes,8325
59086,Samsung Galaxy M35 5G,Beauty,Fragrances,BIOTIQUE,5426.25,3527.0625,4.83,Yes,8262
59087,Adidas Women Mini 2,Fashion,Women Clothing,ADIDAS,268758.67,152304.66,2.62,Yes,7392
59088,Noise Tablets Active 6,Electronics,Tablets,NOISE,427.39,306.94,4.81,No,7096
59089,Fisher Price Board Active 5,Toys,Board Games,FISHER PRICE,5978.62,2702.69,4.43,Yes,7834
59090,MRF Yoga Premium 7,Sports,Yoga,MRF,1824.4,960.98,3.2,No,8117
59091,OPPO Gaming Ultra 4,Electronics,Gaming,OPPO,896.07,384.71,4.6,Yes,7898
59092,Adidas Women Flex 1,Fashion,Women Clothing,ADIDAS,39663.51,25549.25,3.76,Yes,7748
59093,Mattel Action Pro 6,Toys,Action Figures,MATTEL,221698.98,116428.53,3.85,No,7149
59094,Reebok Cricket Edge 8,Sports,Cricket,REEBOK,2204.0,1318.59,3.79,Yes,8980
59095,Funskool Soft Smart 2,Toys,Soft Toys,FUNSKOOL,2048.78,1103.31,3.53,Yes,7876
59096,UCB Sunglasses Elite 3,Fashion,Sunglasses,UCB,200635.72,120381.432,3.4,No,7920
59097,Boat Cameras Plus 7,Electronics,Cameras,BOAT,11705.16,8347.15,4.04,Yes,7237
59098,S.Chand Fiction Active 8,Books,Fiction,S.CHAND,7921.73,4075.71,4.01,No,7996
59099,Woodland Men Elite 4,Fashion,Unknown,WOODLAND,2538.55,1482.42,2.61,Yes,8605
59100,Milton Storage Lite 6,Home Kitchen,Storage,MILTON,4823.61,2332.81,2.97,Yes,7498
59101,Usha Bedding X 6,Home Kitchen,Bedding,USHA,1986.66,892.89,2.79,Yes,7497
59102,Xiaomi Tablets X 5,Electronics,Tablets,XIAOMI,4310.35,3053.28,3.44,No,8096
59103,lego Soft Ultra 9,Toys,Soft Toys,LEGO,2548.55,1410.31,4.67,Yes,7211
59104,prestige Cookware Active 6,Home Kitchen,Cookware,PRESTIGE,2424.26,1509.01,4.55,Yes,7516
59105,Nestle Snacks Smart 5,Grocery,Snacks,NESTLE,2905.59,1435.73,3.97,Yes,7223
59106,Abbott Protein Lite 8,Health,Protein,ABBOTT,27559.63,19145.58,3.76,Yes,8517
59108,Pigeon Furniture Premium 5,Home Kitchen,Furniture,PIGEON,14321.46,9030.08,2.51,Yes,8330
59109,Arihant Self Smart 6,Books,Self Help,ARIHANT,7601.96,4497.82,4.86,Yes,7952
59110,Parle Staples Edge 1,Grocery,Staples,PARLE,380.58,264.96,3.49,Yes,8473
59111,3M Car Smart 3,Automotive,Car Accessories,3M,257212.89,117309.98,3.4,No,8081
59112,Lakme Skincare Mini 4,Beauty,Skincare,LAKME,3857.76,2591.46,3.86,Yes,7911
59113,Dabur Baby Elite 8,Grocery,Baby Products,DABUR,3237.42,1877.83,2.62,Yes,8512
59114,Arihant Fiction Mini 8,Books,Fiction,ARIHANT,631.41,261.97,3.97,Yes,7435
59115,Nivia Yoga Ultra 1,Sports,Yoga,NIVIA,31267.92,19238.12,4.46,No,8204
59116,Himalaya Ayurveda Lite 9,Health,Ayurveda,HIMALAYA,741.16,439.95,2.7,Yes,7346
59117,Bata Sunglasses Pro 1,Fashion,Sunglasses,BATA,8212.88,3916.16,3.67,No,8293
59118,Adidas Jewellery Elite 4,Fashion,Jewellery,ADIDAS,1750.07,1084.39,3.29,No,8955
59119,Shell Lubricants Flex 7,Automotive,Unknown,SHELL,12623.66,6567.83,3.32,Yes,8215
59120,Puma Footwear Max 9,Fashion,Footwear,PUMA,403.27,207.97,3.3,Yes,7361
59121,Under Armour Swimming Flex 1,Sports,Swimming,UNDER ARMOUR,180602.77,96823.15,5.0,Yes,7830
59122,Orient Lighting X 9,Home Kitchen,Lighting,ORIENT,18588.45,10614.57,3.84,No,7418
59123,CASTROL Lubricants Lite 9,Automotive,Lubricants,CASTROL,35603.38,17926.76,4.71,No,7311
59124,Louis Philippe Bags Active 1,Fashion,Bags,LOUIS PHILIPPE,27346.56,16230.49,4.44,No,7986
59125,Puma Watches Edge 4,Fashion,Watches,PUMA,37913.04,24292.25,4.73,No,7468
59126,Bosch Tools Air 7,Automotive,Tools,BOSCH,62738.44,25848.51,3.9,No,8548
59127,Nivia Cycling Pro 1,Sports,Cycling,NIVIA,13121.3,7512.42,4.11,Yes,7833
59128,Bajaj Bedding Premium 5,Home Kitchen,Bedding,BAJAJ,2428.09,1687.43,3.75,Yes,8669
59129,Castrol Lubricants Smart 7,Automotive,Lubricants,CASTROL,9143.34,5479.97,2.75,Yes,8445
59130,Canon Laptops Max 9,Electronics,Laptops,CANON,66738.36,45331.8,3.31,Yes,7309
59131,Funskool Soft Mini 8,Toys,Soft Toys,FUNSKOOL,404.66,172.46,4.71,Yes,8820
59132,Michelin Tools Ultra 3,Automotive,Tools,MICHELIN,11911.51,8183.32,3.38,No,7688
59133,PANTENE Skincare Mini 8,Beauty,Skincare,PANTENE,1992.1,960.15,3.66,Yes,8107
59134,3M Tools Mini 7,Automotive,Tools,3M,11097.23,6176.1,4.97,No,8226
59135,Speedo Yoga Smart 2,Sports,Yoga,SPEEDO,3741.15,1875.8,3.96,Yes,8341
59136,Asus Laptops Pro 2,Electronics,Laptops,ASUS,780.98,349.9,3.95,Yes,8989
59137,Boat Rockerz 550,Health,Vitamins,HIMALAYA,2332.33,1356.27,3.13,Yes,8405
59138,Shell Bike Edge 3,Automotive,Bike Accessories,SHELL,3400.94,2209.22,2.99,Yes,7528
59139,Webby Soft X 1,Toys,Soft Toys,WEBBY,2655.63,1373.36,3.99,Yes,8296
59140,P&G Baby Max 2,Grocery,Baby Products,P&G,72421.68,30716.4,4.86,Yes,7144
59141,Ok Play Educational X 6,Toys,Educational,OK PLAY,63954.01,31624.99,3.53,Yes,8749
59142,LOreal Skincare Flex 5,Beauty,Skincare,LOREAL,3447.44,1920.9,4.33,Yes,7049
59143,Penguin Non Mini 9,Books,Non Fiction,PENGUIN,15274.24,8432.67,3.73,Yes,7603
59144,Cipla Medical Smart 5,Health,Medical Devices,CIPLA,18126.12,9811.02,4.11,Yes,8527
59145,Ok Play Board Ultra 1,Toys,Board Games,OK PLAY,866.95,374.25,3.51,Yes,7265
59146,Orient Storage Neo 6,Home Kitchen,Storage,ORIENT,2914.68,1307.04,3.58,Yes,8653
59147,Speedo Cricket Air 6,Sports,Cricket,SPEEDO,44592.19,18139.26,4.71,No,8345
59148,Dabur Snacks Air 8,Grocery,Snacks,DABUR,3462.2,1455.67,4.38,Yes,7220
59149,Vega Tyres Neo 9,Automotive,Tyres,VEGA,2125.23,1291.89,2.71,Yes,7832
59150,P&G Staples Edge 8,Grocery,Staples,P&G,2059.05,868.54,3.07,Yes,8833
59151,Woodland Watches Active 6,Fashion,Watches,WOODLAND,12908.9,6187.25,3.03,Yes,7040
59152,Under Armour Yoga X 4,Sports,Yoga,UNDER ARMOUR,4185.91,2165.39,4.25,Yes,8601
59153,Mattel Remote X 2,Toys,Remote Control,MATTEL,7639.23,4168.42,4.57,Yes,8740
59154,P&G Baby Neo 4,Grocery,Baby Products,P&G,505.87,288.19,4.14,Yes,8438
59155,Patanjali Snacks Edge 8,Grocery,Snacks,PATANJALI,663.92,363.22,3.17,Yes,7288
59156,Reebok Running Active 2,Sports,Running,REEBOK,5612.895,3929.0265,3.27,No,8153
59157,LOreal Makeup Smart 9,Beauty,Makeup,LOREAL,3923.53,1630.35,3.4,Yes,8264
59158,Decathlon Badminton Mini 1,Sports,Badminton,DECATHLON,225756.4,125711.91,2.67,Yes,7653
59159,Pigeon Decor Max 9,Home Kitchen,Decor,PIGEON,427.11,218.89,3.15,Yes,8518
59161,Healthkart Supplements Premium 6,Health,Supplements,HEALTHKART,759.57,541.97,2.8,No,7037
59162,webby Action Max 8,Toys,Action Figures,WEBBY,115659.22,48943.82,3.25,Yes,7289
59163,Abbott Ayurveda Active 2,Health,Ayurveda,ABBOTT,73649.36,46021.39,4.55,Yes,8456
59164,Logitech Accessories X 4,Electronics,Accessories,LOGITECH,51858.55,20914.4,3.28,Yes,7632
59165,Vivo Gaming Elite 8,Electronics,Gaming,VIVO,5731.16,2444.74,3.92,Yes,7753
59166,Louis Philippe Men X 9,Fashion,Men Clothing,LOUIS PHILIPPE,185922.35,115857.91,3.21,Yes,7163
59167,Nikon Mobiles X 2,Electronics,Mobiles,NIKON,6580.38,3287.43,4.23,Yes,7437
59168,Under Armour Cricket Premium 7,Sports,Unknown,UNDER ARMOUR,19368.35,8851.33,2.59,Yes,8356
59169,Oxford Fiction Pro 5,Books,Fiction,OXFORD,143.2,66.84,2.8,Yes,7927
59170,Adidas Footwear Mini 8,Fashion,Footwear,ADIDAS,4198.78,2034.1,4.01,Yes,8666
59171,Parle Staples Mini 5,Grocery,Staples,PARLE,3932.88,3342.948,3.99,Yes,8650
59172,Nike Footwear Smart 8,Fashion,Footwear,NIKE,1565.64,1012.34,4.67,Yes,8563
59173,Noise Gaming Active 8,Electronics,Gaming,NOISE,397.9,262.0,3.12,No,7977
59174,Apple Mobiles Ultra 6,Electronics,Mobiles,APPLE,10538.11,5072.7,4.79,Yes,7750
59175,Samsung Galaxy M35 5G,Automotive,Tyres,VEGA,110579.14,59413.94,3.77,Yes,8426
59176,Fastrack Watches Active 2,Fashion,Watches,FASTRACK,812.54,429.74,3.02,Yes,7174
59177,Titan Jewellery Elite 3,Fashion,Jewellery,TITAN,58162.04,30008.97,4.05,No,7985
59178,Maybelline Mens X 7,Beauty,Mens Grooming,MAYBELLINE,75721.76,49051.47,4.18,Yes,7158
59179,Nike Sports Shoes Pro,Electronics,Smart Tvs,LOGITECH,4050.2,2106.69,3.01,Yes,7805
59180,OPPO Smart X 5,Electronics,Smart Tvs,OPPO,34245.44,15224.64,3.95,No,8273
59181,HUL Snacks Lite 1,Grocery,Snacks,HUL,842.12,374.83,3.48,Yes,7829
59182,Ok Play Educational Plus 2,Toys,Educational,OK PLAY,535.74,367.74,4.54,No,7682
59183,Castrol Car Lite 8,Automotive,Car Accessories,CASTROL,951.54,477.55,4.78,Yes,8665
59184,Usha Bedding Smart 5,Home Kitchen,Bedding,USHA,663.95,307.85,4.84,Yes,7835
59185,Tata Beverages Pro 2,Grocery,Beverages,TATA,1198.27,560.26,4.42,Yes,7720
59186,Boat Smartwatches Max 4,Electronics,Smartwatches,BOAT,34917.45,23254.67,3.99,Yes,8180
59187,Fast&Up First Flex 2,Health,First Aid,FAST&UP,12892.04,7435.65,4.47,Yes,8382
59188,Cipla First Air 4,Health,First Aid,CIPLA,15679.56,7075.03,4.16,Yes,8651
59189,P&G Baby Ultra 9,Grocery,Baby Products,P&G,602.61,294.12,3.48,Yes,8224
59190,Abbott Vitamins Premium 4,Health,Vitamins,ABBOTT,1480.15,1006.13,2.94,No,7596
59191,Steelbird Car Pro 4,Automotive,Car Accessories,STEELBIRD,816.63,483.27,4.04,Yes,7758
59192,Pantene Haircare Flex 8,Beauty,Haircare,PANTENE,575.78,297.48,4.09,Yes,7363
59193,Amul Snacks Mini 6,Grocery,Snacks,AMUL,285.58,117.9,4.1,Yes,8156
59194,Parle Cleaning Premium 5,Grocery,Cleaning,PARLE,18729.27,11797.93,2.8,Yes,7301
59195,Fast&Up Supplements Ultra 4,Health,Supplements,FAST&UP,7990.4,4802.92,3.08,Yes,8996
59196,Speedo Running Plus 3,Sports,Running,SPEEDO,2482.39,1275.59,2.71,Yes,8456
59197,Woodland Women Lite 2,Fashion,Women Clothing,WOODLAND,356.42,234.66,3.61,Yes,7206
59198,Oxford Children Max 6,Books,Children Books,OXFORD,8261.29,3755.44,4.87,Yes,7683
59199,Biotique Mens Flex 9,Beauty,Mens Grooming,BIOTIQUE,17205.83,12271.55,2.97,No,7106
59200,Muscleblaze Ayurveda Plus 9,Health,Ayurveda,MUSCLEBLAZE,237307.02,108866.71,3.74,No,8282
59201,Tata Fruits Plus 3,Grocery,Fruits Vegetables,TATA,1328.9,908.4,4.05,Yes,7632
59202,ITC Staples Smart 4,Grocery,Staples,ITC,327.77,137.28,4.68,Yes,7854
59203,Arihant Academic Plus 8,Books,Academic,ARIHANT,5654.31,2772.9,2.71,Yes,8899
59204,Funskool Soft Plus 1,Toys,Soft Toys,FUNSKOOL,10746.87,6801.84,4.76,Yes,7312
59205,NESTLE Fruits Ultra 1,Grocery,Fruits Vegetables,NESTLE,917.62,415.33,2.74,Yes,8014
59206,Nivea Fragrances Pro 9,Beauty,Fragrances,NIVEA,12471.17,8373.06,3.59,Yes,7641
59207,Britannia Cleaning Lite 8,Grocery,Cleaning,BRITANNIA,702.57,435.87,4.24,No,7393
59208,LOreal Mens Elite 5,Beauty,Mens Grooming,LOREAL,75474.36,49058.334,2.98,Yes,7210
59209,Steelbird Car Air 6,Automotive,Car Accessories,STEELBIRD,438.39,194.5,4.9,Yes,8355
59210,Britannia Snacks Max 1,Grocery,Snacks,BRITANNIA,924.63,451.08,3.85,No,8828
59212,JBL Accessories Elite 2,Electronics,Accessories,JBL,9137.32,3997.81,4.18,Yes,7787
59213,3M Lubricants Ultra 8,Automotive,Lubricants,3M,66407.6,44729.55,3.98,Yes,7589
59214,Amul Beverages Plus 1,Grocery,Beverages,AMUL,7639.69,366.02,2.7,Yes,7525
59215,Prestige Lighting Neo 4,Home Kitchen,Lighting,PRESTIGE,739.59,327.02,3.58,Yes,8511
59216,HarperCollins Children X 5,Books,Children Books,HARPERCOLLINS,4544.33,1086.25,2.77,Yes,7737
59217,Van Heusen Footwear Max 9,Fashion,Footwear,VAN HEUSEN,342.79,159.25,4.59,Yes,7492
59218,Dove Makeup Edge 6,Beauty,Makeup,DOVE,1849.31,946.54,2.97,Yes,8222
59219,Yonex Cricket Mini 3,Sports,Cricket,YONEX,11987.3,8391.109999999999,4.22,No,8182
59220,Amul Snacks X 7,Grocery,Snacks,AMUL,10966.93,4609.48,2.78,Yes,7862
59221,Nike Sports Shoes Pro,Automotive,Car Accessories,MICHELIN,274.55,192.35,4.59,Yes,8494
59222,SG Cricket Flex 8,Sports,Cricket,SG,268076.04,152750.29,3.56,Yes,7278
59223,Gillette Mens Flex 9,Beauty,Mens Grooming,GILLETTE,766.65,521.09,4.08,No,7137
59224,Dabur Beverages Active 5,Grocery,Beverages,DABUR,16362.05,8076.0,3.66,Yes,7484
59225,Arihant Children Elite 3,Books,Children Books,ARIHANT,2331.26,1566.15,3.61,Yes,8949
59226,Usha Bedding Mini 1,Home Kitchen,Bedding,USHA,18948.28,11035.65,2.53,Yes,8641
59227,Patanjali Fruits Premium 9,Grocery,Fruits Vegetables,PATANJALI,9528.45,6099.96,4.88,Yes,8020
59228,Yonex Running Elite 7,Sports,Running,YONEX,1782.97,832.12,4.05,Yes,8106
59229,abbott Vitamins Ultra 4,Health,Vitamins,ABBOTT,482.89,324.34,3.86,Yes,7260
59230,Nike Sports Shoes Pro,Fashion,Jewellery,H&M,733.36,520.52,3.17,Yes,8638
59231,healthkart First X 2,Health,First Aid,HEALTHKART,15430.57,7101.19,3.61,Yes,8353
59232,Philips Furniture Elite 5,Home Kitchen,Furniture,PHILIPS,742.01,301.96,4.57,No,7392
59233,Levis Kids Flex 4,Fashion,Kids Wear,LEVIS,368.42,193.14,4.68,Yes,8453
59234,Shell Tyres Flex 5,Automotive,Tyres,SHELL,583.96,265.04,4.33,Yes,8081
59235,HUL Beverages Smart 2,Grocery,Beverages,HUL,691.24,395.02,4.99,Yes,8577
59236,Fast&Up Medical Premium 9,Health,Medical Devices,FAST&UP,10528.84,6128.0,4.77,Yes,7405
59237,Under Armour Yoga Ultra 5,Sports,Yoga,UNDER ARMOUR,36092.03,15708.05,2.64,No,8701
59238,Levis Jewellery Smart 8,Fashion,Jewellery,LEVIS,252881.24,112436.93,3.76,Yes,8489
59239,Steelbird Car Neo 4,Automotive,Car Accessories,STEELBIRD,26441.21,17107.01,3.4,No,8642
59240,SG Swimming Premium 2,Sports,Swimming,SG,4941.28,2497.62,2.95,No,8642
59241,MRF Running Neo 5,Sports,Running,MRF,2432.53,1030.69,2.75,Yes,7117
59242,Boat Smartwatches Smart 2,Electronics,Smartwatches,BOAT,10658.27,7140.45,4.94,Yes,8993
59243,Hasbro Puzzles Active 4,Toys,Puzzles,HASBRO,922.78,501.82,3.39,Yes,8511
59244,Speedo Badminton Flex 6,Sports,Badminton,SPEEDO,58081.05,25595.79,3.51,Yes,7602
59245,Scholastic Fiction Edge 5,Books,Fiction,SCHOLASTIC,9491.86,4467.08,3.02,Yes,8562
59246,Vega Tools Lite 8,Automotive,Unknown,VEGA,2530.62,1578.86,4.79,No,8723
59247,Butterfly Storage Air 9,Home Kitchen,Storage,BUTTERFLY,42743.59,21678.84,4.04,Yes,7298
59248,Bajaj Lighting Premium 1,Home Kitchen,Lighting,BAJAJ,173.38,107.54,2.81,Yes,7344
59249,ITC Baby Air 4,Grocery,Baby Products,ITC,17407.84,8925.91,3.68,Yes,7306
59250,Peter England Kids Elite 2,Fashion,Kids Wear,PETER ENGLAND,18409.7,13186.19,3.59,Yes,8133
59251,Cipla First Air 6,Health,First Aid,CIPLA,112.87,50.5,3.35,No,7879
59252,Dabur Ayurveda Premium 9,Health,Ayurveda,DABUR,5304.53,3210.93,4.55,Yes,7007
59253,ITC Dairy Lite 7,Grocery,Dairy,ITC,1356.98,942.59,4.94,No,8158
59254,HUL Beverages X 4,Grocery,Beverages,HUL,10191.41,5357.67,2.83,Yes,7874
59255,Funskool Action Max 7,Toys,Action Figures,FUNSKOOL,11413.13,6305.21,3.6,No,7997
59256,Funskool Board Max 7,Toys,Board Games,FUNSKOOL,602.43,280.52,4.07,No,7806
59257,Zara Sunglasses Max 9,Fashion,Sunglasses,ZARA,39459.05,28209.54,3.38,Yes,8972
59258,Castrol Tools Neo 2,Automotive,Tools,CASTROL,30197.8,20997.56,2.87,No,8548
59259,Nivia Swimming Smart 4,Sports,Swimming,NIVIA,718.31,458.75,3.5,Yes,7431
59260,Biotique Haircare Mini 8,Beauty,Haircare,BIOTIQUE,2574.65,1120.95,4.21,Yes,7101
59261,Healthkart Medical X 4,Health,Medical Devices,HEALTHKART,4782.89,1951.11,4.84,Yes,8628
59262,Zara Jewellery Smart 1,Fashion,Jewellery,ZARA,168.32,120.17,3.74,Yes,8591
59263,Ok Play Board Max 4,Toys,Board Games,OK PLAY,231999.14,160209.22,3.27,Yes,8557
59264,Pantene Fragrances Pro 9,Beauty,Fragrances,PANTENE,4891.0,2367.2,3.08,Yes,7049
59265,Vega Car Pro 8,Automotive,Car Accessories,VEGA,539.75,363.01,4.38,Yes,8074
59266,Tata Personal Smart 6,Grocery,Personal Care,TATA,289.57,151.16,2.89,Yes,7871
59267,Levis Women Flex 7,Fashion,Women Clothing,LEVIS,35753.41,17799.62,2.58,No,7114
59268,Dabur Baby Flex 8,Grocery,Baby Products,DABUR,27469.74,14131.31,2.95,Yes,7652
59269,Havells Garden Flex 8,Home Kitchen,Garden,HAVELLS,1669.21,815.98,5.0,No,7782
59270,pearson Academic X 9,Books,Academic,PEARSON,1048.26,536.49,4.98,No,8678
59271,Arihant Non Premium 4,Books,Non Fiction,ARIHANT,143.69,64.99,3.57,Yes,8333
59272,3M Lubricants Edge 1,Automotive,Lubricants,3M,4271.31,2487.54,4.03,Yes,8925
59273,Michelin Car Elite 8,Automotive,Car Accessories,MICHELIN,34909.8,22263.38,2.59,No,8289
59274,Under Armour Cycling Active 3,Sports,Cycling,UNDER ARMOUR,4135.7,2753.81,4.15,Yes,8920
59275,Webby Puzzles Ultra 5,Toys,Puzzles,WEBBY,4338.38,2588.93,5.0,Yes,8253
59276,HarperCollins Children Active 6,Books,Children Books,HARPERCOLLINS,229.25,114.11,3.76,Yes,7467
59277,Abbott Vitamins Mini 3,Health,Vitamins,ABBOTT,72213.66,46925.52,4.6,Yes,7854
59278,ITC Personal Elite 8,Grocery,Personal Care,ITC,996.56,670.32,4.44,Yes,7268
59279,nivia Swimming Elite 7,Sports,Swimming,NIVIA,587.28,361.78,4.78,No,8210
59280,Vega Lubricants Pro 4,Automotive,Lubricants,VEGA,11719.06,6066.85,3.46,Yes,8428
59281,Lakme Skincare Smart 3,Beauty,Skincare,LAKME,15843.69,6534.13,3.48,No,8272
59282,MRF Running Flex 7,Sports,Running,MRF,772.96,545.71,3.77,Yes,7883
59283,pantene Makeup Neo 6,Beauty,Makeup,PANTENE,664.82,424.91,2.8,Yes,7738
59284,Himalaya Protein Active 2,Health,Protein,HIMALAYA,36808.48,17998.64,2.95,Yes,8465
59285,Vivo Headphones Smart 5,Electronics,Headphones,VIVO,2984.01,1271.97,2.9,Yes,8637
59286,Michelin Lubricants Plus 5,Automotive,Lubricants,MICHELIN,6962.43,3249.76,3.93,Yes,8132
59287,Prestige Lighting Mini 8,Home Kitchen,Lighting,PRESTIGE,171.5,116.94,3.63,Yes,7184
59288,Hasbro Remote Ultra 6,Toys,Remote Control,HASBRO,2642.26,1590.95,3.29,Yes,8336
59289,Lenovo Smart Flex 8,Electronics,Smart Tvs,LENOVO,7083.21,4575.61,4.58,Yes,7448
59290,Himalaya Medical Plus 3,Health,Medical Devices,HIMALAYA,7802.08,4047.99,4.26,Yes,7796
59291,Pearson Fiction Flex 7,Books,Fiction,PEARSON,232818.37,161677.07,4.95,No,7353
59292,Bata Footwear Air 5,Fashion,Footwear,BATA,1768.71,1220.42,4.29,Yes,7802
59293,Pigeon Lighting Flex 5,Home Kitchen,Lighting,PIGEON,916.59,377.47,2.74,Yes,8799
59294,Zara Bags Max 7,Fashion,Bags,ZARA,4063.3900000000003,249.11,3.69,No,8627
59295,Dabur First Lite 8,Health,First Aid,DABUR,4773788.01,2009690.6,3.82,Yes,8461
59296,Bajaj Cookware Pro 8,Home Kitchen,Cookware,BAJAJ,16031.56,7154.55,4.6,Yes,7968
59297,Scholastic Biographies Max 7,Books,Biographies,SCHOLASTIC,1378.14,952.84,4.9,No,8824
59298,Bajaj Storage Premium 2,Home Kitchen,Storage,BAJAJ,2887.56,1907.74,2.52,Yes,7950
59299,Healthkart Ayurveda Mini 2,Health,Ayurveda,HEALTHKART,2494.89,1040.33,2.97,No,8802
59300,Samsung Tablets Flex 5,Electronics,Tablets,SAMSUNG,723.1,511.32,4.26,Yes,8693
59301,Fast&Up Vitamins Edge 1,Health,Vitamins,FAST&UP,68477.8,32466.89,4.12,No,7330
59302,Tanishq Watches Edge 6,Fashion,Watches,TANISHQ,27139.55,15302.47,4.63,Yes,7475
59303,Borosil Decor Ultra 6,Home Kitchen,Decor,BOROSIL,17799.95,12711.59,3.99,Yes,8116
59304,Pigeon Furniture Plus 3,Home Kitchen,Furniture,PIGEON,3562.33,1829.14,3.24,Yes,7122
59305,Lego Puzzles Smart 8,Toys,Puzzles,LEGO,4103.05,2613.01,3.2,Yes,7998
59306,Orient Furniture Active 4,Home Kitchen,Furniture,ORIENT,4942.7,2089.86,3.84,Yes,7963
59307,Bosch Bike Edge 4,Automotive,Bike Accessories,BOSCH,4985.48,2103.93,3.13,Yes,8034
59308,ITC Snacks Pro 1,Grocery,Snacks,ITC,14520.95,7511.12,3.21,Yes,8339
59309,ITC Personal X 5,Grocery,Personal Care,ITC,4840.445,4114.37825,4.54,Yes,8746
59310,Fast&Up Supplements Neo 2,Health,Supplements,FAST&UP,54699.44,41024.58,2.72,Yes,7845
59312,Amul Snacks Pro 1,Grocery,Snacks,AMUL,3578.84,2298.68,4.38,Yes,8097
59313,ITC Dairy Neo 3,Grocery,Dairy,ITC,994.59,676.38,3.67,No,8936
59314,Nike Sports Shoes Pro,Electronics,Laptops,NOISE,1596.74,759.38,2.97,Yes,8009
59315,Steelbird Lubricants Neo 9,Automotive,Lubricants,STEELBIRD,634.89,445.02,4.29,Yes,8140
59316,Lakme Haircare Mini 7,Beauty,Haircare,LAKME,27638.17,17453.36,2.7,Yes,7760
59317,Cosco Swimming Pro 9,Sports,Swimming,COSCO,74089.61,49048.99,4.67,Yes,7990
59318,Lenovo Gaming Elite 1,Electronics,Gaming,LENOVO,885.89,450.67,3.6,Yes,7346
59319,Fisher Price Puzzles Mini 5,Toys,Puzzles,FISHER PRICE,13196.44,5528.22,3.77,Yes,7296
59320,Arihant Biographies Neo 4,Books,Biographies,ARIHANT,979.21,674.1,4.0,Yes,7326
59321,P&G Cleaning Pro 4,Grocery,Cleaning,P&G,38511.95,24141.82,4.93,Yes,8992
59322,Nike Sunglasses Max 5,Fashion,Sunglasses,NIKE,11843.59,7932.73,3.44,Yes,7356
59323,Under Armour Cricket Smart 7,Sports,Cricket,UNDER ARMOUR,8583.49,5853.53,4.06,Yes,8974
59324,Lego Soft Premium 6,Toys,Soft Toys,LEGO,495.55,244.23,3.14,Yes,8769
59325,Nike Watches Smart 2,Fashion,Watches,NIKE,4785.73,2561.25,4.73,Yes,8079
59326,Abbott Supplements Active 6,Health,Supplements,ABBOTT,649.84,272.67,3.41,Yes,7500
59327,Borosil Cookware Ultra 7,Home Kitchen,Cookware,BOROSIL,10160.22,6290.95,3.87,Yes,7694
59328,Biotique Mens Premium 1,Beauty,Mens Grooming,BIOTIQUE,61216.78,41412.81,4.68,Yes,8075
59329,oxford Biographies Flex 8,Books,Biographies,OXFORD,15603.29,7441.36,3.9,No,7766
59330,3M Tyres Smart 9,Automotive,Tyres,3M,4973.03,3271.08,2.79,Yes,7741
59331,Pantene Makeup Premium 4,Beauty,Makeup,PANTENE,2153.72,937.54,3.48,No,8881
59332,Zara Men Max 8,Fashion,Men Clothing,ZARA,15498.66,10362.52,3.74,No,8559
59333,biotique Mens Elite 8,Beauty,Mens Grooming,BIOTIQUE,204.35,105.19,4.87,Yes,7316
59334,Parle Fruits X 7,Grocery,Fruits Vegetables,PARLE,4663.85,2877.19,2.81,Yes,7489
59335,Philips Cookware Premium 9,Home Kitchen,Cookware,PHILIPS,1582.78,740.43,3.34,Yes,8169
59336,Pearson Biographies Plus 5,Books,Biographies,PEARSON,1036.26,572.15,3.87,Yes,7277
59337,Bata Women Active 4,Fashion,Women Clothing,BATA,2970.77,1228.32,4.69,Yes,7441
59338,Apple Accessories Ultra 6,Electronics,Accessories,APPLE,292172.26,199164.19,2.81,No,7264
59339,Himalaya First Ultra 5,Health,First Aid,HIMALAYA,479.41,249.3,4.48,Yes,8590
59340,Ok Play Soft Premium 9,Toys,Soft Toys,OK PLAY,557.96,283.49,4.46,Yes,8562
59341,Logitech Smart Plus 5,Electronics,Smart Tvs,LOGITECH,57492.67,32007.52,4.04,No,7486
59342,Abbott Medical Premium 8,Health,Medical Devices,ABBOTT,33367.75,20027.55,4.85,Yes,8575
59343,Dove Makeup Max 6,Beauty,Makeup,DOVE,3149.99,2047.4935,4.87,Yes,7781
59344,Ok Play Remote Air 5,Toys,Remote Control,OK PLAY,245693.04,110514.21,3.01,No,7170
59345,Michelin Tools Elite 8,Automotive,Tools,MICHELIN,98337.93,49193.45,3.06,No,7573
59346,Dove Haircare Mini 4,Beauty,Haircare,DOVE,3148.9,1383.05,4.82,Yes,8155
59347,FISHER PRICE Board X 5,Toys,Board Games,FISHER PRICE,308.0,172.05,4.78,No,7279
59348,Woodland Sunglasses Active 1,Fashion,Sunglasses,WOODLAND,3839.6,1992.13,3.47,Yes,7577
59349,HUL Personal Elite 9,Grocery,Personal Care,HUL,63752.42,33973.01,4.18,Yes,7774
59350,HarperCollins Fiction Edge 7,Books,Fiction,HARPERCOLLINS,592.08,401.88,2.75,No,8938
59351,Funskool Action Max 8,Toys,Action Figures,FUNSKOOL,559.6,231.6,2.85,Yes,7881
59352,Tata Baby Pro 9,Grocery,Baby Products,TATA,1166.3,653.34,3.33,Yes,7365
59353,Borosil Garden Plus 8,Home Kitchen,Garden,BOROSIL,230.36,133.22,3.82,No,7592
59354,Butterfly Appliances Max 5,Home Kitchen,Appliances,BUTTERFLY,57408.5,37038.57,3.24,Yes,7984
59355,Fast&Up Protein X 1,Health,Protein,FAST&UP,2211.79,1285.26,3.58,Yes,8250
59356,Vega Car Ultra 7,Automotive,Car Accessories,VEGA,10143.24,5471.14,3.43,Yes,7710
59357,Under Armour Swimming Neo 4,Sports,Swimming,UNDER ARMOUR,2634.25,1373.13,2.67,Yes,8861
59358,Parle Baby Lite 2,Grocery,Baby Products,PARLE,4276.82,2810.85,4.58,Yes,8616
59359,Forest Essentials Fragrances Ultra 2,Beauty,Fragrances,FOREST ESSENTIALS,620.96,284.09,4.9,Yes,7367
59360,Xiaomi Tablets Active 9,Electronics,Tablets,XIAOMI,4859.72,2220.1,4.32,No,8953
59361,Parle Snacks Premium 9,Grocery,Snacks,PARLE,299824.73,167889.8,2.87,Yes,8015
59362,Usha Bedding Mini 8,Home Kitchen,Bedding,USHA,1349.93,957.04,2.7,Yes,8782
59363,Havells Decor Edge 5,Home Kitchen,Decor,HAVELLS,245.16,125.56,4.06,No,8932
59364,Penguin Children X 4,Books,Children Books,PENGUIN,714.9,422.25,3.97,Yes,8809
59365,Maybelline Skincare Lite 9,Beauty,Skincare,MAYBELLINE,17412.29,7216.6,3.23,No,8247
59367,LOreal Fragrances Pro 4,Beauty,Fragrances,LOREAL,3930.21,2793.25,4.68,Yes,8159
59368,3M Lubricants Neo 3,Automotive,Lubricants,3M,266.54,148.37,3.95,Yes,8686
59369,P&G Snacks Flex 4,Grocery,Snacks,P&G,948.97,418.63,3.72,Yes,7431
59370,Lego Puzzles Ultra 9,Toys,Puzzles,LEGO,665.15,272.0,3.72,Yes,8732
59371,Cosco Badminton Max 7,Sports,Badminton,COSCO,636.66,445.662,3.7,No,7710
59372,Cosco Badminton Plus 8,Sports,Badminton,COSCO,7198.14,1665.58,3.22,No,8077
59373,Healthkart First Active 5,Health,First Aid,HEALTHKART,16118.29,10888.16,3.65,No,8899
59374,Butterfly Furniture X 3,Home Kitchen,Furniture,BUTTERFLY,19515.75,8474.18,4.45,No,7449
59375,Pearson Self Plus 6,Books,Self Help,PEARSON,7837.93,5483.47,4.18,Yes,7643
59376,Apple Gaming Premium 1,Electronics,Gaming,APPLE,12619.31,6296.21,3.61,Yes,7115
59377,Bata Bags Max 9,Fashion,Bags,BATA,422.28,183.44,4.28,Yes,8115
59379,Pearson Non X 1,Books,Non Fiction,PEARSON,16184.56,7281.22,4.77,No,8890
59380,Fast&Up Ayurveda Mini 3,Health,Ayurveda,FAST&UP,27047.21,15281.64,2.97,Yes,7536
59381,Decathlon Swimming Air 1,Sports,Swimming,DECATHLON,1460.34,624.99,3.03,Yes,7389
59382,Michelin Car Smart 6,Automotive,Car Accessories,MICHELIN,4481.49,2504.4,3.1,Yes,8024
59383,Louis Philippe Watches Neo 7,Fashion,Unknown,LOUIS PHILIPPE,25213.03,10377.5,3.39,Yes,7935
59384,Scholastic Self Air 8,Books,Self Help,SCHOLASTIC,4027.27,2118.36,4.36,Yes,8973
59385,Nikon Accessories Flex 4,Electronics,Accessories,NIKON,59562.28,25956.01,3.25,Yes,7026
59386,HarperCollins Biographies Mini 9,Books,Biographies,HARPERCOLLINS,39957.96,26774.09,2.9,Yes,7491
59387,SPEEDO Badminton Lite 9,Sports,Badminton,SPEEDO,730.65,427.5,2.9,Yes,8860
59388,Tanishq Men Active 9,Fashion,Men Clothing,TANISHQ,2900.7,1306.27,3.38,Yes,7121
59389,Dabur Vitamins Air 4,Health,Vitamins,DABUR,261.93,145.29,4.37,Yes,8762
59390,Hasbro Educational Ultra 4,Toys,Educational,HASBRO,76830.6,47239.28,2.67,No,8327
59391,H&M Kids Air 6,Fashion,Kids Wear,H&M,74520.9,30770.79,4.3,No,7621
59392,Boat Smartwatches Edge 9,Electronics,Smartwatches,BOAT,798.84,529.33,3.49,Yes,7317
59393,Titan Jewellery Active 8,Fashion,Jewellery,TITAN,5237.48,3552.75,4.73,No,8267
59394,Webby Educational Lite 4,Toys,Educational,WEBBY,72466.6,39796.18,3.62,Yes,8144
59395,amul Dairy X 4,Grocery,Dairy,AMUL,18187.48,10702.75,3.27,Yes,8147
59396,Dabur First Flex 8,Health,First Aid,DABUR,1458.06,636.77,3.19,Yes,7054
59397,loreal Haircare Smart 7,Beauty,Haircare,LOREAL,11457.96,6979.03,3.68,Yes,8626
59398,Milton Cookware Pro 3,Home Kitchen,Cookware,MILTON,1653.47,1025.28,3.12,Yes,7646
59399,Bosch Lubricants X 1,Automotive,Lubricants,BOSCH,103.82,59.66,3.61,No,7689
59400,Webby Board Edge 2,Toys,Board Games,WEBBY,3995.8,2381.33,2.72,Yes,7180
59401,LOreal Fragrances Ultra 2,Beauty,Fragrances,LOREAL,78359.07,36083.39,3.65,Yes,7415
59402,Steelbird Tools Smart 4,Automotive,Tools,STEELBIRD,107.89,61.62,3.59,Yes,8321
59403,Ok Play Board Elite 4,Toys,Board Games,OK PLAY,4259.48,2402.84,2.74,Yes,7946
59404,Fisher Price Remote Plus 9,Toys,Remote Control,FISHER PRICE,2793.93,1914.19,3.26,No,8817
59405,Milton Garden Lite 6,Home Kitchen,Garden,MILTON,8807.08,4147.6,3.69,Yes,7594
59406,Himalaya First Edge 8,Health,First Aid,HIMALAYA,2819.34,1317.93,3.48,Yes,8014
59407,Yonex Badminton Air 3,Sports,Badminton,YONEX,69881.39,31786.62,4.43,No,7817
59408,HarperCollins Biographies Edge 1,Books,Biographies,HARPERCOLLINS,4196.92,2865.09,4.58,No,8404
59409,Healthkart Medical Pro 4,Health,Medical Devices,HEALTHKART,3772.86,2711.34,4.26,No,8319
59410,Muscleblaze Vitamins Active 3,Health,Vitamins,MUSCLEBLAZE,251.7,178.57,4.13,No,7086
59411,Scholastic Non Elite 2,Books,Non Fiction,SCHOLASTIC,120082.15,53425.39,3.82,Yes,8450
59412,Abbott Supplements Max 7,Health,Supplements,ABBOTT,48533.47,27095.96,3.04,Yes,8535
59413,Mattel Action Ultra 3,Toys,Action Figures,MATTEL,125061.75,81290.1375,2.72,Yes,8787
59414,3M Bike Pro 6,Automotive,Bike Accessories,3M,2521.15,1060.48,3.4,Yes,8387
59415,prestige Storage Elite 2,Home Kitchen,Storage,PRESTIGE,2675.96,1113.15,3.36,Yes,7792
59417,Amul Baby Mini 7,Grocery,Baby Products,AMUL,1354.22,616.97,2.64,Yes,7495
59418,Nivia Yoga Ultra 7,Sports,Yoga,NIVIA,3093.72,2101.66,4.36,Yes,8241
59419,Pigeon Furniture X 5,Home Kitchen,Furniture,PIGEON,2837.1,1180.47,4.53,Yes,8673
59420,Funskool Puzzles Pro 2,Toys,Unknown,FUNSKOOL,230.31,131.66,3.77,No,7349
59421,Castrol Tools Lite 9,Automotive,Tools,CASTROL,675.93,273.25,4.44,Yes,8184
59422,Bosch Lubricants Mini 1,Automotive,Lubricants,BOSCH,19566.91,8542.51,2.57,Yes,7861
59423,Usha Furniture Air 6,Home Kitchen,Furniture,USHA,7660.31,4155.47,3.03,Yes,8370
59424,Samsung Galaxy M35 5G,Beauty,Skincare,NIVEA,48053.99,31235.0935,4.12,Yes,7666
59425,Oxford Non Edge 2,Books,Non Fiction,OXFORD,218006.69,119496.1,3.75,Yes,7050
59426,Borosil Lighting Pro 6,Home Kitchen,Lighting,BOROSIL,220.47,135.1,3.92,No,7891
59427,Castrol Bike Mini 3,Automotive,Bike Accessories,CASTROL,23842.4,12766.87,3.25,No,7256
59428,Britannia Fruits Edge 4,Grocery,Fruits Vegetables,BRITANNIA,650.99,308.98,4.24,Yes,8499
59429,Healthkart Supplements Smart 9,Health,Supplements,HEALTHKART,227.18,144.22,3.89,Yes,8252
59430,Vega Tyres X 5,Automotive,Tyres,VEGA,5145.51,2345.55,4.02,No,7670
59431,Parle Dairy X 9,Grocery,Dairy,PARLE,163.88,68.58,4.62,Yes,8696
59432,Tanishq Footwear Mini 5,Fashion,Footwear,TANISHQ,16683.87,10565.45,4.44,Yes,8501
59433,Usha Lighting Neo 3,Home Kitchen,Lighting,USHA,75917.95,33243.42,4.89,No,7204
59434,Logitech Mobiles Smart 9,Electronics,Mobiles,LOGITECH,456.98,289.23,4.01,No,8046
59435,Forest Essentials Skincare Flex 4,Beauty,Skincare,FOREST ESSENTIALS,276896.94,133675.03,4.79,Yes,7296
59436,Borosil Bedding Ultra 4,Home Kitchen,Bedding,BOROSIL,21009.76,11329.82,4.0,No,7850
59437,SG Fitness Pro 9,Sports,Fitness Equipment,SG,376.11,253.51,3.78,Yes,8917
59438,Abbott Vitamins Mini 4,Health,Vitamins,ABBOTT,4689.12,2489.36,2.62,Yes,8382
59439,Abbott Medical X 5,Health,Medical Devices,ABBOTT,61546.16,43340.06,4.82,Yes,8634
59440,Vega Lubricants Smart 4,Automotive,Lubricants,VEGA,47056.33,30222.86,3.83,Yes,8503
59441,Vega Tyres Active 3,Automotive,Tyres,VEGA,180.42,80.93,2.53,Yes,7088
59442,Speedo Swimming Neo 3,Sports,Swimming,SPEEDO,948.9,473.64,2.95,Yes,7247
59443,Yonex Cricket Smart 6,Sports,Cricket,YONEX,262166.64,134903.2,3.7,Yes,7300
59444,LOreal Skincare Mini 5,Beauty,Skincare,LOREAL,865.61,610.92,2.8,Yes,7764
59445,S.Chand Self Active 9,Books,Self Help,S.CHAND,14083.95,5703.29,3.31,No,8647
59447,H&M Jewellery Neo 8,Fashion,Jewellery,H&M,3161.93,1830.85,3.85,Yes,8742
59448,Tata Snacks Smart 4,Grocery,Snacks,TATA,2186.52,925.19,2.99,Yes,8169
59449,Louis Philippe Bags Elite 9,Fashion,Bags,LOUIS PHILIPPE,14669.1,6591.19,4.98,Yes,7559
59450,Asus Gaming Ultra 1,Electronics,Gaming,ASUS,19735.03,13976.46,3.07,Yes,8731
59451,Castrol Tools Ultra 4,Automotive,Tools,CASTROL,906.93,452.22,4.71,Yes,7065
59452,Steelbird Lubricants Premium 2,Automotive,Lubricants,STEELBIRD,18104.2,9903.53,2.52,Yes,8706
59453,Arihant Self Mini 9,Books,Self Help,ARIHANT,3402.67,2182.23,4.48,No,7210
59454,HUL Personal Mini 9,Grocery,Personal Care,HUL,346.35,245.41,4.73,Yes,8322
59455,Bajaj Bedding Premium 6,Home Kitchen,Bedding,BAJAJ,2373.17,1035.26,2.66,No,8330
59456,Usha Storage Air 2,Home Kitchen,Storage,USHA,3100.39,1681.6,3.69,No,8759
59457,BOSCH Tyres Elite 3,Automotive,Tyres,BOSCH,69826.69,48291.76,2.8,No,8674
59458,Speedo Swimming Ultra 7,Sports,Swimming,SPEEDO,254000.47,134649.51,3.93,No,8476
59459,Arihant Biographies Ultra 4,Books,Biographies,ARIHANT,314.24,190.07,3.72,Yes,7171
59460,HarperCollins Academic X 5,Books,Academic,HARPERCOLLINS,3618.24,2502.77,4.1,Yes,8105
59461,Under Armour Fitness Plus 1,Sports,Fitness Equipment,UNDER ARMOUR,16255.82,9133.08,3.18,No,8053
59462,Vega Tyres Plus 9,Automotive,Tyres,VEGA,2369.9,1466.52,2.82,Yes,7933
59463,Nivea Makeup Flex 6,Beauty,Unknown,NIVEA,2386.74,1076.95,3.84,Yes,7693
59464,HEALTHKART Supplements X 3,Health,Supplements,HEALTHKART,181652.53,84316.18,4.17,Yes,8036
59465,Forest Essentials Makeup Elite 8,Beauty,Makeup,FOREST ESSENTIALS,682.45,314.4,3.66,No,7859
59466,Lego Action Ultra 2,Toys,Action Figures,LEGO,37775.89,20403.77,3.63,No,8952
59467,Oxford Non Active 6,Books,Non Fiction,OXFORD,9882.55,4939.91,4.08,Yes,7989
59468,Realme Cameras Max 7,Electronics,Cameras,REALME,124.9,68.75,3.95,Yes,7021
59469,Vega Tyres Air 8,Automotive,Tyres,VEGA,6867.0,4562.09,2.57,Yes,7958
59470,SG Cricket Mini 5,Sports,Cricket,SG,599.5,322.55,3.9,Yes,8211
59471,S.Chand Non Neo 2,Books,Non Fiction,S.CHAND,699.49,467.86,4.79,Yes,7128
59472,Forest Essentials Skincare Flex 8,Beauty,Skincare,FOREST ESSENTIALS,41566.59,27018.283499999998,4.7,Yes,8651
59473,Xiaomi Gaming Air 8,Electronics,Gaming,XIAOMI,851.86,571.42,4.61,Yes,8777
59474,Vega Lubricants Air 2,Automotive,Lubricants,VEGA,186030.67,122636.01,4.5,Yes,7320
59475,fast&up Medical Max 4,Health,Medical Devices,FAST&UP,8463.84,5865.59,3.21,Yes,7595
59476,SG Running Active 4,Sports,Running,SG,11639.3,4951.76,2.6,Yes,7714
59477,Reebok Swimming Air 7,Sports,Swimming,REEBOK,922.58,465.44,4.56,Yes,7052
59478,Vega Tools Elite 6,Automotive,Tools,VEGA,207770.36,127326.56,3.24,Yes,8058
59479,Butterfly Decor Edge 8,Home Kitchen,Decor,BUTTERFLY,2447.98,1713.586,3.1,Yes,8033
59480,HP Smartwatches Max 1,Electronics,Smartwatches,HP,4818.67,2067.77,5.0,Yes,8741
59481,Nikon Gaming Plus 6,Electronics,Gaming,NIKON,686.03,391.02,3.83,Yes,7729
59482,Apple Accessories Smart 4,Electronics,Accessories,APPLE,106919.36,46047.39,3.37,Yes,8300
59483,OPPO Tablets Ultra 3,Electronics,Tablets,OPPO,1714.5,990.16,3.75,No,8878
59484,MRF Cycling Max 8,Sports,Cycling,MRF,419.19,228.03,4.95,Yes,7782
59485,Webby Action Active 7,Toys,Action Figures,WEBBY,17126.21,6968.22,2.95,Yes,7102
59486,Levis Men Air 6,Fashion,Men Clothing,LEVIS,29782.36,12248.93,2.8,Yes,8477
59487,Xiaomi Tablets Flex 5,Electronics,Tablets,XIAOMI,11156.39,5479.93,2.51,Yes,7659
59488,Abbott Ayurveda Premium 1,Health,Ayurveda,ABBOTT,4593.21,3137.25,3.6,Yes,7642
59489,Tata Snacks Flex 8,Grocery,Snacks,TATA,255011.4,148340.21,4.8,No,7946
59490,Reebok Swimming Smart 5,Sports,Swimming,REEBOK,4763.41,2568.95,4.23,Yes,7601
59491,Havells Cookware Active 1,Home Kitchen,Cookware,HAVELLS,48850.02,34637.34,3.23,Yes,7566
59492,Michelin Bike Flex 7,Automotive,Bike Accessories,MICHELIN,29379.41,18062.99,3.61,Yes,8990
59494,Amul Dairy Neo 2,Grocery,Dairy,AMUL,3401.28,1740.97,3.69,No,8072
59495,Biotique Makeup Ultra 6,Beauty,Makeup,BIOTIQUE,236.78,149.45,5.0,Yes,8853
59496,Usha Appliances Active 2,Home Kitchen,Appliances,USHA,1752.48,741.46,4.84,Yes,7542
59497,Abbott Supplements X 7,Health,Supplements,ABBOTT,64748.15,38717.67,2.79,Yes,8725
59498,Vega Lubricants Elite 1,Automotive,Lubricants,VEGA,3724.66,1787.46,4.76,Yes,8013
59499,Penguin Self Plus 4,Books,Self Help,PENGUIN,974.56,430.38,2.53,Yes,7405
59500,Apple Gaming Neo 6,Electronics,Gaming,APPLE,429.28,285.43,4.39,Yes,8214
59501,Forest Essentials Haircare Lite 1,Beauty,Haircare,FOREST ESSENTIALS,655.83,361.7,2.9,Yes,7174
59502,Apple Mobiles Neo 4,Electronics,Mobiles,APPLE,830.34,485.09,3.08,Yes,7405
59503,Yonex Cycling Flex 4,Sports,Cycling,YONEX,43357.59,31083.99,3.24,Yes,7946
59504,Pantene Makeup Ultra 4,Beauty,Makeup,PANTENE,18988.58,7656.07,3.15,Yes,8459
59505,Fast&Up First Mini 5,Health,First Aid,FAST&UP,4977.22,3421.43,4.4,Yes,8236
59506,Webby Educational Mini 5,Toys,Educational,WEBBY,2381.53,1444.4,4.44,Yes,7671
59507,Arihant Children Plus 3,Books,Children Books,ARIHANT,13627.89,9561.86,2.59,Yes,8822
59508,Apple Laptops Premium 6,Electronics,Laptops,APPLE,3251.72,2926.548,3.25,No,8032
59509,Logitech Mobiles Lite 1,Electronics,Mobiles,LOGITECH,154.68,101.53,4.1,No,7593
59510,Noise Laptops Smart 4,Electronics,Laptops,NOISE,16691.68,8653.69,4.51,No,7342
59511,Ok Play Educational Smart 1,Toys,Educational,OK PLAY,75990.75,47862.19,4.57,Yes,7870
59512,Prestige Cookware Neo 7,Home Kitchen,Unknown,PRESTIGE,45268.53,24262.03,3.92,Yes,8614
59513,Lenovo Mobiles X 3,Electronics,Mobiles,LENOVO,3312.01,1482.25,3.47,No,8791
59514,Havells Cookware Edge 2,Home Kitchen,Cookware,HAVELLS,798.47,466.44,2.95,Yes,7904
59515,Parle Dairy Ultra 9,Grocery,Dairy,PARLE,4633.89,2753.46,5.0,Yes,7053
59516,OnePlus Cameras Edge 2,Electronics,Cameras,ONEPLUS,8183.8,3505.74,4.36,Yes,8050
59517,Prestige Bedding Flex 5,Home Kitchen,Bedding,PRESTIGE,275.79,186.97,3.16,Yes,8549
59518,apple Tablets Flex 4,Electronics,Tablets,APPLE,3865.57,1736.44,4.53,No,7563
59519,Bajaj Lighting Pro 3,Home Kitchen,Lighting,BAJAJ,4556.23,3087.7,3.34,Yes,7756
59520,Logitech Smart Plus 4,Electronics,Smart Tvs,LOGITECH,4909.11,2691.59,3.78,No,7182
59521,Pantene Skincare Max 6,Beauty,Skincare,PANTENE,164.01,95.8,4.01,Yes,7520
59522,HarperCollins Non Max 8,Books,Non Fiction,HARPERCOLLINS,898.69,442.62,3.72,Yes,7358
59523,Oxford Children Pro 6,Books,Children Books,OXFORD,966.66,462.5,3.78,Yes,8896
59524,Titan Men Lite 1,Fashion,Men Clothing,TITAN,13001.11,9321.56,4.76,Yes,7358
59525,P&G Cleaning Ultra 8,Grocery,Cleaning,P&G,4537.69,2284.51,4.55,No,8515
59526,Himalaya Vitamins Mini 1,Health,Vitamins,HIMALAYA,24552.39,18414.2925,4.59,Yes,8231
59527,Yonex Cricket Smart 8,Sports,Cricket,YONEX,881.37,428.74,4.12,Yes,7454
59528,ITC Personal Air 1,Grocery,Personal Care,ITC,15801.05,7085.23,4.24,Yes,8598
59529,Cipla Ayurveda Premium 3,Health,Ayurveda,CIPLA,489.64,325.24,4.8,Yes,8877
59530,muscleblaze First Plus 9,Health,First Aid,MUSCLEBLAZE,283.84,131.54,2.76,Yes,7435
59531,Himalaya Vitamins Neo 7,Health,Vitamins,HIMALAYA,23811.18,14999.61,3.53,Yes,8060
59532,OnePlus Headphones Neo 2,Electronics,Headphones,ONEPLUS,13962.83,9024.88,3.14,Yes,8855
59533,SG Cycling Air 1,Sports,Cycling,SG,152.79,83.74,3.11,No,8306
59534,Philips Storage Smart 4,Home Kitchen,Storage,PHILIPS,2566.77,1257.87,3.79,Yes,7952
59535,Borosil Garden Flex 1,Home Kitchen,Garden,BOROSIL,79317.88,46131.46,3.94,Yes,7944
59536,Biotique Haircare Pro 3,Beauty,Haircare,BIOTIQUE,164085.97,116883.33,4.84,Yes,7592
59537,OPPO Mobiles Ultra 7,Electronics,Mobiles,OPPO,6440.33,4182.52,3.27,Yes,8047
59538,Acer Accessories Pro 2,Electronics,Accessories,ACER,429.5,280.52,4.81,No,8777
59539,Fastrack Sunglasses Premium 4,Fashion,Sunglasses,FASTRACK,4656.43,2957.38,4.16,Yes,8120
59540,Pigeon Decor Premium 5,Home Kitchen,Decor,PIGEON,30803.05,21915.68,3.48,Yes,7516
59541,Castrol Lubricants Plus 8,Automotive,Lubricants,CASTROL,33475.88,14087.53,2.69,Yes,7793
59542,Decathlon Badminton Max 4,Sports,Badminton,DECATHLON,1258.93,677.02,4.82,Yes,7175
59543,H&M Women Max 7,Fashion,Women Clothing,H&M,833.36,404.55,4.73,Yes,7613
59544,Patanjali Dairy Max 7,Grocery,Dairy,PATANJALI,923.36,387.29,4.49,Yes,8581
59545,P&G Fruits Neo 7,Grocery,Fruits Vegetables,P&G,60100.06,35407.15,3.29,Yes,8554
59546,Dell Accessories Active 2,Electronics,Accessories,DELL,6923.42,3535.74,3.95,No,8438
59547,Philips Storage X 1,Home Kitchen,Storage,PHILIPS,19995.09,10111.15,4.1,No,8713
59548,OnePlus Tablets Flex 2,Electronics,Tablets,ONEPLUS,17664.58,7592.93,2.68,Yes,7972
59549,Yonex Cycling Flex 8,Sports,Cycling,YONEX,57279.7,26500.81,4.44,No,7435
59550,Prestige Furniture Edge 2,Home Kitchen,Furniture,PRESTIGE,2117.61,1073.37,2.63,Yes,8003
59551,Lego Board Neo 7,Toys,Board Games,LEGO,3709.41,1795.35,2.98,Yes,7729
59552,Abbott Protein Ultra 3,Health,Protein,ABBOTT,2134.39,1082.07,3.39,Yes,8987
59553,maybelline Mens Ultra 1,Beauty,Mens Grooming,MAYBELLINE,4757.95,1018.34,4.82,Yes,7847
59554,Dove Haircare Pro 9,Beauty,Haircare,DOVE,4764.45,2399.41,4.16,Yes,8202
59555,Reebok Fitness Edge 2,Sports,Fitness Equipment,REEBOK,700.54,384.93,2.87,No,7002
59556,Lakme Makeup Max 5,Beauty,Makeup,LAKME,2229.48,1050.66,4.03,Yes,7478
59557,Tanishq Men Mini 8,Fashion,Men Clothing,TANISHQ,7450.29,3060.76,2.75,Yes,8167
59558,SPEEDO Badminton Elite 1,Sports,Badminton,SPEEDO,466.4,330.39,3.77,Yes,7335
59559,Louis Philippe Watches Ultra 6,Fashion,Watches,LOUIS PHILIPPE,4807100.12,3383296.6,2.64,No,8086
59560,Parle Baby Premium 3,Grocery,Baby Products,PARLE,858.28,404.57,4.98,Yes,8276
59561,Borosil Decor Air 4,Home Kitchen,Decor,BOROSIL,804.41,520.95,3.98,Yes,7105
59562,Cipla Supplements Air 8,Health,Supplements,CIPLA,65921.11,41986.01,2.87,No,8413
59563,Cosco Cricket Pro 2,Sports,Cricket,COSCO,4136.92,2674.07,3.09,Yes,7047
59564,ITC Staples Smart 2,Grocery,Staples,ITC,1029.13,660.21,4.09,No,7538
59565,Orient Appliances Neo 7,Home Kitchen,Appliances,ORIENT,4681.81,2734.39,3.49,Yes,7954
59566,Cosco Fitness Active 7,Sports,Unknown,COSCO,2819.1949999999997,1973.4364999999996,2.54,Yes,7420
59567,Milton Storage X 5,Home Kitchen,Storage,MILTON,483.39,335.27,2.76,Yes,7073
59568,Havells Furniture Smart 1,Home Kitchen,Furniture,HAVELLS,155.78,107.17,3.37,Yes,7338
59569,OPPO Cameras Ultra 3,Electronics,Cameras,OPPO,365.12,184.73,3.13,No,7561
59570,Cosco Yoga Lite 3,Sports,Yoga,COSCO,4335.92,1906.46,4.15,Yes,8322
59571,Dove Makeup Lite 9,Beauty,Makeup,DOVE,819.59,481.1,3.23,No,8589
59572,Lego Board Pro 1,Toys,Board Games,LEGO,3967.12,2676.98,3.5,Yes,8288
59573,Patanjali Baby Pro 5,Grocery,Baby Products,PATANJALI,40799.13,29011.25,2.92,Yes,8688
59574,Himalaya First Mini 8,Health,First Aid,HIMALAYA,2877.75,1812.49,2.59,Yes,7333
59575,Lenovo Mobiles Flex 5,Electronics,Mobiles,LENOVO,13288.09,7722.7,2.74,No,7323
59576,Britannia Cleaning Plus 7,Grocery,Cleaning,BRITANNIA,726.46,294.04,4.44,Yes,8162
59577,Sony Tablets Active 5,Electronics,Tablets,SONY,372.5,197.19,3.89,Yes,7307
59578,Nivea Skincare Elite 9,Beauty,Skincare,NIVEA,308.05,187.76,3.38,Yes,7451
59579,Oxford Academic Pro 7,Books,Academic,OXFORD,10386.79,4532.11,2.71,Yes,7097
59580,Abbott Protein Lite 8,Health,Protein,ABBOTT,638.38,261.87,3.87,Yes,8566
59581,Nivea Mens Active 9,Beauty,Mens Grooming,NIVEA,251.08,161.73,3.62,Yes,7175
59582,Funskool Remote Lite 9,Toys,Remote Control,FUNSKOOL,76284.93,31737.31,4.1,Yes,7945
59583,Pearson Self Premium 1,Books,Self Help,PEARSON,214277.92,86367.48,3.82,No,7193
59584,Fast&Up Ayurveda X 2,Health,Ayurveda,FAST&UP,3447.59,2065.94,2.96,No,7282
59585,Dabur Baby Edge 3,Grocery,Baby Products,DABUR,1865.02,985.39,3.78,Yes,8396
59586,Bosch Tyres Smart 7,Automotive,Tyres,BOSCH,3744.42,2667.07,4.52,Yes,7134
59587,STEELBIRD Car Flex 9,Automotive,Car Accessories,STEELBIRD,13121.89,8594.61,4.33,Yes,7760
59588,Sony Smart Flex 2,Electronics,Smart Tvs,SONY,1283.23,570.78,3.45,Yes,8851
59589,Dabur Cleaning Flex 8,Grocery,Cleaning,DABUR,1632.75,758.83,2.89,Yes,7410
59590,Logitech Smartwatches Smart 1,Electronics,Smartwatches,LOGITECH,139407.74,79373.28,2.86,Yes,7075
59591,Mattel Puzzles Air 6,Toys,Puzzles,MATTEL,731.35,297.56,3.75,Yes,7986
59592,Samsung Galaxy M35 5G,Health,Vitamins,MUSCLEBLAZE,12403.74,7293.97,4.41,No,7946
59593,3M Car Lite 4,Automotive,Car Accessories,3M,348.59,218.73,3.85,Yes,7595
59594,Lego Board Lite 6,Toys,Board Games,LEGO,69665.81,28881.77,2.65,Yes,8232
59595,Patanjali Beverages Neo 9,Grocery,Beverages,PATANJALI,578.78,334.81,4.89,No,8840
59596,Borosil Lighting Plus 3,Home Kitchen,Lighting,BOROSIL,739.49,300.67,3.55,Yes,8398
59597,HarperCollins Fiction Ultra 5,Books,Fiction,HARPERCOLLINS,432.85,284.71,3.05,No,8721
59598,Fisher Price Soft Air 9,Toys,Soft Toys,FISHER PRICE,9072.07,4955.79,4.88,Yes,7362
59599,Nivia Cycling Max 2,Sports,Unknown,NIVIA,860.01,411.38,2.7,Yes,8592
59600,3M Bike X 8,Automotive,Bike Accessories,3M,86837.07,60530.54,3.17,Yes,7299
59601,Gillette Skincare Mini 8,Beauty,Skincare,GILLETTE,832.18,407.26,3.62,Yes,7736
59602,Dell Smart X 9,Electronics,Smart Tvs,DELL,4634.25,2535.74,4.03,Yes,8380
59603,Tanishq Footwear Elite 6,Fashion,Footwear,TANISHQ,120.71,71.39,3.42,No,7394
59604,Webby Action Mini 9,Toys,Action Figures,WEBBY,6608.39,2670.63,2.56,Yes,8483
59605,Levis Bags Neo 1,Fashion,Bags,LEVIS,729.35,391.47,2.88,No,7859
59606,Funskool Remote X 1,Toys,Remote Control,FUNSKOOL,515.89,291.15,4.1,Yes,7380
59607,H&M Watches Lite 8,Fashion,Watches,H&M,19629.29,11076.92,3.97,Yes,7529
59608,Oxford Non Premium 8,Books,Non Fiction,OXFORD,33593.1,16189.12,4.14,Yes,8327
59609,JBL Headphones Ultra 5,Electronics,Headphones,JBL,12890.19,5686.7,2.61,Yes,8827
59610,ITC Snacks Pro 5,Grocery,Snacks,ITC,199.23,124.7,2.91,Yes,7882
59611,SG Cricket Premium 9,Sports,Cricket,SG,297307.11,133422.68,3.88,Yes,7264
59612,Speedo Fitness Smart 3,Sports,Fitness Equipment,SPEEDO,430.73,180.04,4.84,Yes,8796
59613,HASBRO Board Ultra 7,Toys,Board Games,HASBRO,662.13,361.92,3.39,No,7493
59614,Reebok Fitness Elite 4,Sports,Fitness Equipment,REEBOK,252706.25,109677.23,4.16,Yes,7733
59615,Scholastic Children X 3,Books,Children Books,SCHOLASTIC,365.0,221.29,4.77,Yes,8297
59616,P&G Staples Max 5,Grocery,Staples,P&G,2468.26,1461.0,2.69,No,7537
59617,Castrol Lubricants Active 4,Automotive,Lubricants,CASTROL,569.22,372.74,3.72,Yes,8935
59618,Oxford Biographies Ultra 1,Books,Biographies,OXFORD,14166.88,5976.59,4.09,Yes,7586
59619,Levis Sunglasses Active 9,Fashion,Sunglasses,LEVIS,1990.62,814.67,4.28,No,8012
59620,HUL Baby Premium 1,Grocery,Baby Products,HUL,8112.93,4619.55,4.98,Yes,7817
59621,MATTEL Board Mini 7,Toys,Board Games,MATTEL,299.42,185.9,3.69,No,7102
59622,Gillette Haircare Neo 1,Beauty,Haircare,GILLETTE,442.87,300.49,4.88,Yes,8558
59623,Britannia Beverages Max 5,Grocery,Beverages,BRITANNIA,980.92,518.08,3.41,Yes,7799
59624,SG Running Elite 8,Sports,Running,SG,8360.24,3862.61,2.52,Yes,8836
59625,Arihant Fiction Max 3,Books,Fiction,ARIHANT,2475.06,1345.31,3.18,Yes,8818
59626,Abbott Ayurveda Pro 5,Health,Ayurveda,ABBOTT,810.75,467.8,4.59,Yes,7137
59627,Tata Fruits Active 4,Grocery,Fruits Vegetables,TATA,151116.31,94143.32,2.76,Yes,8567
59628,3M Tyres Active 6,Automotive,Tyres,3M,785.54,398.52,3.75,Yes,8752
59629,Apple Smartwatches Plus 3,Electronics,Smartwatches,APPLE,3442.24,1918.52,4.58,Yes,7341
59630,Usha Decor Smart 5,Home Kitchen,Decor,USHA,4540.85,2825.96,3.27,Yes,8524
59631,Titan Watches Lite 1,Fashion,Watches,TITAN,4720.78,2832.468,4.13,Yes,8885
59632,Pearson Non Flex 3,Books,Non Fiction,PEARSON,493.49,319.74,4.35,No,8454
59633,Philips Decor Max 8,Home Kitchen,Decor,PHILIPS,1873.13,1168.3,2.8,Yes,7509
59634,Pantene Skincare Max 9,Beauty,Skincare,PANTENE,4401.7,2859.27,3.67,Yes,7272
59635,Zara Jewellery Smart 8,Fashion,Jewellery,ZARA,3710.86,1577.07,4.7,Yes,8248
59636,Tata Fruits Premium 6,Grocery,Fruits Vegetables,TATA,5511.68,2907.08,4.27,Yes,8190
59637,Himalaya Protein Ultra 3,Health,Protein,HIMALAYA,274261.51,134531.84,3.36,No,7928
59638,Asus Laptops Flex 1,Electronics,Laptops,ASUS,76980.43,52904.92,2.6,Yes,8770
59639,Logitech Laptops Neo 2,Electronics,Laptops,LOGITECH,189731.84,134558.67,4.55,Yes,7296
59640,Scholastic Biographies Elite 1,Books,Biographies,SCHOLASTIC,943.38,419.67,2.96,Yes,7807
59641,Amul Baby X 6,Grocery,Baby Products,AMUL,1333.77,937.68,3.85,Yes,8053
59642,Bata Jewellery Plus 9,Fashion,Jewellery,BATA,14194.22,9723.9,2.75,No,7239
59643,Vega Tools Elite 4,Automotive,Tools,VEGA,77524.6,52607.17,3.49,Yes,8447
59644,Lego Soft Mini 1,Toys,Soft Toys,LEGO,10542.36,5710.55,3.85,Yes,7078
59645,Amul Fruits X 6,Grocery,Fruits Vegetables,AMUL,3781.75,2001.83,2.63,Yes,8975
59646,Lenovo Cameras Pro 4,Electronics,Cameras,LENOVO,616.46,315.51,4.36,Yes,8419
59647,P&G Snacks Pro 3,Grocery,Snacks,P&G,574.17,488.04449999999997,3.75,Yes,7235
59648,Bosch Tools Mini 2,Automotive,Tools,BOSCH,111238.46,72092.77,2.98,Yes,7513
59649,Shell Lubricants Elite 1,Automotive,Lubricants,SHELL,6022.38,3521.59,3.57,Yes,7236
59650,Parle Staples Air 5,Grocery,Staples,PARLE,654.81,425.41,2.97,Yes,7181
59651,ITC Fruits Flex 8,Grocery,Fruits Vegetables,ITC,76786.69,38009.75,2.77,Yes,7074
59652,Adidas Footwear Lite 1,Fashion,Footwear,ADIDAS,106107.96,66435.03,2.66,No,8411
59653,Bosch Tools Plus 1,Automotive,Tools,BOSCH,522.88,314.12,4.29,Yes,7756
59654,Steelbird Lubricants Elite 8,Automotive,Lubricants,STEELBIRD,69168.02,36905.78,3.08,Yes,7315
59655,h&m Women Neo 9,Fashion,Women Clothing,H&M,32991.79,15071.08,3.81,Yes,8582
59656,Samsung Galaxy M35 5G,Health,Protein,ABBOTT,26690.68,10800.98,4.21,Yes,8457
59657,Oxford Children Pro 6,Books,Children Books,OXFORD,254666.32,174803.84,4.54,Yes,8073
59658,Michelin Car Air 5,Automotive,Car Accessories,MICHELIN,4777.93,3066.0,4.06,Yes,8064
59659,Cipla Ayurveda Lite 4,Health,Ayurveda,CIPLA,18511.75,11721.79,4.01,Yes,7722
59660,Yonex Cricket Edge 4,Sports,Cricket,YONEX,8272.07,4224.14,3.51,Yes,8294
59661,Vega Lubricants Ultra 7,Automotive,Lubricants,VEGA,3148.77,2215.4,3.34,Yes,8352
59662,Parle Personal Mini 3,Grocery,Unknown,PARLE,10041.63,4621.7,3.77,No,7650
59663,3M Lubricants Plus 1,Automotive,Lubricants,3M,270888.24,156072.11,4.29,Yes,7884
59664,Patanjali Staples Edge 4,Grocery,Staples,PATANJALI,17123.12,8908.45,4.18,No,8371
59665,Decathlon Cricket Max 7,Sports,Cricket,DECATHLON,172977.96,95178.26,4.88,Yes,7281
59666,Hasbro Educational Lite 6,Toys,Educational,HASBRO,1073.99,520.61,4.53,Yes,8957
59667,Fast&Up Supplements Mini 3,Health,Supplements,FAST&UP,13020.9,8523.96,3.81,Yes,7978
59668,Under Armour Cycling Max 7,Sports,Cycling,UNDER ARMOUR,21527.12,11515.4,3.65,No,8721
59669,Lego Puzzles X 1,Toys,Puzzles,LEGO,103629.21,65137.74,4.3,Yes,7056
59670,Bosch Tools Plus 7,Automotive,Tools,BOSCH,1204.04,647.21,3.01,No,7909
59671,Speedo Cycling Flex 1,Sports,Cycling,SPEEDO,89978.21,50255.66,3.89,Yes,8480
59672,Michelin Lubricants Max 6,Automotive,Lubricants,MICHELIN,6170.78,2723.03,3.14,Yes,8944
59673,Pearson Non Mini 6,Books,Non Fiction,PEARSON,1202.01,767.83,4.68,Yes,8287
59674,Webby Soft Ultra 5,Toys,Soft Toys,WEBBY,4719.74,2609.3,4.28,Yes,7779
59675,Samsung Laptops Edge 3,Electronics,Laptops,SAMSUNG,577.27,365.27,3.52,Yes,8475
59676,Himalaya Medical Air 6,Health,Medical Devices,HIMALAYA,12798.88,8507.13,2.69,Yes,7702
59677,Decathlon Fitness Lite 4,Sports,Fitness Equipment,DECATHLON,10811.51,7247.11,2.61,Yes,7933
59678,Philips Garden Active 9,Home Kitchen,Garden,PHILIPS,610.7,335.21,4.24,No,8370
59679,Oxford Academic Flex 3,Books,Academic,OXFORD,3126.72,1909.93,4.47,Yes,8914
59680,Himalaya Supplements X 2,Health,Supplements,HIMALAYA,935.37,610.67,2.65,Yes,8191
59681,Samsung Accessories Flex 1,Electronics,Accessories,SAMSUNG,270187.7,157306.02,2.93,Yes,8355
59682,Scholastic Fiction Plus 5,Books,Fiction,SCHOLASTIC,5157.63,3103.57,2.64,Yes,8683
59683,Milton Furniture Pro 6,Home Kitchen,Furniture,MILTON,12158.77,6372.8,3.48,Yes,7104
59684,Tanishq Sunglasses Ultra 7,Fashion,Sunglasses,TANISHQ,785.52,479.53,3.58,No,7591
59685,Arihant Non Mini 4,Books,Non Fiction,ARIHANT,24334.66,16577.72,3.26,Yes,8666
59686,Abbott Supplements Lite 1,Health,Supplements,ABBOTT,6049.03,3958.0,2.8,No,8324
59687,Cosco Running Lite 5,Sports,Running,COSCO,1315.96,767.31,4.35,Yes,7273
59688,MRF Cycling Active 3,Sports,Cycling,MRF,16285.86,11204.48,2.53,No,7141
59689,Bata Watches Ultra 6,Fashion,Watches,BATA,67875.46,46704.42,4.27,Yes,8806
59690,Bajaj Garden Elite 3,Home Kitchen,Garden,BAJAJ,736.66,505.2,4.84,Yes,8987
59691,Noise Tablets Pro 6,Electronics,Tablets,NOISE,3082.39,1845.99,4.04,Yes,8010
59692,Scholastic Academic Edge 1,Books,Academic,SCHOLASTIC,18296.91,8408.95,3.12,Yes,7679
59693,Noise Gaming Premium 1,Electronics,Gaming,NOISE,47753.51,28412.33,3.43,Yes,8367
59694,Pearson Fiction Mini 3,Books,Fiction,PEARSON,257.3,133.74,3.65,Yes,8112
59695,Muscleblaze Ayurveda Elite 4,Health,Ayurveda,MUSCLEBLAZE,3029.28,1785.64,2.54,Yes,8427
59696,Ok Play Action Elite 6,Toys,Action Figures,OK PLAY,67059.66,35570.48,3.75,Yes,8879
59697,Dabur Medical Max 3,Health,Medical Devices,DABUR,1906.9,793.28,4.2,Yes,7225
59698,Pigeon Lighting Active 1,Home Kitchen,Lighting,PIGEON,143.28,65.93,3.76,Yes,8077
59699,Healthkart Medical Max 5,Health,Medical Devices,HEALTHKART,8959.75,4056.97,4.77,Yes,7985
59700,S.Chand Self X 4,Books,Self Help,S.CHAND,3382.7,1691.35,4.89,Yes,7251
59701,Puma Footwear Elite 6,Fashion,Footwear,PUMA,350.33,244.76,4.54,Yes,8111
59702,funskool Soft Neo 5,Toys,Soft Toys,FUNSKOOL,284.24,130.61,4.91,No,8771
59703,Milton Furniture Neo 8,Home Kitchen,Unknown,MILTON,212.19,139.06,3.77,Yes,8729
59704,Dabur Personal Ultra 4,Grocery,Personal Care,DABUR,20681.09,11397.53,2.9,Yes,7557
59705,Orient Appliances Max 9,Home Kitchen,Appliances,ORIENT,673.48,399.73,4.5,Yes,7760
59706,H&M Watches Lite 1,Fashion,Watches,H&M,548.21,360.57,3.37,Yes,7468
59707,Forest Essentials Haircare Ultra 7,Beauty,Haircare,FOREST ESSENTIALS,631.71,397.48,3.49,Yes,7760
59708,HarperCollins Non Elite 3,Books,Non Fiction,HARPERCOLLINS,39095.6,22148.02,3.89,Yes,7849
59709,Zara Men Lite 3,Fashion,Men Clothing,ZARA,646.08,420.32,4.42,Yes,8135
59710,VEGA Tools Edge 9,Automotive,Tools,VEGA,73813.7,51337.66,4.39,Yes,8005
59711,Nivia Swimming Air 7,Sports,Swimming,NIVIA,820.32,402.04,4.9,No,7499
59712,H&M Kids Lite 7,Fashion,Kids Wear,H&M,724.24,433.34,2.55,Yes,7710
59713,MRF Badminton X 6,Sports,Badminton,MRF,160281.07,97097.43,4.73,Yes,8221
59714,Shell Car Premium 8,Automotive,Car Accessories,SHELL,15773.95,11080.95,4.88,Yes,7833
59715,HUL Snacks Air 9,Grocery,Snacks,HUL,4615.77,2895.13,4.61,Yes,7311
59716,Lakme Makeup Plus 3,Beauty,Makeup,LAKME,1981.05,1192.24,3.89,Yes,8228
59717,Vega Bike Ultra 9,Automotive,Bike Accessories,VEGA,29281.92,19592.13,3.69,Yes,7046
59718,Logitech Mobiles Smart 9,Electronics,Mobiles,LOGITECH,1243.21,576.67,3.44,Yes,8559
59719,Penguin Self Ultra 2,Books,Self Help,PENGUIN,1233.96,763.49,4.9,Yes,8209
59720,Webby Soft Mini 3,Toys,Soft Toys,WEBBY,4289.56,2437.54,4.23,No,8760
59721,Yonex Badminton Pro 7,Sports,Badminton,YONEX,78798.45,56201.24,2.57,Yes,8860
59722,Scholastic Children Flex 5,Books,Children Books,SCHOLASTIC,1296.99,735.74,3.88,No,8131
59723,Milton Cookware Ultra 5,Home Kitchen,Cookware,MILTON,63058.39,40704.32,3.0,No,8476
59724,Titan Jewellery Pro 9,Fashion,Jewellery,TITAN,600.17,292.04,4.09,No,7956
59725,Healthkart Medical Plus 7,Health,Medical Devices,HEALTHKART,272617.2,160937.0,3.36,Yes,7401
59726,Nikon Smart Flex 3,Electronics,Smart Tvs,NIKON,309.34,220.3,3.93,Yes,8740
59727,MRF Cycling Air 8,Sports,Cycling,MRF,3104.28,1304.09,4.01,No,8068
59728,Shell Lubricants Plus 3,Automotive,Lubricants,SHELL,17812.78,12349.91,4.52,No,8151
59729,Amul Staples Flex 7,Grocery,Staples,AMUL,181689.64,90264.81,2.85,No,7396
59730,S.Chand Fiction Edge 8,Books,Unknown,S.CHAND,289465.34,193376.28,3.02,Yes,7410
59731,Ok Play Action X 1,Toys,Action Figures,OK PLAY,13799.2,6709.12,3.82,Yes,8435
59732,Amul Beverages Neo 8,Grocery,Beverages,AMUL,2524.18,1274.62,3.97,Yes,8966
59733,Scholastic Non Pro 9,Books,Non Fiction,SCHOLASTIC,28002.04,14400.41,2.84,Yes,7233
59734,3M Lubricants Premium 1,Automotive,Lubricants,3M,221553.47,151560.55,3.24,Yes,7487
59735,HarperCollins Non Elite 1,Books,Non Fiction,HARPERCOLLINS,639.78,401.5,4.54,No,8674
59736,Shell Car Max 9,Automotive,Car Accessories,SHELL,2411.54,1735.75,3.87,Yes,8067
59737,Hasbro Remote Lite 6,Toys,Remote Control,HASBRO,17185.78,10783.03,2.62,Yes,7060
59738,Nike Sports Shoes Pro,Toys,Action Figures,FUNSKOOL,3493.71,1770.11,4.84,No,8803
59739,HAVELLS Decor Premium 5,Home Kitchen,Decor,HAVELLS,6769.11,2880.2,4.5,Yes,8774
59740,mattel Educational X 3,Toys,Educational,MATTEL,680.24,371.07,2.89,Yes,7193
59741,nivia Fitness Smart 8,Sports,Fitness Equipment,NIVIA,10159.7,7225.0,2.75,Yes,7234
59742,Parle Snacks Active 8,Grocery,Snacks,PARLE,26759.92,10956.46,2.99,Yes,8998
59743,gillette Skincare Premium 1,Beauty,Skincare,GILLETTE,922.35,637.21,4.36,Yes,7759
59744,Nestle Personal Edge 5,Grocery,Personal Care,NESTLE,2665.99,1397.52,4.18,No,8047
59745,Oxford Self Neo 3,Books,Unknown,OXFORD,31309.94,18780.35,2.87,Yes,8341
59747,Boat Rockerz 550,Automotive,Tools,SHELL,255028.5,159060.43,4.91,No,8099
59748,LOreal Makeup Elite 5,Beauty,Makeup,LOREAL,852.37,343.48,3.26,Yes,7876
59749,HUL Dairy Edge 1,Grocery,Dairy,HUL,38714.32,22531.06,2.87,Yes,8964
59750,Arihant Biographies X 4,Books,Biographies,ARIHANT,3156.53,2190.29,3.37,No,7227
59751,Vega Bike Lite 9,Automotive,Bike Accessories,VEGA,70497.55,39507.34,3.77,Yes,8738
59752,Britannia Cleaning Pro 6,Grocery,Cleaning,BRITANNIA,910.8,521.07,3.83,Yes,8206
59753,Peter England Footwear Air 8,Fashion,Footwear,PETER ENGLAND,340.02,190.01,2.85,Yes,7804
59754,Dabur Protein Premium 1,Health,Protein,DABUR,1965.41,1140.2,3.12,Yes,7892
59755,Pantene Haircare Mini 2,Beauty,Haircare,PANTENE,19143.4,8274.09,4.28,Yes,7962
59756,Bosch Tools Edge 7,Automotive,Tools,BOSCH,212.05,119.81,4.87,Yes,8382
59757,Michelin Bike Max 9,Automotive,Bike Accessories,MICHELIN,1368.42,950.07,2.55,Yes,7554
59758,Himalaya Supplements Ultra 9,Health,Supplements,HIMALAYA,842.87,489.23,4.53,No,7602
59759,Dabur Supplements Edge 2,Health,Supplements,DABUR,2699.4,1315.94,2.51,Yes,7883
59760,Gillette Skincare X 1,Beauty,Skincare,GILLETTE,55447.96,37869.21,3.15,Yes,8445
59761,Webby Soft Flex 2,Toys,Soft Toys,WEBBY,1948.73,1325.13,4.45,Yes,8413
59762,Pearson Non Flex 4,Books,Non Fiction,PEARSON,2312.95,1398.96,3.52,No,7765
59763,Bata Kids Mini 7,Fashion,Kids Wear,BATA,70465.63,44708.25,3.07,Yes,8134
59764,Ok Play Remote Lite 6,Toys,Remote Control,OK PLAY,3512.99,1987.76,4.78,Yes,7736
59765,Orient Storage Active 1,Home Kitchen,Storage,ORIENT,304.3,207.55,4.79,No,7214
59766,Steelbird Tools Premium 1,Automotive,Tools,STEELBIRD,27942.75,12411.66,2.56,Yes,8103
59767,Oxford Fiction Smart 9,Books,Fiction,OXFORD,63761.2,36414.05,3.18,Yes,7990
59768,OPPO Tablets Air 9,Electronics,Tablets,OPPO,155.99,90.11,4.62,Yes,7500
59769,OnePlus Cameras Edge 1,Electronics,Cameras,ONEPLUS,604.38,327.33,3.42,Yes,7241
59770,Ok Play Puzzles Active 6,Toys,Puzzles,OK PLAY,451.73,209.31,4.96,No,8620
59771,Webby Remote Max 9,Toys,Unknown,WEBBY,922.53,487.37,4.37,Yes,7510
59772,Butterfly Decor Max 4,Home Kitchen,Decor,BUTTERFLY,4416.71,2912.7,4.38,Yes,7037
59773,Funskool Remote Pro 9,Toys,Remote Control,FUNSKOOL,945.31,620.49,3.38,Yes,8095
59774,Healthkart Supplements Plus 8,Health,Supplements,HEALTHKART,21333.06,14586.7,3.66,Yes,8840
59775,Nike Bags Flex 3,Fashion,Bags,NIKE,732.11,346.59,3.84,Yes,8193
59776,Borosil Bedding Elite 6,Home Kitchen,Bedding,BOROSIL,63286.67,26520.05,2.57,No,8355
59777,S.Chand Self X 2,Books,Self Help,S.CHAND,674.08,287.26,3.0,Yes,7581
59778,Zara Women Ultra 1,Fashion,Women Clothing,ZARA,153092.7,70996.04,3.5,No,7803
59779,H&M Kids Flex 4,Fashion,Kids Wear,H&M,13465.94,8868.75,4.94,Yes,8572
59780,MRF Swimming Elite 1,Sports,Swimming,MRF,17604.5,11433.19,3.06,No,7735
59781,Nivea Haircare Premium 3,Beauty,Haircare,NIVEA,532.52,300.45,2.61,Yes,8564
59782,Pearson Children Pro 7,Books,Children Books,PEARSON,3856.68,1952.47,3.63,No,8057
59783,Steelbird Lubricants Neo 2,Automotive,Lubricants,STEELBIRD,73880.41,39113.54,4.88,No,8134
59784,Shell Lubricants Mini 1,Automotive,Lubricants,SHELL,13761.59,6555.71,4.69,Yes,7878
59785,Orient Appliances Edge 7,Home Kitchen,Appliances,ORIENT,1628.09,727.63,4.52,No,7468
59786,Fisher Price Remote Edge 3,Toys,Remote Control,FISHER PRICE,1534.1,687.9,4.36,No,7489
59787,Pearson Self Lite 2,Books,Self Help,PEARSON,40194.08,21313.86,3.41,Yes,8708
59788,Vega Lubricants Ultra 6,Automotive,Lubricants,VEGA,289543.12,172555.33,3.1,Yes,8348
59789,Butterfly Bedding Elite 7,Home Kitchen,Bedding,BUTTERFLY,45214.63,24703.24,3.86,Yes,8499
59790,Cipla Ayurveda Premium 6,Health,Ayurveda,CIPLA,1231944.42,703227.85,4.27,Yes,7264
59791,Maybelline Haircare Active 3,Beauty,Haircare,MAYBELLINE,1100.15,468.91,3.34,Yes,8702
59792,Boat Laptops Lite 1,Electronics,Laptops,BOAT,16804.21,10902.3,3.14,Yes,7921
59793,Parle Personal Ultra 3,Grocery,Personal Care,PARLE,4214.83,1811.52,4.12,Yes,8408
59794,Himalaya Vitamins Max 6,Health,Vitamins,HIMALAYA,15136.34,6203.48,3.84,Yes,7422
59795,Castrol Tyres Neo 9,Automotive,Tyres,CASTROL,13890.89,6186.84,4.48,Yes,8202
59796,Logitech Accessories Pro 5,Electronics,Accessories,LOGITECH,792.27,483.77,2.86,Yes,8197
59797,Oxford Self Plus 2,Books,Self Help,OXFORD,1239.12,516.28,3.23,No,7325
59798,Mattel Educational Mini 6,Toys,Educational,MATTEL,2051.91,982.65,4.24,Yes,7550
59799,Fastrack Bags Edge 5,Fashion,Bags,FASTRACK,2939.44,1917.33,3.55,Yes,7124
59800,Nestle Fruits Neo 2,Grocery,Unknown,NESTLE,1663.38,986.51,5.0,Yes,8033
59801,Noise Cameras Elite 4,Electronics,Cameras,NOISE,612.8,304.37,2.82,Yes,7699
59802,Lakme Mens Premium 5,Beauty,Mens Grooming,LAKME,6577.55,3928.19,4.13,No,8909
59803,Dabur Personal Premium 3,Grocery,Personal Care,DABUR,73772.58,45325.32,3.29,Yes,8769
59804,Penguin Fiction Flex 7,Books,Fiction,PENGUIN,18638.03,8140.44,3.72,Yes,7401
59805,Titan Watches Flex 7,Fashion,Watches,TITAN,8691.7,4068.68,4.3,Yes,7423
59806,Lego Educational Smart 7,Toys,Unknown,LEGO,38552.72,19617.06,3.33,Yes,7950
59807,Reebok Yoga Elite 4,Sports,Yoga,REEBOK,74244.86,31533.63,3.31,Yes,8578
59808,Asus Tablets Elite 6,Electronics,Tablets,ASUS,68778.33,28443.24,3.85,Yes,8836
59809,Mattel Board Active 6,Toys,Board Games,MATTEL,608.03,269.1,4.83,No,8612
59810,Muscleblaze First Lite 6,Health,First Aid,MUSCLEBLAZE,171.14,115.84,4.13,No,8726
59811,Maybelline Skincare Smart 6,Beauty,Skincare,MAYBELLINE,45054.52,29936.57,3.48,No,7562
59812,Vivo Mobiles Pro 8,Electronics,Mobiles,VIVO,265.93,171.74,3.99,Yes,8086
59813,Himalaya Medical Pro 2,Health,Medical Devices,HIMALAYA,337.75,222.03,4.98,Yes,7270
59814,Mattel Puzzles Flex 5,Toys,Puzzles,MATTEL,35674.76,21730.97,2.68,Yes,7822
59815,Speedo Running Flex 1,Sports,Running,SPEEDO,10714.87,4607.72,3.9,Yes,8236
59816,HUL Baby Premium 1,Grocery,Baby Products,HUL,67564.9,36644.88,3.43,Yes,8388
59817,HarperCollins Children Ultra 2,Books,Children Books,HARPERCOLLINS,4231.96,2932.16,4.68,Yes,8393
59818,Milton Cookware Active 4,Home Kitchen,Cookware,MILTON,17024.01,11276.62,2.61,Yes,8080
59819,UCB Watches Premium 6,Fashion,Watches,UCB,289652.81,200246.35,3.1,Yes,7073
59820,Muscleblaze First Ultra 3,Health,First Aid,MUSCLEBLAZE,48841.6,32190.28,2.76,No,8148
59821,Speedo Running Edge 4,Sports,Running,SPEEDO,9065.98,3775.33,3.92,Yes,8015
59822,Nike Bags Neo 4,Fashion,Unknown,NIKE,700.55,454.46,3.84,Yes,8720
59823,Arihant Academic Pro 7,Books,Academic,ARIHANT,928.04,569.83,3.13,Yes,8639
59824,Decathlon Fitness Mini 9,Sports,Fitness Equipment,DECATHLON,66044.33,29738.63,3.77,Yes,8123
59825,Hasbro Action Neo 7,Toys,Action Figures,HASBRO,126155.05,57545.93,3.77,Yes,7890
59826,Castrol Lubricants Air 1,Automotive,Lubricants,CASTROL,578.92,247.14,3.53,Yes,7880
59827,UCB Jewellery X 2,Fashion,Jewellery,UCB,16393.86,7835.12,3.72,No,8727
59828,Decathlon Swimming Flex 1,Sports,Swimming,DECATHLON,500.96,259.82,4.06,Yes,8530
59829,UCB Women Ultra 7,Fashion,Women Clothing,UCB,4627.4,3021.53,4.02,Yes,7013
59830,Noise Cameras Smart 5,Electronics,Cameras,NOISE,194.96,110.93,3.65,Yes,7827
59831,Biotique Skincare Neo 8,Beauty,Skincare,BIOTIQUE,213012.5,145940.97,2.67,Yes,7074
59832,Philips Garden Lite 6,Home Kitchen,Garden,PHILIPS,849.43,599.99,4.78,No,7188
59833,Gillette Fragrances Air 9,Beauty,Fragrances,GILLETTE,678.19,275.16,3.07,No,7015
59834,HUL Dairy Air 9,Grocery,Dairy,HUL,2468.01,1532.02,5.0,Yes,8815
59835,Bosch Tools Edge 4,Automotive,Tools,BOSCH,13719.22,5639.96,3.7,Yes,8308
59836,Forest Essentials Makeup Mini 5,Beauty,Makeup,FOREST ESSENTIALS,12456.44,6272.37,3.91,Yes,8038
59837,Milton Storage Elite 7,Home Kitchen,Storage,MILTON,248879.77,114514.41,2.84,Yes,8274
59838,Britannia Dairy Active 1,Grocery,Dairy,BRITANNIA,19853.29,10060.53,3.44,Yes,8751
59839,Webby Action Smart 8,Toys,Action Figures,WEBBY,811.59,536.98,3.16,Yes,8634
59840,Nestle Personal Mini 2,Grocery,Personal Care,NESTLE,54217.7,31694.58,4.7,Yes,7692
59841,Prestige Storage Pro 1,Home Kitchen,Storage,PRESTIGE,89259.9,58130.5,4.97,No,7975
59842,Under Armour Swimming Active 8,Sports,Swimming,UNDER ARMOUR,574.49,276.01,4.09,No,8518
59843,Cipla Vitamins Ultra 6,Health,Vitamins,CIPLA,117906.43,79906.39,3.99,Yes,8273
59844,Patanjali Fruits Max 5,Grocery,Fruits Vegetables,PATANJALI,197739.33,80712.64,3.24,Yes,8906
59845,Samsung Gaming Mini 6,Electronics,Gaming,SAMSUNG,18609.95,12718.71,3.77,Yes,7295
59846,Amul Staples Elite 4,Grocery,Staples,AMUL,1769.85,938.41,4.63,Yes,8892
59847,HP Laptops Mini 2,Electronics,Laptops,HP,243303.99,129234.23,4.86,Yes,8010
59848,Shell Lubricants Lite 6,Automotive,Lubricants,SHELL,952.62,505.53,4.15,No,8790
59849,Nestle Dairy Neo 6,Grocery,Dairy,NESTLE,3934.9,1600.62,2.9,Yes,7466
59850,Yonex Swimming Air 2,Sports,Swimming,YONEX,4406.55,3019.25,4.99,Yes,7837
59851,Cipla Ayurveda Premium 6,Health,Ayurveda,CIPLA,142882.89,102146.76,4.93,Yes,7954
59852,Parle Snacks Air 8,Grocery,Snacks,PARLE,4271.92,2983.11,4.64,Yes,7614
59853,Webby Educational Elite 4,Toys,Educational,WEBBY,262.97,161.21,4.84,Yes,7213
59854,OPPO Mobiles Mini 7,Electronics,Mobiles,OPPO,14867.34,7724.08,4.23,Yes,8433
59855,Muscleblaze Protein X 4,Health,Protein,MUSCLEBLAZE,76957.44,52537.97,3.2,No,7502
59856,Dabur Snacks Ultra 3,Grocery,Snacks,DABUR,2773.32,1479.55,4.21,No,7386
59857,P&G Dairy Air 8,Grocery,Dairy,P&G,241.42,167.16,3.46,Yes,7494
59858,Bajaj Garden Edge 8,Home Kitchen,Garden,BAJAJ,8324.81,5757.21,5.0,No,8132
59859,Gillette Fragrances Flex 7,Beauty,Fragrances,GILLETTE,268064.48,108996.67,3.34,Yes,8101
59860,Nike Bags Mini 5,Fashion,Bags,NIKE,210984.98,89638.15,3.48,Yes,8731
59861,Pigeon Garden Neo 1,Home Kitchen,Garden,PIGEON,8174.07,4703.56,3.43,Yes,8779
59862,Fisher Price Puzzles Neo 5,Toys,Puzzles,FISHER PRICE,955.0,453.31,3.96,Yes,7192
59863,Bosch Lubricants Active 8,Automotive,Lubricants,BOSCH,4263.65,1747.83,3.75,No,8813
59864,3M Car Neo 6,Automotive,Car Accessories,3M,276383.14,114343.23,4.86,Yes,7772
59865,Patanjali Baby Active 7,Grocery,Baby Products,PATANJALI,325.52,205.59,3.25,Yes,7303
59866,Funskool Puzzles Max 9,Toys,Puzzles,FUNSKOOL,4261.46,1868.24,3.86,Yes,8947
59867,Reebok Cycling Smart 5,Sports,Cycling,REEBOK,10613.98,4959.99,2.64,No,8668
59868,Cosco Badminton Neo 1,Sports,Badminton,COSCO,202229.01,84253.97,4.43,Yes,8804
59869,Butterfly Cookware Plus 3,Home Kitchen,Cookware,BUTTERFLY,10349.61,5147.12,3.99,Yes,8815
59870,Dabur Dairy Neo 1,Grocery,Dairy,DABUR,207733.57,117265.71,3.7,No,8829
59871,HarperCollins Self Air 9,Books,Self Help,HARPERCOLLINS,662.27,447.58,2.86,No,8995
59872,Nestle Staples Edge 5,Grocery,Staples,NESTLE,55822.14,39315.51,4.94,Yes,7117
59873,Mattel Board Plus 9,Toys,Board Games,MATTEL,201.72,94.24,4.32,Yes,7452
59874,Britannia Cleaning Mini 5,Grocery,Cleaning,BRITANNIA,145531.52,66558.15,3.38,Yes,8634
59875,Fisher Price Soft Elite 4,Toys,Soft Toys,FISHER PRICE,18262.63,8889.34,5.0,Yes,8526
59876,Michelin Tools Plus 1,Automotive,Tools,MICHELIN,13367.26,8874.15,4.08,Yes,7217
59877,Gillette Fragrances Lite 1,Beauty,Fragrances,GILLETTE,812.93,335.22,3.21,No,8897
59878,Abbott Medical Flex 6,Health,Medical Devices,ABBOTT,1610.28,1115.99,2.54,No,8776
59879,Parle Dairy Edge 9,Grocery,Dairy,PARLE,2400.83,1669.72,3.45,No,7400
59880,Philips Cookware Mini 9,Home Kitchen,Cookware,PHILIPS,220789.32,157271.76,4.62,Yes,7559
59881,Dell Mobiles Premium 4,Electronics,Mobiles,DELL,798.78,343.4,4.97,Yes,8368
59882,Hasbro Remote Flex 3,Toys,Remote Control,HASBRO,672.06,332.19,3.32,No,7590
59883,Usha Furniture Elite 3,Home Kitchen,Furniture,USHA,46783.56,26153.87,3.07,No,8272
59884,Cipla Medical Max 5,Health,Medical Devices,CIPLA,328.36,221.48,3.27,Yes,8227
59885,Healthkart Supplements Elite 4,Health,Supplements,HEALTHKART,97513.95,51676.57,3.99,Yes,8073
59886,Speedo Swimming Mini 8,Sports,Swimming,SPEEDO,56895.28,28057.27,3.9,Yes,8924
59887,Yonex Yoga Active 3,Sports,Yoga,YONEX,387.85,241.89,4.5,No,8103
59888,Nike Sunglasses Lite 6,Fashion,Sunglasses,NIKE,455.32,301.3,3.32,Yes,7909
59889,Under Armour Cricket Smart 9,Sports,Cricket,UNDER ARMOUR,11322.95,4958.82,3.52,Yes,8410
59890,Arihant Self Mini 9,Books,Unknown,ARIHANT,48469.16,19972.47,4.76,Yes,7266
59891,Funskool Remote Edge 5,Toys,Remote Control,FUNSKOOL,4081.11,1664.01,3.49,Yes,8975
59892,Usha Appliances Elite 8,Home Kitchen,Appliances,USHA,391.97,161.22,4.13,Yes,8890
59893,Dabur Medical Max 6,Health,Medical Devices,DABUR,681.1,487.38,2.79,Yes,8096
59894,HarperCollins Non Premium 6,Books,Non Fiction,HARPERCOLLINS,1730.52,708.78,4.71,No,7768
59895,Britannia Cleaning Plus 4,Grocery,Cleaning,BRITANNIA,16328.03,10133.44,4.79,Yes,7988
59896,Woodland Watches Air 2,Fashion,Watches,WOODLAND,279706.39,154842.51,2.58,Yes,8973
59897,Cosco Yoga Plus 9,Sports,Yoga,COSCO,57150.87,34222.78,3.26,Yes,7844
59898,Bata Bags Pro 9,Fashion,Bags,BATA,241.82,161.92,4.76,No,7970
59899,Milton Bedding Smart 7,Home Kitchen,Bedding,MILTON,2126.67,1172.82,3.15,No,7299
59900,Himalaya Vitamins Plus 5,Health,Vitamins,HIMALAYA,19624.27,8456.4,4.39,No,7652
59901,Oxford Children Active 6,Books,Children Books,OXFORD,128000.73,78389.21,3.38,Yes,8832
59902,Speedo Cycling Smart 4,Sports,Cycling,SPEEDO,3619.93,2087.3,3.97,Yes,8783
59903,Dove Fragrances Smart 2,Beauty,Fragrances,DOVE,10855.06,7224.11,2.56,No,7406
59904,Milton Furniture Ultra 2,Home Kitchen,Furniture,MILTON,17810.51,10366.66,4.99,No,8294
59905,Mattel Remote Max 9,Toys,Remote Control,MATTEL,18991.36,9600.32,4.5,No,8503
59906,Borosil Furniture X 8,Home Kitchen,Furniture,BOROSIL,315.81,207.86,3.8,No,8779
59907,Bosch Car Active 7,Automotive,Car Accessories,BOSCH,13566.4,6253.49,3.23,Yes,8702
59908,Oxford Fiction Edge 4,Books,Fiction,OXFORD,18565.74,11817.8,3.85,Yes,8185
59909,DABUR Medical Mini 1,Health,Medical Devices,DABUR,73899.28,46290.63,2.91,No,8064
59910,Muscleblaze Vitamins Plus 4,Health,Vitamins,MUSCLEBLAZE,14077.33,9059.86,4.47,Yes,7351
59911,HUL Dairy Ultra 7,Grocery,Dairy,HUL,756.9,500.48,3.11,No,7215
59912,Healthkart Vitamins Smart 8,Health,Vitamins,HEALTHKART,38883.39,19497.46,3.24,No,7437
59913,S.Chand Non Max 2,Books,Non Fiction,S.CHAND,542.68,310.97,2.87,Yes,7876
59914,Shell Tools Active 1,Automotive,Tools,SHELL,82994.91,35089.99,3.18,Yes,7107
59915,Mattel Soft Elite 3,Toys,Soft Toys,MATTEL,5261.2,3480.72,2.9,Yes,8949
59916,Fastrack Watches Edge 9,Fashion,Watches,FASTRACK,157814.81,95497.42,2.5,Yes,7839
59917,Biotique Skincare Flex 4,Beauty,Skincare,BIOTIQUE,792.32,469.85,4.85,Yes,7007
59918,Borosil Cookware Mini 7,Home Kitchen,Cookware,BOROSIL,63002.54,36401.45,3.88,Yes,8111
59919,Pearson Fiction Neo 3,Books,Fiction,PEARSON,61932.82,40705.72,4.41,No,7534
59920,Samsung Smartwatches Neo 4,Electronics,Smartwatches,SAMSUNG,937.28,611.12,4.83,Yes,7962
59921,Parle Personal Elite 6,Grocery,Personal Care,PARLE,1368.02,770.38,4.94,No,7114
59922,Steelbird Tools Premium 5,Automotive,Tools,STEELBIRD,76691.69,32340.96,4.28,Yes,7253
59923,Van Heusen Watches Flex 5,Fashion,Watches,VAN HEUSEN,3476.74,2014.09,4.54,Yes,7097
59924,ADIDAS Women Plus 6,Fashion,Women Clothing,ADIDAS,517.36,330.88,3.62,Yes,7704
59925,Arihant Biographies Plus 5,Books,Biographies,ARIHANT,635.8,446.91,3.57,Yes,8079
59926,Scholastic Academic Mini 1,Books,Academic,SCHOLASTIC,347.67,223.09,3.8,Yes,7562
59927,Prestige Appliances Ultra 9,Home Kitchen,Appliances,PRESTIGE,7844.44,3169.94,3.93,Yes,7380
59928,3M Car Lite 5,Automotive,Car Accessories,3M,28554.58,13784.33,2.66,Yes,7481
59929,Usha Cookware Elite 7,Home Kitchen,Cookware,USHA,5939.66,2742.32,3.41,Yes,7336
59930,Bajaj Storage Mini 5,Home Kitchen,Storage,BAJAJ,2791.8,1167.41,3.27,Yes,7878
59931,Dove Makeup X 4,Beauty,Makeup,DOVE,1754.22,1200.6,2.54,Yes,7018
59932,Lakme Fragrances Neo 9,Beauty,Fragrances,LAKME,16138.05,7627.16,3.09,Yes,8183
59933,Patanjali Staples Neo 1,Grocery,Staples,PATANJALI,623.68,446.74,3.18,Yes,7189
59934,Reebok Fitness Air 5,Sports,Fitness Equipment,REEBOK,6630.61,3818.32,4.03,Yes,7783
59935,Lego Puzzles Premium 8,Toys,Puzzles,LEGO,6408.66,4396.31,4.8,Yes,8971
59936,Steelbird Car Edge 5,Automotive,Car Accessories,STEELBIRD,62182.89,36314.38,4.12,Yes,8768
59937,Himalaya Medical Lite 7,Health,Medical Devices,HIMALAYA,165.74,103.81,4.44,Yes,8532
59938,Usha Furniture Premium 1,Home Kitchen,Furniture,USHA,2586.75,1232.4,2.65,Yes,8737
59939,Pearson Biographies Ultra 5,Books,Biographies,PEARSON,2697.2,1761.37,2.74,Yes,7937
59940,Dove Mens Premium 6,Beauty,Mens Grooming,DOVE,208587.83,111506.22,4.35,Yes,8890
59941,Bosch Bike Active 9,Automotive,Bike Accessories,BOSCH,57781.49,30071.48,4.9,Yes,7255
59942,Under Armour Fitness Plus 3,Sports,Fitness Equipment,UNDER ARMOUR,1854.29,1267.86,4.1,Yes,7172
59943,Dell Accessories Air 1,Electronics,Accessories,DELL,10891.09,6688.75,3.88,No,7990
59944,Tata Beverages Neo 6,Grocery,Beverages,TATA,3801.86,2437.53,4.47,No,8443
59945,Fast&Up First Smart 8,Health,First Aid,FAST&UP,18644.36,13346.94,4.65,No,8104
59946,Yonex Fitness X 2,Sports,Fitness Equipment,YONEX,16651.15,10008.36,4.59,Yes,8393
59947,P&G Staples Mini 7,Grocery,Staples,P&G,3543.34,2549.16,3.53,No,8676
59948,Scholastic Fiction Plus 2,Books,Fiction,SCHOLASTIC,14220.93,8959.42,2.7,Yes,8650
59949,Ok Play Puzzles Pro 7,Toys,Puzzles,OK PLAY,916.37,563.87,4.34,Yes,7959
59950,bajaj Decor Plus 3,Home Kitchen,Decor,BAJAJ,2172.77,1052.09,3.05,Yes,8575
59951,LOreal Haircare Elite 6,Beauty,Haircare,LOREAL,192808.86,82196.71,2.69,Yes,8656
59952,Dabur Snacks Ultra 1,Grocery,Snacks,DABUR,280287.9,114075.67,3.96,Yes,7666
59953,Butterfly Garden Active 3,Home Kitchen,Garden,BUTTERFLY,8367.43,3769.38,4.4,Yes,7323
59954,Funskool Soft Active 1,Toys,Soft Toys,FUNSKOOL,15836.38,11346.73,3.77,No,7138
59955,P&G Fruits Active 3,Grocery,Fruits Vegetables,P&G,19610.25,9889.05,3.43,Yes,8779
59956,Realme Smart Plus 9,Electronics,Smart Tvs,REALME,4101.76,1939.6,2.75,Yes,7784
59957,Lenovo Mobiles X 1,Electronics,Mobiles,LENOVO,1139.24,608.2,4.4,Yes,8930
59958,Borosil Decor X 2,Home Kitchen,Decor,BOROSIL,3631.27,1676.19,3.86,No,8986
59959,Philips Lighting Mini 3,Home Kitchen,Lighting,PHILIPS,202.45,118.47,3.76,No,8445
59960,Pearson Academic Flex 4,Books,Academic,PEARSON,37091.07,18330.52,4.91,Yes,8164
59961,maybelline Mens Smart 9,Beauty,Mens Grooming,MAYBELLINE,18151.13,8333.09,2.74,No,7215
59962,Castrol Bike Lite 4,Automotive,Bike Accessories,CASTROL,19054.75,13465.71,3.8,No,8228
59963,Healthkart First Active 8,Health,First Aid,HEALTHKART,4038.72,2087.83,3.56,Yes,8060
59964,Himalaya Supplements Active 8,Health,Supplements,HIMALAYA,4505.67,418.35,3.94,No,7563
59965,S.Chand Fiction Plus 2,Books,Fiction,S.CHAND,45755.81,25472.36,2.92,Yes,7808
59966,Canon Tablets Mini 2,Electronics,Tablets,CANON,917.69,418.41,2.94,Yes,8458
59967,Louis Philippe Bags Active 8,Fashion,Bags,LOUIS PHILIPPE,8825.5,3621.04,3.29,Yes,8823
59968,Lakme Fragrances Plus 5,Beauty,Fragrances,LAKME,11539.3,6657.04,4.34,No,7985
59969,Pigeon Furniture Air 2,Home Kitchen,Furniture,PIGEON,6236.93,2583.72,4.43,Yes,8369
59970,Xiaomi Tablets Mini 1,Electronics,Tablets,XIAOMI,33267.43,16542.44,2.55,Yes,8289
59971,Bata Jewellery Pro 7,Fashion,Jewellery,BATA,4340.6,2916.56,3.55,Yes,7413
59972,Hasbro Soft X 7,Toys,Soft Toys,HASBRO,4775.5,3020.79,3.47,No,7471
59973,Shell Lubricants Ultra 4,Automotive,Lubricants,SHELL,10703.49,5137.47,4.49,Yes,7738
59974,Ok Play Action Active 3,Toys,Action Figures,OK PLAY,2016.88,1403.52,3.0,Yes,7356
59975,Amul Staples Air 3,Grocery,Staples,AMUL,4437.43,1930.35,3.74,Yes,7439
59976,Canon Smart Elite 1,Electronics,Smart Tvs,CANON,219.14,141.23,4.57,Yes,8199
59977,H&M Bags Ultra 3,Fashion,Bags,H&M,1429.36,796.95,4.83,Yes,8831
59978,Nivia Swimming Flex 7,Sports,Swimming,NIVIA,75338.4,31923.67,4.08,Yes,8171
59979,Hasbro Puzzles Plus 4,Toys,Puzzles,HASBRO,3854.64,2241.18,4.39,Yes,8663
59980,Webby Remote Premium 7,Toys,Remote Control,WEBBY,274688.63,158160.19,4.44,Yes,7759
59981,Pigeon Appliances Max 4,Home Kitchen,Appliances,PIGEON,6060.91,3714.0,4.18,No,8226
59982,Healthkart Medical Max 1,Health,Medical Devices,HEALTHKART,2325.9,1076.99,4.46,Yes,7301
59983,Titan Women Elite 8,Fashion,Women Clothing,TITAN,45419.07,27253.47,3.1,Yes,8980
59984,Prestige Garden Neo 7,Home Kitchen,Garden,PRESTIGE,185.07,85.99,3.65,No,8574
59985,Speedo Swimming Active 7,Sports,Swimming,SPEEDO,744.66,492.51,4.6,Yes,7284
59986,JBL Smartwatches Smart 9,Electronics,Smartwatches,JBL,99725.28,40831.21,4.66,No,8488
59987,Parle Staples Plus 6,Grocery,Staples,PARLE,3805.85,2247.63,3.44,Yes,8319
59988,Reebok Fitness Smart 4,Sports,Fitness Equipment,REEBOK,4406.85,2524.12,4.09,Yes,8826
59989,Abbott Medical Edge 3,Health,Medical Devices,ABBOTT,128.96,78.61,3.97,Yes,8633
59990,Gillette Haircare Max 8,Beauty,Haircare,GILLETTE,4055.39,2857.68,3.98,Yes,8503
59991,Dove Haircare Flex 2,Beauty,Haircare,DOVE,2136.53,1362.09,4.85,No,8928
59992,Fisher Price Puzzles Premium 1,Toys,Puzzles,FISHER PRICE,9535.8,4847.82,3.46,Yes,7647
59993,Castrol Lubricants Pro 3,Automotive,Lubricants,CASTROL,16030.88,8503.35,3.33,No,8193
59994,MRF Fitness Flex 2,Sports,Fitness Equipment,MRF,1585.11,1071.59,4.74,Yes,7822
59995,milton Cookware Active 1,Home Kitchen,Cookware,MILTON,32916.93,20825.96,2.95,Yes,8333
59996,Bosch Car Flex 2,Automotive,Car Accessories,BOSCH,918.49,502.88,4.5,Yes,8676
59997,Louis Philippe Jewellery Air 1,Fashion,Jewellery,LOUIS PHILIPPE,2175.91,1331.09,2.64,Yes,7345
59998,Sony Laptops Lite 1,Electronics,Laptops,SONY,48242.05,19501.66,2.62,No,8086
59999,Dabur First Smart 4,Health,First Aid,DABUR,72273.1,33319.33,3.28,Yes,7911
60000,lakme Mens Smart 8,Beauty,Mens Grooming,LAKME,586.51,287.83,4.36,Yes,7464
