seller_id,seller_name,seller_city,seller_rating,seller_type,onboarding_date,return_rate_percent,seller_status
7001,Best Shoppe,Hyderabad,3.45,Individual,2023-11-03,11.28,Active
7002,Sky Plaza,Visakhapatnam,4.19,Brand,2022-09-07,14.84,Active
7003,Sun Retail,Gurugram,3.28,Individual,2020-04-04,10.98,Active
7004,Apex Gallery,Jaipur,3.5,Brand,2025-02-01,17.17,Active
7005,Royal Depot,Chennai,4.62,Brand,2022-09-07,12.74,Suspended
7006,Zen Plaza,Thiruvananthapuram,4.58,Individual,2024-03-03,10.45,Inactive
7007,Quick Depot,Noida,2.69,Individual,2022-09-07,2.69,Active
7008,Star Hub,Hyderabad,3.66,Brand,2022-08-03,13.27,Inactive
7009,Sky Deals,Bangalore,3.47,Brand,2023-07-01,12.47,Active
7010,Easy World,Mumbai,4.17,Brand,2022-09-07,3.68,Active
7011,Nova Gallery,Mumbai,3.57,Individual,2022-09-07,5.44,Suspended
7012,Nova World,Indore,4.59,Brand,2022-09-07,8.35,Inactive
7013,Beta Electronics,Noida,4.05,Business,2022-09-07,5.58,Suspended
7014,Royal Plaza,Jaipur,4.44,Business,2022-09-07,7.55,Active
7015,Nova Hub,Jaipur,3.11,Business,2023-02-11,3.54,Inactive
7016,Super Shoppe,Bangalore,4.12,Business,2022-09-07,21.18,Inactive
7017,Star Bazaar,Chennai,3.18,Business,2022-09-07,18.34,Active
7018,Easy Traders,Visakhapatnam,3.66,Business,2022-09-07,7.83,Active
7019,Quick Retail,Kolkata,3.19,Business,2022-09-07,9.53,Active
7020,Bright Outlet,Mumbai,3.05,Business,2023-06-04,12.62,Active
7021,Peak Retail,Visakhapatnam,3.13,Individual,2020-01-09,20.97,Active
7022,Bright World,Gurugram,3.21,Individual,2021-10-04,7.35,Active
7023,Beta Fashion,Jaipur,4.09,Individual,2022-09-07,10.86,Active
7024,Beta World,Visakhapatnam,2.66,Business,2023-06-11,4.13,Active
7025,Easy Enterprises,Hyderabad,4.48,Business,2022-11-07,7.24,Active
7026,Sky Plaza,Jaipur,4.41,Individual,2022-09-07,4.65,Active
7027,Zen Plaza,Mumbai,4.27,Business,2023-08-11,6.56,Active
7028,Smart Bazaar,Noida,4.77,Individual,2020-05-12,13.5,Inactive
7029,Zen Enterprises,Lucknow,4.86,Business,2022-09-07,19.68,Active
7030,Alpha Traders,Ahmedabad,3.94,Brand,2023-08-10,13.1,Active
7031,Flash Emporium,Delhi,3.59,Business,2022-09-07,8.0,Inactive
7032,Mega Bazaar,Lucknow,3.5,Individual,2022-09-07,7.79,Active
7033,Flash Electronics,Chennai,2.64,Business,2022-09-07,16.96,Active
7034,Best Emporium,Visakhapatnam,4.93,Individual,2022-09-07,1.29,Active
7035,Prime Emporium,Ahmedabad,3.75,Business,2022-09-07,11.13,Active
7036,Star Deals,Kolkata,4.7,Individual,2024-05-06,8.14,Active
7037,Alpha Zone,Indore,5.0,Individual,2023-08-01,7.98,Active
7038,Mega Hub,Noida,3.08,Individual,2024-05-03,20.18,Active
7039,Star Outlet,Delhi,3.98,Individual,2022-09-07,20.12,Active
7040,Star Traders,Lucknow,4.23,Brand,2024-11-10,12.21,Active
7041,Bright Shoppe,Pune,4.21,Individual,2020-04-07,3.07,Inactive
7042,Zen Store,Gurugram,3.31,Business,2022-01-06,12.15,Inactive
7043,Royal Store,Indore,4.21,Business,2022-09-07,6.33,Active
7044,Zen Zone,Delhi,4.86,Business,2022-09-07,10.59,Active
7045,Bright Enterprises,Kolkata,3.24,Individual,2022-09-07,6.76,Suspended
7046,Beta Plaza,Indore,3.22,Business,2022-09-07,4.99,Suspended
7047,Star Enterprises,Ahmedabad,4.47,Business,2022-09-07,7.2,Active
7048,Star Shoppe,Bangalore,4.78,Individual,2022-09-07,21.32,Inactive
7049,Prime Emporium,Delhi,3.06,Brand,2022-09-07,17.9,Inactive
7050,Alpha World,Visakhapatnam,4.37,Business,2022-09-07,3.28,Active
7051,Peak Retail,Noida,4.09,Brand,2022-09-07,3.94,Active
7052,Bright Enterprises,Thiruvananthapuram,3.47,Business,2022-09-07,9.8,Active
7053,Apex Enterprises,Kolkata,4.88,Business,2022-09-07,5.96,Active
7054,Super Shoppe,Ahmedabad,3.5,Individual,2024-02-10,2.93,Active
7055,Alpha Fashion,Noida,4.47,Brand,2023-09-02,5.53,Active
7056,Alpha Electronics,Delhi,4.5,Individual,2022-09-07,17.59,Active
7057,Royal World,Jaipur,2.78,Business,2022-11-01,3.29,Active
7058,Beta Depot,Ahmedabad,2.65,Business,2023-06-11,15.96,Inactive
7059,Mega Plaza,Delhi,4.08,Business,2023-08-05,10.53,Active
7060,Prime Shoppe,Noida,4.72,Brand,2022-09-07,3.0,Active
7061,Super Mart,Visakhapatnam,4.58,Individual,2022-09-07,3.73,Active
7062,Peak Retail,Hyderabad,4.16,Individual,2022-09-07,7.04,Active
7063,Flash Hub,Visakhapatnam,2.77,Business,2024-10-04,5.75,Active
7064,Sun Plaza,Gurugram,4.82,Individual,2021-04-01,17.01,Active
7065,Royal Mart,Hyderabad,4.35,Individual,2022-09-07,9.82,Active
7066,Mega Gallery,Thiruvananthapuram,2.89,Brand,2021-11-07,9.9,Active
7067,Smart Depot,Hyderabad,4.2,Business,2022-09-07,9.3,Active
7068,Best Hub,Gurugram,3.76,Individual,2022-09-07,5.83,Active
7069,Super Traders,Jaipur,2.55,Individual,2022-09-07,9.49,Active
7070,Nova Electronics,Delhi,4.05,Individual,2022-09-07,3.22,Active
7071,Galaxy Deals,Jaipur,3.33,Business,2022-09-07,5.07,Active
7072,Star Point,Lucknow,4.01,Business,2022-09-07,14.19,Active
7073,Sky Emporium,Thiruvananthapuram,4.09,Individual,2023-08-07,10.24,Active
7074,Quick Gallery,Chennai,3.65,Business,2021-10-08,19.15,Active
7075,Flash Deals,Chennai,4.35,Individual,2022-09-07,7.75,Active
7076,Beta Emporium,Thiruvananthapuram,4.96,Business,2022-09-07,10.19,Active
7077,Royal Commerce,Lucknow,4.44,Individual,2022-09-07,2.38,Active
7078,Best World,Ahmedabad,4.01,Individual,2022-09-07,8.35,Suspended
7079,Nova Mart,Pune,3.44,Brand,2023-04-10,20.89,Inactive
7080,Galaxy Bazaar,Mumbai,2.95,Business,2022-09-07,22.0,Active
7081,Prime Depot,Indore,3.82,Individual,2022-09-07,8.91,Inactive
7082,Sun Store,Mumbai,4.19,Business,2021-06-08,17.46,Active
7083,Bright Hub,Kolkata,3.65,Business,2022-09-07,4.4,Active
7084,Quick Fashion,Indore,4.84,Business,2020-12-09,17.03,Inactive
7085,Star Bazaar,Thiruvananthapuram,3.63,Individual,2022-09-07,8.85,Active
7086,Easy Electronics,Pune,4.12,Individual,2021-10-08,10.92,Suspended
7087,Bright Emporium,Thiruvananthapuram,3.14,Business,2022-09-07,9.89,Active
7088,Prime Fashion,Ahmedabad,3.64,Individual,2023-07-05,14.27,Suspended
7089,Prime Traders,Noida,2.97,Business,2022-08-01,12.05,Active
7090,Peak Electronics,Visakhapatnam,3.47,Brand,2022-01-01,8.24,Active
7091,Sky Retail,Bangalore,4.53,Brand,2022-09-08,11.05,Active
7092,Zen Fashion,Mumbai,4.71,Business,2022-09-07,12.4,Suspended
7093,Smart Zone,Gurugram,4.14,Brand,2022-09-07,16.61,Active
7094,Royal Outlet,Bangalore,3.8,Brand,2020-10-06,21.9,Active
7095,Prime Traders,Lucknow,4.01,Brand,2022-09-07,16.26,Active
7096,Apex World,Gurugram,2.69,Business,2022-09-07,4.36,Inactive
7097,Zen Fashion,Noida,3.42,Business,2022-09-07,10.45,Active
7098,Galaxy Gallery,Bangalore,4.12,Individual,2022-09-07,11.87,Active
7099,Quick Emporium,Kolkata,4.79,Individual,2024-12-10,4.63,Active
7100,Mega Commerce,Chennai,4.73,Brand,2022-09-07,4.66,Active
7101,Smart Mart,Gurugram,3.89,Brand,2023-03-02,19.57,Active
7102,Bright Depot,Hyderabad,2.68,Business,2022-10-07,11.86,Inactive
7103,Peak Gallery,Delhi,4.78,Individual,2020-09-11,4.4,Active
7104,Flash Zone,Lucknow,4.89,Business,2023-12-06,11.55,Active
7105,Star Store,Jaipur,3.34,Individual,2024-04-11,1.95,Active
7106,Smart Gallery,Ahmedabad,4.72,Business,2021-10-09,17.9,Active
7107,Galaxy Fashion,Hyderabad,3.01,Business,2024-11-01,21.75,Active
7108,Super Depot,Bangalore,2.81,Individual,2022-09-07,9.07,Active
7109,Royal Retail,Jaipur,4.41,Business,2022-09-07,11.44,Active
7110,Zen Point,Bangalore,3.2,Brand,2023-09-10,12.27,Active
7111,Quick Commerce,Bangalore,2.63,Business,2022-09-07,11.59,Active
7112,Sun Plaza,Pune,4.49,Business,2022-09-07,13.65,Active
7113,Beta Mart,Gurugram,3.64,Business,2021-02-11,7.69,Active
7114,Best Gallery,Indore,3.72,Business,2020-04-02,15.15,Active
7115,Alpha Plaza,Ahmedabad,4.44,Brand,2023-10-04,12.01,Suspended
7116,Nova Mart,Noida,4.87,Individual,2021-04-10,9.67,Active
7117,Sun Outlet,Jaipur,4.26,Business,2022-09-07,8.91,Active
7118,Peak Retail,Ahmedabad,4.3,Brand,2023-03-06,21.1,Active
7119,Best Zone,Jaipur,3.29,Business,2022-09-07,7.04,Active
7120,Nova Commerce,Gurugram,2.61,Individual,2025-07-03,6.39,Active
7121,Peak World,Jaipur,2.77,Individual,2022-09-07,12.15,Active
7122,Apex Retail,Pune,2.84,Brand,2022-09-07,20.64,Active
7123,Smart Zone,Ahmedabad,4.42,Individual,2022-09-07,20.67,Active
7124,Royal Fashion,Hyderabad,2.97,Individual,2022-09-07,1.19,Active
7125,Mega Zone,Ahmedabad,3.73,Brand,2022-09-07,17.99,Suspended
7126,Prime Traders,Gurugram,4.19,Business,2023-01-08,18.37,Active
7127,Prime Store,Visakhapatnam,3.12,Individual,2022-09-07,7.92,Active
7128,Quick Commerce,Mumbai,3.66,Brand,2025-05-03,15.77,Active
7129,Best Commerce,Noida,3.7,Brand,2022-04-02,12.53,Active
7130,Smart Point,Kolkata,2.7,Brand,2020-08-06,3.36,Inactive
7131,Smart Gallery,Delhi,3.8,Individual,2023-09-04,19.88,Active
7132,Star Depot,Kolkata,3.66,Brand,2022-09-07,1.06,Active
7133,Apex Commerce,Chennai,4.84,Business,2020-05-03,4.78,Active
7134,Apex Commerce,Hyderabad,4.79,Individual,2022-09-07,3.79,Active
7135,Peak Deals,Jaipur,4.59,Brand,2022-06-08,12.43,Inactive
7136,Easy Emporium,Lucknow,4.69,Individual,2022-09-07,17.09,Active
7137,Smart Traders,Mumbai,4.18,Individual,2022-09-07,5.92,Inactive
7138,Beta Mart,Lucknow,4.79,Business,2024-01-05,7.73,Active
7139,Flash Point,Lucknow,4.87,Individual,2023-06-07,12.67,Active
7140,Nova Depot,Hyderabad,3.25,Business,2021-08-05,7.32,Inactive
7141,Beta Shoppe,Hyderabad,2.84,Individual,2022-09-07,10.45,Active
7142,Smart Fashion,Ahmedabad,2.6,Brand,2022-09-07,12.74,Inactive
7143,Mega Zone,Mumbai,2.98,Brand,2022-09-07,6.09,Active
7144,Easy Shoppe,Lucknow,3.83,Individual,2022-09-07,10.79,Suspended
7145,Mega Hub,Hyderabad,4.66,Individual,2023-07-02,13.16,Active
7146,Mega Point,Indore,3.88,Business,2024-12-04,21.3,Active
7147,Royal Commerce,Jaipur,2.96,Brand,2022-09-07,18.62,Inactive
7148,Beta Electronics,Indore,2.67,Individual,2022-09-07,13.97,Active
7149,Star Electronics,Chennai,2.54,Business,2021-10-08,18.08,Inactive
7150,Royal Enterprises,Chennai,2.98,Brand,2021-01-07,2.66,Active
7151,Easy Point,Indore,4.13,Brand,2020-10-07,8.92,Active
7152,Royal Traders,Hyderabad,3.33,Brand,2025-06-01,1.89,Inactive
7153,Sky Outlet,Thiruvananthapuram,4.81,Business,2020-08-03,18.86,Active
7154,Star Deals,Lucknow,3.1,Business,2025-10-01,9.06,Inactive
7155,Galaxy Depot,Bangalore,3.59,Business,2022-09-07,13.51,Active
7156,Quick Emporium,Bangalore,3.44,Business,2022-09-07,13.99,Suspended
7157,Galaxy World,Jaipur,2.89,Business,2022-09-07,10.34,Active
7158,Galaxy Store,Chennai,3.52,Business,2020-09-07,17.47,Active
7159,Apex Deals,Jaipur,4.76,Business,2022-09-07,4.56,Active
7160,Star Traders,Lucknow,3.71,Individual,2022-09-07,11.41,Active
7161,Prime Traders,Bangalore,3.45,Business,2022-09-07,19.05,Active
7162,Mega Plaza,Noida,2.94,Business,2022-09-07,11.31,Active
7163,Nova World,Hyderabad,4.83,Brand,2021-03-01,12.55,Active
7164,Smart Emporium,Indore,4.55,Business,2022-09-07,7.36,Active
7165,Apex Deals,Kolkata,3.5,Business,2022-09-07,1.77,Suspended
7166,Peak Plaza,Pune,3.12,Individual,2023-08-06,21.66,Active
7167,Mega Bazaar,Pune,3.78,Business,2022-09-07,8.86,Active
7168,Flash Mart,Mumbai,3.24,Individual,2022-09-07,3.98,Active
7169,Smart Depot,Visakhapatnam,4.3,Individual,2020-01-04,3.42,Active
7170,Royal Point,Chennai,3.9,Individual,2022-09-04,4.91,Active
7171,Sun Hub,Hyderabad,4.26,Brand,2022-09-07,13.12,Active
7172,Super Retail,Pune,4.66,Business,2023-07-05,9.24,Active
7173,Zen Plaza,Ahmedabad,3.24,Individual,2020-01-10,6.01,Active
7174,Star Depot,Kolkata,3.46,Business,2022-09-07,20.54,Active
7175,Best Mart,Indore,2.63,Individual,2020-06-10,9.06,Active
7176,Apex Outlet,Indore,2.92,Brand,2022-09-07,6.77,Active
7177,Zen Gallery,Gurugram,3.78,Individual,2022-09-07,8.7,Active
7178,Zen Shoppe,Hyderabad,4.58,Business,2020-07-03,8.32,Active
7179,Prime Point,Jaipur,3.38,Business,2020-05-12,17.48,Inactive
7180,Sky Commerce,Kolkata,3.31,Business,2021-01-07,11.8,Inactive
7181,Star Bazaar,Lucknow,2.82,Individual,2022-09-07,6.2,Active
7182,Star Gallery,Ahmedabad,3.63,Individual,2020-09-07,16.75,Inactive
7183,Zen Outlet,Mumbai,4.62,Brand,2022-09-07,8.52,Active
7184,Smart Bazaar,Visakhapatnam,4.57,Business,2023-05-03,17.55,Suspended
7185,Beta Enterprises,Indore,2.81,Business,2020-02-01,9.98,Inactive
7186,Best Store,Thiruvananthapuram,4.14,Business,2022-09-07,2.09,Suspended
7187,Easy Bazaar,Jaipur,3.03,Business,2022-09-07,1.2,Inactive
7188,Apex Mart,Noida,4.33,Business,2024-09-12,9.04,Inactive
7189,Star Traders,Mumbai,2.91,Individual,2024-12-03,9.65,Inactive
7190,Galaxy Enterprises,Pune,3.46,Business,2022-09-07,14.54,Active
7191,Sun Zone,Gurugram,4.62,Individual,2022-09-07,16.7,Active
7192,Easy Outlet,Noida,3.98,Brand,2022-09-01,3.77,Active
7193,Super Shoppe,Gurugram,4.97,Business,2022-09-07,1.84,Inactive
7194,Flash Zone,Chennai,3.56,Business,2023-06-01,6.83,Active
7195,Smart Mart,Hyderabad,4.41,Business,2022-09-07,16.33,Active
7196,Galaxy Bazaar,Kolkata,3.27,Brand,2020-01-09,3.88,Active
7197,Super Depot,Indore,2.92,Brand,2021-04-07,3.48,Active
7198,Apex World,Lucknow,3.94,Business,2022-07-01,19.05,Active
7199,Prime Gallery,Pune,3.77,Individual,2022-09-07,8.64,Active
7200,Beta Shoppe,Jaipur,3.55,Business,2022-09-07,18.35,Active
7201,Beta Store,Chennai,4.89,Business,2021-01-08,7.52,Active
7202,Super Hub,Gurugram,4.06,Business,2022-07-10,17.29,Active
7203,Prime Traders,Mumbai,3.37,Individual,2022-09-07,18.83,Active
7204,Flash Point,Mumbai,2.86,Individual,2022-09-07,11.91,Active
7205,Galaxy Gallery,Delhi,3.49,Individual,2022-09-07,5.97,Active
7206,Nova Retail,Lucknow,4.86,Brand,2020-11-08,4.45,Active
7207,Peak Commerce,Noida,3.66,Individual,2024-11-07,18.35,Active
7208,Mega Mart,Noida,3.49,Business,2024-06-08,1.65,Active
7209,Peak Point,Pune,2.85,Brand,2022-09-07,18.3,Active
7210,Galaxy Gallery,Thiruvananthapuram,2.55,Individual,2022-09-07,2.93,Inactive
7211,Prime Fashion,Mumbai,3.93,Business,2020-01-03,9.96,Inactive
7212,Quick World,Delhi,4.05,Business,2022-09-07,11.06,Active
7213,Apex Hub,Gurugram,4.08,Brand,2022-09-07,8.54,Active
7214,Sky Depot,Lucknow,3.3,Individual,2022-09-07,17.98,Active
7215,Sky Point,Pune,3.1,Brand,2022-09-07,21.92,Inactive
7216,Nova Commerce,Indore,3.09,Brand,2022-04-01,1.59,Active
7217,Sky Mart,Noida,4.53,Business,2022-09-07,2.9,Active
7218,Star Electronics,Noida,3.35,Brand,2022-09-07,1.46,Inactive
7219,Prime Depot,Pune,4.85,Individual,2021-10-09,21.49,Active
7220,Bright Retail,Chennai,4.82,Individual,2022-09-07,8.95,Active
7221,Royal Electronics,Kolkata,4.99,Individual,2022-09-07,17.98,Active
7222,Prime Outlet,Jaipur,3.37,Business,2022-09-07,15.07,Active
7223,Alpha World,Jaipur,3.14,Individual,2022-01-03,9.81,Active
7224,Nova Commerce,Pune,4.47,Brand,2021-06-04,2.55,Active
7225,Mega World,Pune,4.72,Individual,2022-09-07,8.1,Inactive
7226,Alpha Bazaar,Delhi,3.59,Business,2022-09-07,12.64,Active
7227,Best Zone,Mumbai,3.87,Individual,2020-08-01,7.19,Active
7228,Smart Enterprises,Delhi,4.94,Individual,2022-09-07,11.27,Active
7229,Peak Deals,Thiruvananthapuram,2.97,Business,2022-09-07,6.64,Suspended
7230,Prime Traders,Gurugram,4.93,Business,2022-09-07,11.97,Suspended
7231,Bright Gallery,Visakhapatnam,3.49,Individual,2022-09-07,17.81,Active
7232,Prime Emporium,Delhi,4.52,Business,2022-09-07,21.94,Inactive
7233,Quick Retail,Thiruvananthapuram,2.72,Business,2022-09-07,10.62,Inactive
7234,Sun Gallery,Hyderabad,2.87,Business,2022-09-07,12.82,Active
7235,Peak Commerce,Lucknow,3.71,Individual,2022-09-07,13.98,Active
7236,Nova Retail,Mumbai,4.8,Individual,2024-01-08,7.53,Inactive
7237,Prime Point,Jaipur,4.56,Business,2022-09-07,10.28,Active
7238,Bright Depot,Indore,4.48,Brand,2022-06-04,18.88,Active
7239,Smart Hub,Noida,2.63,Individual,2022-09-07,11.61,Active
7240,Alpha Point,Kolkata,4.9,Business,2021-06-12,19.78,Suspended
7241,Best Electronics,Delhi,4.45,Individual,2021-06-04,6.65,Active
7242,Alpha Outlet,Ahmedabad,4.5,Business,2022-09-07,15.9,Inactive
7243,Super Emporium,Visakhapatnam,3.8,Business,2022-09-07,14.91,Active
7244,Sun Plaza,Ahmedabad,2.66,Business,2022-09-07,14.78,Active
7245,Smart Mart,Noida,4.51,Business,2022-09-07,3.94,Active
7246,Best World,Hyderabad,2.59,Business,2022-09-07,15.98,Active
7247,Bright Commerce,Indore,4.14,Business,2022-09-07,6.43,Suspended
7248,Royal Retail,Noida,4.36,Brand,2021-09-11,13.3,Active
7249,Beta Gallery,Kolkata,4.72,Individual,2022-09-07,9.68,Active
7250,Smart Retail,Kolkata,4.97,Individual,2021-04-01,11.24,Active
7251,Beta Electronics,Noida,2.92,Business,2024-12-04,3.72,Active
7252,Apex Outlet,Mumbai,4.33,Individual,2022-09-07,5.0,Active
7253,Easy Point,Bangalore,2.76,Business,2022-09-07,7.26,Suspended
7254,Sun Depot,Thiruvananthapuram,2.83,Business,2022-09-07,20.91,Active
7255,Easy Point,Delhi,2.55,Individual,2022-09-07,1.78,Active
7256,Peak Plaza,Mumbai,4.13,Brand,2022-03-05,3.6,Suspended
7257,Smart Electronics,Ahmedabad,3.8,Brand,2022-07-05,3.2,Active
7258,Prime Enterprises,Kolkata,3.16,Individual,2023-11-12,4.37,Inactive
7259,Bright Retail,Mumbai,4.77,Brand,2020-01-11,17.37,Suspended
7260,Quick Point,Lucknow,2.63,Individual,2024-11-10,17.83,Suspended
7261,Alpha Electronics,Ahmedabad,3.32,Business,2021-03-07,2.95,Active
7262,Nova Deals,Lucknow,4.22,Business,2022-09-07,3.37,Active
7263,Royal Enterprises,Kolkata,3.92,Business,2022-09-07,1.61,Inactive
7264,Star Outlet,Pune,3.6,Business,2022-09-07,15.24,Active
7265,Sky Point,Ahmedabad,3.8,Business,2022-05-06,6.22,Active
7266,Nova Mart,Chennai,4.03,Business,2022-01-11,18.89,Active
7267,Bright Retail,Lucknow,3.06,Business,2022-09-07,10.33,Active
7268,Bright Emporium,Visakhapatnam,2.54,Individual,2025-03-07,17.63,Active
7269,Flash Shoppe,Ahmedabad,3.35,Brand,2022-09-07,12.76,Active
7270,Super Emporium,Gurugram,2.51,Business,2022-09-07,11.96,Active
7271,Royal Outlet,Jaipur,3.52,Individual,2020-04-09,9.25,Inactive
7272,Mega Enterprises,Mumbai,4.59,Brand,2022-11-07,13.38,Suspended
7273,Alpha Depot,Chennai,4.6,Business,2025-01-03,15.53,Inactive
7274,Prime Deals,Kolkata,3.76,Brand,2022-09-07,6.21,Active
7275,Best Emporium,Delhi,4.25,Business,2023-07-12,7.59,Active
7276,Smart Hub,Jaipur,3.36,Brand,2022-09-07,4.73,Active
7277,Prime Commerce,Kolkata,4.17,Brand,2022-09-07,19.43,Active
7278,Prime Electronics,Mumbai,3.0,Individual,2021-09-08,4.07,Inactive
7279,Smart Shoppe,Indore,4.04,Business,2021-04-04,12.79,Inactive
7280,Best Fashion,Hyderabad,4.47,Business,2022-09-07,6.28,Inactive
7281,Zen Point,Jaipur,3.42,Brand,2021-06-02,21.25,Active
7282,Galaxy Store,Jaipur,3.44,Business,2022-09-07,11.28,Active
7283,Beta Mart,Kolkata,4.83,Brand,2022-01-10,12.55,Suspended
7284,Flash Point,Chennai,3.76,Business,2020-07-07,19.55,Active
7285,Best Hub,Kolkata,4.99,Brand,2022-09-07,8.27,Active
7286,Sun Point,Ahmedabad,3.45,Individual,2021-09-06,6.94,Inactive
7287,Super Depot,Visakhapatnam,3.24,Business,2022-09-07,4.52,Active
7288,Alpha Traders,Ahmedabad,4.66,Individual,2023-06-01,19.45,Active
7289,Galaxy Mart,Jaipur,2.72,Brand,2022-09-07,18.25,Active
7290,Zen Deals,Mumbai,3.76,Individual,2024-07-03,15.72,Inactive
7291,Prime Zone,Lucknow,3.2,Business,2024-10-08,10.95,Active
7292,Nova Shoppe,Ahmedabad,4.19,Brand,2024-02-02,21.11,Inactive
7293,Star Enterprises,Kolkata,3.84,Business,2024-12-03,16.24,Inactive
7294,Flash Mart,Noida,3.13,Brand,2023-07-03,18.88,Active
7295,Zen Shoppe,Ahmedabad,2.75,Business,2021-08-11,15.1,Active
7296,Galaxy Hub,Visakhapatnam,4.15,Individual,2023-06-03,7.64,Active
7297,Easy Point,Ahmedabad,4.6,Brand,2024-02-12,10.35,Active
7298,Prime Store,Pune,4.65,Business,2022-09-07,14.16,Inactive
7299,Flash Electronics,Kolkata,3.98,Business,2022-09-07,12.33,Active
7300,Nova Point,Kolkata,3.23,Business,2022-09-07,1.22,Suspended
7301,Sun Store,Delhi,2.95,Business,2022-09-07,11.15,Active
7302,Bright Point,Bangalore,4.17,Brand,2022-05-03,10.55,Active
7303,Mega Enterprises,Chennai,3.18,Business,2022-09-07,14.73,Active
7304,Galaxy Depot,Thiruvananthapuram,3.51,Business,2024-11-06,13.69,Active
7305,Royal Point,Ahmedabad,2.88,Business,2022-09-07,5.84,Suspended
7306,Bright Outlet,Kolkata,4.58,Individual,2022-09-07,3.83,Inactive
7307,Star Fashion,Thiruvananthapuram,4.9,Business,2020-08-02,16.29,Active
7308,Smart Emporium,Visakhapatnam,2.93,Business,2022-09-07,17.12,Active
7309,Royal Retail,Kolkata,3.07,Individual,2022-09-07,20.1,Inactive
7310,Sun Enterprises,Thiruvananthapuram,2.6,Business,2022-09-07,14.85,Active
7311,Alpha Bazaar,Bangalore,4.24,Business,2022-09-07,9.01,Suspended
7312,Sky Enterprises,Lucknow,3.08,Business,2022-09-07,11.28,Active
7313,Flash Enterprises,Hyderabad,4.22,Business,2020-12-11,13.29,Active
7314,Sky Commerce,Ahmedabad,3.01,Business,2021-01-01,12.65,Active
7315,Super Deals,Indore,2.8,Brand,2022-09-07,11.68,Inactive
7316,Sun Fashion,Gurugram,2.73,Business,2022-10-06,6.52,Active
7317,Nova Deals,Chennai,4.91,Brand,2022-09-07,10.22,Active
7318,Flash Zone,Gurugram,3.79,Individual,2022-09-07,14.76,Active
7319,Quick Deals,Hyderabad,3.0,Brand,2022-09-07,6.97,Inactive
7320,Super Commerce,Lucknow,4.91,Business,2020-10-01,9.55,Active
7321,Best Retail,Gurugram,3.14,Brand,2022-09-07,21.29,Suspended
7322,Mega Emporium,Thiruvananthapuram,2.57,Individual,2022-09-07,5.63,Inactive
7323,Apex Commerce,Mumbai,3.16,Business,2022-09-07,2.6,Active
7324,Super Hub,Lucknow,4.37,Individual,2022-09-07,16.44,Active
7325,Smart Point,Bangalore,2.77,Brand,2022-09-07,1.14,Active
7326,Bright Commerce,Visakhapatnam,4.7,Individual,2021-09-01,20.24,Active
7327,Sky Mart,Gurugram,4.85,Business,2022-09-07,4.67,Suspended
7328,Zen Retail,Mumbai,3.45,Business,2022-09-07,12.52,Active
7329,Sun Retail,Visakhapatnam,3.55,Business,2022-09-07,4.78,Active
7330,Easy Enterprises,Gurugram,3.58,Individual,2022-09-07,17.92,Active
7331,Flash Shoppe,Gurugram,3.13,Individual,2022-09-07,2.26,Active
7332,Prime Emporium,Lucknow,3.9,Individual,2020-10-02,8.37,Active
7333,Sky Gallery,Chennai,4.45,Brand,2022-09-07,10.39,Active
7334,Zen Mart,Ahmedabad,3.34,Business,2024-04-10,2.66,Active
7335,Best World,Hyderabad,3.61,Business,2022-09-07,10.46,Inactive
7336,Star Point,Jaipur,2.7,Individual,2020-10-05,10.94,Suspended
7337,Flash Traders,Kolkata,4.14,Business,2022-09-07,10.31,Active
7338,Royal Electronics,Bangalore,3.31,Brand,2023-12-01,12.52,Active
7339,Peak Store,Visakhapatnam,4.09,Business,2023-02-08,20.09,Active
7340,Galaxy Emporium,Hyderabad,3.76,Brand,2021-05-12,12.24,Active
7341,Prime Traders,Gurugram,3.76,Business,2022-09-07,6.25,Active
7342,Nova Point,Hyderabad,3.79,Business,2022-09-07,6.98,Inactive
7343,Apex Hub,Delhi,2.78,Business,2023-05-12,4.94,Active
7344,Peak Electronics,Pune,2.81,Individual,2020-03-07,11.37,Active
7345,Bright Commerce,Gurugram,2.7,Individual,2022-09-07,2.5,Active
7346,Quick Deals,Pune,4.29,Brand,2022-09-07,1.7,Suspended
7347,Flash Hub,Ahmedabad,4.84,Brand,2024-05-03,11.94,Active
7348,Smart Commerce,Indore,4.93,Business,2022-09-07,6.8,Inactive
7349,Alpha Fashion,Jaipur,3.99,Individual,2022-09-07,15.4,Suspended
7350,Beta Fashion,Delhi,4.48,Individual,2022-09-07,16.89,Active
7351,Smart Electronics,Bangalore,3.13,Brand,2022-09-07,15.64,Active
7352,Super Retail,Lucknow,4.0,Individual,2022-09-07,7.21,Active
7353,Alpha Depot,Delhi,4.05,Business,2022-09-07,14.82,Active
7354,Flash Outlet,Delhi,3.31,Individual,2022-07-12,1.92,Active
7355,Beta Hub,Noida,3.93,Business,2022-12-12,13.4,Active
7356,Galaxy Electronics,Noida,4.82,Business,2023-01-08,12.72,Active
7357,Super Fashion,Lucknow,4.34,Individual,2022-09-07,3.04,Active
7358,Smart Hub,Noida,4.87,Business,2024-08-03,14.41,Active
7359,Apex Enterprises,Delhi,3.76,Business,2022-09-07,8.4,Active
7360,Mega Commerce,Ahmedabad,4.31,Business,2022-09-07,12.56,Active
7361,Zen Emporium,Mumbai,4.96,Business,2022-09-07,7.31,Inactive
7362,Alpha World,Chennai,4.81,Individual,2022-09-07,6.56,Active
7363,Quick Zone,Hyderabad,3.04,Business,2022-09-07,18.34,Active
7364,Prime Plaza,Mumbai,3.94,Individual,2022-09-07,19.48,Active
7365,Prime Point,Indore,2.53,Business,2022-09-07,7.71,Active
7366,Easy Mart,Jaipur,4.93,Business,2020-03-07,7.09,Active
7367,Galaxy Outlet,Mumbai,3.16,Business,2022-09-07,3.83,Active
7368,Sky Hub,Jaipur,3.11,Business,2023-03-11,2.88,Active
7369,Super Hub,Kolkata,4.42,Business,2024-09-08,10.29,Active
7370,Easy Hub,Delhi,4.63,Individual,2022-09-07,19.24,Active
7371,Prime Zone,Mumbai,4.35,Business,2022-09-07,11.14,Active
7372,Alpha Deals,Ahmedabad,3.14,Individual,2022-09-07,2.11,Active
7373,Nova World,Thiruvananthapuram,4.66,Individual,2022-09-07,21.58,Suspended
7374,Mega Outlet,Chennai,3.0,Business,2022-09-07,6.2,Active
7375,Star Electronics,Bangalore,3.26,Brand,2022-09-07,14.14,Inactive
7376,Alpha Shoppe,Noida,4.74,Individual,2022-09-07,15.24,Suspended
7377,Apex Point,Hyderabad,4.77,Business,2022-09-07,13.2,Active
7378,Star Zone,Thiruvananthapuram,2.84,Brand,2022-09-07,12.86,Active
7379,Peak Enterprises,Indore,4.32,Individual,2022-09-07,7.37,Inactive
7380,Quick Mart,Pune,2.57,Business,2022-09-07,5.85,Suspended
7381,Super Traders,Visakhapatnam,4.62,Business,2021-11-01,11.32,Active
7382,Beta Bazaar,Mumbai,4.88,Brand,2022-09-07,2.39,Active
7383,Sun Outlet,Indore,3.12,Individual,2022-09-07,16.12,Active
7384,Sky Plaza,Ahmedabad,4.47,Business,2022-09-07,19.43,Active
7385,Beta Shoppe,Gurugram,2.62,Business,2022-09-07,7.0,Active
7386,Beta Depot,Visakhapatnam,3.63,Individual,2022-09-07,19.78,Active
7387,Mega Emporium,Visakhapatnam,4.28,Business,2022-09-07,14.62,Active
7388,Prime Traders,Visakhapatnam,2.71,Brand,2022-09-07,4.36,Active
7389,Royal Retail,Ahmedabad,2.91,Brand,2022-09-07,7.5,Active
7390,Royal Enterprises,Gurugram,4.41,Business,2022-09-07,1.12,Active
7391,Sky Outlet,Visakhapatnam,4.0,Business,2022-09-07,18.22,Active
7392,Beta Commerce,Indore,3.95,Business,2022-09-07,9.76,Active
7393,Sun Plaza,Chennai,3.64,Business,2020-09-07,7.78,Inactive
7394,Apex Shoppe,Visakhapatnam,4.24,Business,2022-10-12,5.39,Active
7395,Flash Traders,Jaipur,4.47,Business,2024-02-10,12.03,Active
7396,Star Plaza,Chennai,3.74,Individual,2022-09-07,11.28,Active
7397,Prime Hub,Hyderabad,3.33,Business,2022-09-07,15.49,Active
7398,Best Depot,Gurugram,4.21,Brand,2022-09-07,18.47,Inactive
7399,Bright Outlet,Ahmedabad,2.89,Individual,2025-08-01,17.46,Suspended
7400,Flash Zone,Ahmedabad,3.84,Brand,2022-09-07,17.71,Active
7401,Alpha Retail,Ahmedabad,2.91,Individual,2022-09-07,16.78,Active
7402,Beta World,Visakhapatnam,3.43,Business,2022-11-12,3.36,Suspended
7403,Galaxy Emporium,Gurugram,3.75,Business,2024-09-02,7.52,Suspended
7404,Prime Depot,Delhi,2.59,Individual,2022-09-07,15.43,Active
7405,Zen Fashion,Gurugram,3.28,Business,2025-01-01,5.21,Active
7406,Zen Enterprises,Delhi,2.54,Business,2022-09-07,12.54,Active
7407,Best Gallery,Pune,4.73,Individual,2022-09-07,15.19,Active
7408,Apex Deals,Kolkata,4.07,Business,2022-09-07,18.17,Active
7409,Peak Traders,Gurugram,3.92,Brand,2023-01-12,10.57,Suspended
7410,Zen Outlet,Noida,4.74,Business,2021-10-01,14.97,Inactive
7411,Zen Outlet,Visakhapatnam,3.7,Business,2022-09-07,3.68,Inactive
7412,Prime Retail,Pune,3.83,Business,2022-09-07,4.34,Active
7413,Smart Gallery,Hyderabad,3.36,Individual,2023-03-10,20.55,Active
7414,Sky Plaza,Chennai,3.61,Business,2023-10-05,18.1,Active
7415,Bright Fashion,Indore,3.95,Brand,2022-09-07,4.13,Active
7416,Sky Emporium,Ahmedabad,3.25,Brand,2022-09-07,10.13,Active
7417,Star Electronics,Hyderabad,4.63,Individual,2022-09-07,18.24,Inactive
7418,Alpha Point,Kolkata,3.3,Business,2022-09-07,4.64,Active
7419,Super Bazaar,Indore,2.84,Individual,2022-09-07,14.82,Active
7420,Star Bazaar,Thiruvananthapuram,4.01,Individual,2022-09-11,18.22,Active
7421,Prime Traders,Indore,4.28,Business,2022-09-07,21.54,Suspended
7422,Prime Gallery,Jaipur,4.33,Brand,2022-09-07,10.76,Inactive
7423,Galaxy Point,Jaipur,4.17,Business,2023-02-04,2.11,Suspended
7424,Bright Emporium,Visakhapatnam,3.33,Brand,2022-09-07,1.74,Suspended
7425,Sky World,Visakhapatnam,3.93,Business,2022-09-07,7.02,Active
7426,Quick World,Lucknow,3.14,Business,2025-06-02,4.17,Inactive
7427,Quick Point,Gurugram,2.58,Business,2023-04-05,4.24,Active
7428,Nova Point,Jaipur,3.03,Business,2023-08-08,18.21,Active
7429,Bright Zone,Gurugram,3.08,Business,2022-09-07,19.28,Inactive
7430,Zen Deals,Chennai,2.6,Business,2022-09-07,20.28,Active
7431,Quick Enterprises,Kolkata,4.43,Brand,2022-09-07,11.92,Active
7432,Alpha Electronics,Indore,3.53,Brand,2022-09-07,6.95,Active
7433,Galaxy Fashion,Ahmedabad,3.04,Individual,2020-02-09,13.7,Suspended
7434,Sky Store,Jaipur,3.24,Individual,2022-09-07,6.8,Inactive
7435,Mega World,Pune,2.66,Brand,2021-12-06,6.56,Active
7436,Smart Plaza,Ahmedabad,2.86,Individual,2023-10-08,10.27,Active
7437,Galaxy Gallery,Gurugram,4.74,Business,2022-09-07,9.2,Active
7438,Star Electronics,Gurugram,3.59,Brand,2022-09-07,5.74,Suspended
7439,Bright Enterprises,Thiruvananthapuram,3.33,Individual,2022-09-07,12.23,Active
7440,Zen Zone,Delhi,4.92,Business,2022-09-03,14.24,Active
7441,Zen Hub,Gurugram,4.99,Business,2024-11-06,7.46,Inactive
7442,Zen Electronics,Mumbai,4.3,Individual,2023-01-09,10.63,Inactive
7443,Star Gallery,Pune,2.85,Business,2022-09-07,6.1,Active
7444,Beta Zone,Pune,2.93,Brand,2020-05-08,13.49,Active
7445,Smart Bazaar,Indore,4.2,Brand,2022-09-07,7.75,Active
7446,Beta Gallery,Pune,2.85,Brand,2023-07-02,6.12,Active
7447,Sun Deals,Mumbai,3.76,Brand,2022-09-07,9.74,Suspended
7448,Star Hub,Lucknow,3.53,Business,2022-09-07,16.06,Active
7449,Best Commerce,Chennai,2.79,Individual,2022-11-01,21.72,Active
7450,Smart World,Pune,4.21,Business,2022-09-07,20.38,Active
7451,Smart Bazaar,Kolkata,4.4,Brand,2025-09-03,4.32,Active
7452,Galaxy Point,Kolkata,3.55,Individual,2022-09-07,7.85,Suspended
7453,Smart Deals,Pune,3.71,Individual,2022-09-07,4.74,Active
7454,Smart Commerce,Noida,2.58,Business,2022-09-07,10.63,Active
7455,Best Plaza,Gurugram,4.03,Brand,2022-09-07,9.65,Inactive
7456,Smart Gallery,Visakhapatnam,4.33,Individual,2021-01-11,5.67,Active
7457,Sky Electronics,Mumbai,3.68,Individual,2022-09-07,18.0,Active
7458,Bright Point,Gurugram,4.33,Individual,2022-09-07,21.98,Active
7459,Royal Emporium,Jaipur,4.94,Individual,2023-11-12,17.59,Active
7460,Alpha Traders,Jaipur,2.58,Individual,2023-08-06,17.68,Active
7461,Mega Fashion,Thiruvananthapuram,4.72,Business,2022-09-07,8.7,Suspended
7462,Peak Hub,Bangalore,2.78,Business,2023-03-04,15.76,Suspended
7463,Mega Commerce,Chennai,3.19,Business,2022-09-07,18.42,Active
7464,Peak Zone,Bangalore,4.86,Business,2022-09-07,19.56,Active
7465,Royal Zone,Pune,3.19,Business,2022-09-07,20.99,Active
7466,Peak Mart,Hyderabad,4.11,Individual,2022-09-07,18.53,Active
7467,Sky Retail,Gurugram,3.98,Brand,2022-09-07,12.91,Active
7468,Quick Point,Lucknow,2.62,Business,2020-06-12,4.38,Active
7469,Royal Mart,Pune,3.29,Individual,2021-12-01,15.85,Active
7470,Star Commerce,Delhi,2.8,Business,2022-09-07,10.62,Active
7471,Peak Depot,Jaipur,4.74,Brand,2022-09-07,17.79,Inactive
7472,Mega Enterprises,Thiruvananthapuram,4.2,Individual,2022-09-07,10.37,Active
7473,Smart Gallery,Gurugram,3.19,Business,2022-01-07,21.11,Active
7474,Bright Retail,Chennai,4.77,Individual,2022-09-07,9.11,Active
7475,Best Emporium,Pune,4.72,Business,2022-09-07,17.92,Active
7476,Apex Mart,Kolkata,3.02,Individual,2022-09-07,21.16,Active
7477,Apex World,Chennai,3.92,Individual,2022-09-07,12.63,Inactive
7478,Sky Zone,Jaipur,3.76,Business,2024-04-09,3.61,Active
7479,Royal Outlet,Ahmedabad,2.8,Brand,2022-09-07,8.6,Active
7480,Quick Outlet,Indore,3.78,Brand,2022-09-07,4.07,Suspended
7481,Super Store,Bangalore,4.78,Business,2022-09-07,2.61,Active
7482,Prime Plaza,Chennai,3.29,Brand,2021-09-07,15.46,Active
7483,Star Electronics,Lucknow,3.71,Individual,2022-09-07,11.57,Inactive
7484,Peak Plaza,Chennai,4.28,Brand,2022-04-05,2.6,Inactive
7485,Bright Commerce,Bangalore,3.6,Business,2021-01-12,7.4,Active
7486,Star Mart,Lucknow,2.83,Brand,2022-09-07,1.39,Active
7487,Smart Enterprises,Ahmedabad,2.65,Individual,2022-09-07,1.22,Active
7488,Sun Hub,Noida,3.38,Brand,2022-09-07,8.3,Active
7489,Sun Point,Pune,3.95,Individual,2022-09-07,4.61,Active
7490,Prime Hub,Indore,3.42,Business,2020-07-08,8.45,Active
7491,Easy Bazaar,Bangalore,2.78,Brand,2022-09-07,16.16,Active
7492,Nova Zone,Jaipur,4.94,Business,2022-09-07,9.99,Inactive
7493,Bright Commerce,Ahmedabad,2.76,Business,2022-09-07,9.29,Active
7494,Royal Traders,Noida,3.99,Individual,2024-12-09,11.48,Suspended
7495,Sky World,Gurugram,3.5,Business,2022-08-04,11.74,Active
7496,Prime World,Noida,2.84,Individual,2022-09-07,1.56,Active
7497,Mega Mart,Kolkata,2.69,Brand,2024-11-06,7.16,Active
7498,Peak Retail,Chennai,4.88,Business,2022-09-07,10.45,Active
7499,Beta Fashion,Ahmedabad,3.26,Business,2020-02-10,9.17,Active
7500,Bright Shoppe,Kolkata,3.91,Individual,2022-09-07,21.39,Active
7501,Best Retail,Kolkata,4.59,Brand,2022-09-07,14.13,Active
7502,Super Bazaar,Ahmedabad,3.09,Individual,2023-10-11,7.4,Active
7503,Mega Fashion,Indore,3.79,Individual,2022-09-07,21.7,Active
7504,Sky Enterprises,Pune,3.01,Brand,2022-09-07,13.91,Active
7505,Bright Traders,Chennai,3.16,Business,2024-05-07,16.6,Inactive
7506,Prime Gallery,Pune,3.83,Business,2020-06-06,7.34,Active
7507,Peak Retail,Hyderabad,3.79,Business,2024-09-12,15.77,Active
7508,Smart Emporium,Ahmedabad,4.04,Business,2023-05-03,2.26,Active
7509,Easy Mart,Gurugram,3.59,Brand,2020-11-05,18.77,Active
7510,Royal World,Noida,2.78,Individual,2022-09-07,11.19,Active
7511,Beta Hub,Gurugram,4.47,Business,2023-12-08,21.24,Active
7512,Galaxy Retail,Indore,4.89,Brand,2022-09-07,20.81,Active
7513,Prime Gallery,Thiruvananthapuram,4.16,Brand,2022-11-12,19.58,Active
7514,Mega Retail,Jaipur,4.37,Business,2022-09-07,5.5,Active
7515,Sky Fashion,Bangalore,2.78,Business,2022-09-07,19.47,Active
7516,Super Zone,Thiruvananthapuram,4.6,Business,2022-09-07,15.1,Active
7517,Super Enterprises,Noida,3.47,Business,2022-09-07,2.9,Active
7518,Smart Store,Ahmedabad,4.53,Brand,2022-09-07,18.29,Active
7519,Apex Retail,Thiruvananthapuram,2.75,Individual,2022-09-07,13.64,Suspended
7520,Zen Electronics,Ahmedabad,4.08,Individual,2022-09-07,7.42,Active
7521,Easy Depot,Gurugram,4.41,Brand,2024-11-06,10.48,Active
7522,Royal Gallery,Gurugram,2.71,Business,2022-11-02,19.57,Active
7523,Peak Plaza,Thiruvananthapuram,3.66,Brand,2020-11-04,10.01,Active
7524,Super Store,Gurugram,3.81,Business,2022-09-07,3.49,Active
7525,Quick Zone,Hyderabad,4.64,Brand,2021-02-08,4.98,Inactive
7526,Alpha Zone,Noida,4.77,Brand,2022-09-07,10.85,Active
7527,Nova Hub,Jaipur,3.99,Business,2022-09-07,5.93,Active
7528,Star Electronics,Kolkata,4.94,Individual,2025-01-01,13.19,Active
7529,Mega Emporium,Bangalore,3.58,Business,2022-09-07,21.44,Active
7530,Apex Zone,Lucknow,4.4,Business,2025-02-01,16.47,Active
7531,Peak Emporium,Delhi,2.96,Individual,2022-09-07,21.9,Active
7532,Super Shoppe,Visakhapatnam,4.3,Business,2022-09-07,4.79,Active
7533,Quick Gallery,Kolkata,3.76,Individual,2022-09-07,17.13,Inactive
7534,Alpha Zone,Ahmedabad,3.43,Individual,2022-09-07,2.7,Active
7535,Zen World,Mumbai,2.61,Business,2024-07-02,20.04,Active
7536,Beta Zone,Mumbai,3.87,Individual,2021-06-06,21.27,Active
7537,Smart Store,Hyderabad,4.38,Individual,2022-02-10,16.45,Inactive
7538,Sun Mart,Pune,3.78,Individual,2022-02-09,13.61,Active
7539,Super Plaza,Ahmedabad,2.6,Business,2021-04-04,15.99,Active
7540,Flash Traders,Hyderabad,4.5,Brand,2023-02-11,18.67,Active
7541,Beta Shoppe,Mumbai,3.78,Business,2022-09-07,6.32,Active
7542,Flash Electronics,Ahmedabad,4.47,Individual,2022-02-05,7.25,Active
7543,Zen Plaza,Bangalore,4.68,Individual,2024-09-03,6.45,Active
7544,Alpha Electronics,Mumbai,3.69,Individual,2024-04-03,11.22,Active
7545,Super Deals,Pune,2.53,Individual,2022-09-07,5.39,Active
7546,Apex Shoppe,Lucknow,2.87,Individual,2022-09-07,15.75,Active
7547,Zen Gallery,Lucknow,4.58,Individual,2022-09-07,10.07,Active
7548,Sky Plaza,Lucknow,3.5,Brand,2022-09-07,18.15,Suspended
7549,Flash Electronics,Bangalore,3.17,Individual,2022-09-07,20.72,Suspended
7550,Alpha Store,Noida,3.6,Business,2023-03-11,13.64,Active
7551,Star Zone,Hyderabad,4.58,Brand,2022-09-07,21.39,Active
7552,Galaxy Outlet,Noida,3.73,Business,2022-08-10,5.4,Active
7553,Quick Commerce,Delhi,4.74,Individual,2022-09-07,5.76,Active
7554,Mega Commerce,Gurugram,3.17,Brand,2022-09-07,3.19,Active
7555,Zen Enterprises,Gurugram,4.46,Brand,2022-09-07,4.51,Active
7556,Super Store,Jaipur,3.76,Individual,2022-09-07,18.2,Active
7557,Apex Electronics,Gurugram,3.22,Individual,2024-04-01,8.57,Active
7558,Flash Bazaar,Delhi,3.53,Business,2024-11-10,15.33,Active
7559,Alpha Depot,Pune,3.5,Business,2022-09-07,14.86,Inactive
7560,Beta Depot,Hyderabad,4.2,Business,2024-01-03,8.23,Inactive
7561,Sun Mart,Visakhapatnam,4.72,Business,2022-09-07,19.64,Active
7562,Smart Zone,Chennai,4.31,Individual,2023-12-01,2.95,Active
7563,Royal Electronics,Gurugram,3.15,Business,2022-09-07,3.32,Active
7564,Flash Commerce,Gurugram,2.81,Brand,2022-09-07,5.96,Active
7565,Peak Plaza,Lucknow,4.46,Brand,2024-02-01,16.49,Active
7566,Smart Commerce,Delhi,4.57,Individual,2022-09-07,5.51,Active
7567,Nova Gallery,Gurugram,3.16,Business,2022-09-07,20.9,Active
7568,Royal Mart,Visakhapatnam,2.82,Individual,2022-09-07,10.56,Active
7569,Peak Commerce,Pune,3.52,Business,2022-09-07,3.47,Active
7570,Best Outlet,Delhi,3.97,Individual,2022-09-07,4.84,Active
7571,Peak Commerce,Mumbai,3.93,Individual,2022-09-07,18.52,Active
7572,Star Depot,Gurugram,3.62,Business,2022-09-07,14.1,Inactive
7573,Mega Shoppe,Ahmedabad,4.34,Individual,2022-09-07,14.23,Active
7574,Prime Shoppe,Kolkata,4.39,Business,2022-09-07,19.83,Active
7575,Royal Electronics,Noida,4.26,Business,2024-10-07,7.73,Active
7576,Alpha Retail,Gurugram,3.82,Individual,2022-09-07,6.99,Suspended
7577,Star Zone,Ahmedabad,4.04,Individual,2022-09-07,3.07,Inactive
7578,Quick Deals,Thiruvananthapuram,3.01,Business,2022-06-10,11.59,Active
7579,Mega Emporium,Pune,3.52,Individual,2021-05-07,13.31,Suspended
7580,Star Zone,Visakhapatnam,4.09,Business,2022-03-02,4.53,Active
7581,Peak Emporium,Indore,4.57,Brand,2020-02-01,20.36,Active
7582,Nova Commerce,Noida,3.78,Brand,2022-09-07,2.88,Inactive
7583,Peak World,Noida,4.89,Brand,2021-02-12,21.57,Active
7584,Mega Retail,Kolkata,4.79,Business,2022-09-07,19.93,Active
7585,Bright Deals,Gurugram,4.13,Individual,2022-09-07,15.12,Inactive
7586,Sun Commerce,Indore,3.76,Business,2022-09-07,16.93,Suspended
7587,Smart Traders,Ahmedabad,4.29,Business,2022-09-07,11.35,Active
7588,Alpha Hub,Ahmedabad,4.67,Business,2023-04-02,16.52,Active
7589,Royal Traders,Jaipur,3.15,Individual,2022-07-12,6.76,Active
7590,Peak Plaza,Chennai,2.5,Brand,2022-09-07,20.71,Active
7591,Quick Enterprises,Visakhapatnam,3.79,Brand,2020-06-04,9.82,Active
7592,Smart Retail,Kolkata,4.98,Brand,2020-01-06,5.13,Active
7593,Prime Electronics,Gurugram,4.49,Brand,2022-09-07,6.01,Active
7594,Mega Depot,Pune,4.05,Business,2022-09-07,21.47,Active
7595,Galaxy Mart,Gurugram,3.25,Individual,2022-09-07,2.1,Active
7596,Sun Bazaar,Kolkata,4.06,Business,2022-09-07,14.0,Active
7597,Alpha Emporium,Kolkata,2.76,Individual,2024-04-06,19.99,Active
7598,Super Bazaar,Kolkata,3.11,Individual,2022-09-07,11.78,Active
7599,Sky Shoppe,Delhi,4.01,Brand,2022-09-07,15.24,Active
7600,Peak Fashion,Noida,4.1,Individual,2022-09-07,15.59,Active
7601,Mega Gallery,Bangalore,3.55,Business,2024-04-06,11.41,Active
7602,Easy Emporium,Noida,4.42,Brand,2022-08-02,4.87,Active
7603,Galaxy Commerce,Pune,3.6,Individual,2022-07-01,1.62,Active
7604,Quick Store,Chennai,2.99,Individual,2022-09-07,15.23,Inactive
7605,Prime Retail,Lucknow,3.42,Individual,2022-09-07,21.95,Inactive
7606,Galaxy Enterprises,Thiruvananthapuram,2.97,Brand,2022-09-07,21.52,Active
7607,Sun Gallery,Chennai,2.87,Business,2022-09-07,18.88,Inactive
7608,Smart Traders,Gurugram,2.66,Brand,2022-09-07,8.86,Active
7609,Super Depot,Jaipur,3.68,Business,2024-07-06,1.77,Active
7610,Easy Deals,Hyderabad,3.93,Business,2023-01-02,16.78,Active
7611,Easy Gallery,Chennai,3.57,Business,2024-05-07,6.73,Active
7612,Quick Traders,Pune,3.75,Individual,2022-09-07,3.07,Active
7613,Smart Retail,Bangalore,4.36,Brand,2022-09-07,21.96,Suspended
7614,Prime Traders,Lucknow,4.46,Business,2023-02-04,1.25,Active
7615,Star Deals,Jaipur,3.69,Brand,2022-09-07,18.1,Active
7616,Smart Bazaar,Jaipur,3.6,Individual,2020-11-10,3.7,Active
7617,Super Retail,Hyderabad,3.51,Business,2022-09-07,12.92,Active
7618,Mega Gallery,Kolkata,3.93,Business,2022-11-03,9.12,Active
7619,Zen Zone,Pune,2.94,Business,2022-09-07,2.46,Active
7620,Easy Zone,Pune,3.42,Business,2025-06-02,4.3,Active
7621,Bright Traders,Thiruvananthapuram,2.82,Business,2022-09-07,4.33,Active
7622,Smart Depot,Visakhapatnam,2.52,Individual,2022-09-07,6.18,Active
7623,Bright Emporium,Mumbai,3.22,Business,2023-05-12,17.64,Inactive
7624,Royal Bazaar,Thiruvananthapuram,3.58,Business,2023-01-12,9.26,Active
7625,Royal World,Chennai,4.79,Brand,2022-09-07,9.64,Active
7626,Super Traders,Chennai,3.32,Individual,2022-02-11,1.56,Active
7627,Zen Deals,Hyderabad,3.49,Individual,2022-09-07,15.08,Active
7628,Galaxy Shoppe,Jaipur,2.85,Brand,2022-09-07,13.75,Active
7629,Nova Store,Gurugram,3.18,Individual,2024-03-01,15.18,Suspended
7630,Flash Enterprises,Lucknow,4.0,Business,2022-09-07,8.87,Active
7631,Apex Electronics,Bangalore,4.2,Business,2022-09-07,18.44,Active
7632,Apex Depot,Bangalore,4.07,Business,2022-09-07,3.54,Active
7633,Royal Electronics,Gurugram,3.03,Business,2022-09-07,8.75,Active
7634,Best Plaza,Pune,4.48,Business,2022-09-07,13.6,Suspended
7635,Star Retail,Gurugram,3.29,Business,2022-09-07,20.15,Active
7636,Easy Depot,Mumbai,4.04,Business,2022-09-07,6.11,Active
7637,Bright Zone,Hyderabad,2.59,Business,2022-09-07,7.9,Active
7638,Beta Depot,Hyderabad,3.22,Brand,2021-09-11,5.32,Inactive
7639,Easy Point,Hyderabad,2.96,Individual,2022-03-10,5.04,Active
7640,Smart Mart,Kolkata,4.49,Business,2022-09-07,7.54,Active
7641,Royal Plaza,Lucknow,4.92,Individual,2022-12-09,21.42,Active
7642,Zen Bazaar,Jaipur,2.89,Business,2024-09-04,18.93,Inactive
7643,Sun Shoppe,Jaipur,3.45,Business,2022-09-07,2.51,Active
7644,Star Electronics,Jaipur,3.73,Business,2022-09-07,11.28,Active
7645,Apex Fashion,Pune,3.91,Business,2021-06-06,16.78,Suspended
7646,Super Fashion,Thiruvananthapuram,3.12,Business,2022-10-01,15.2,Active
7647,Quick Plaza,Ahmedabad,3.12,Brand,2022-09-07,17.19,Inactive
7648,Nova Gallery,Pune,2.97,Brand,2021-01-06,11.51,Inactive
7649,Sky Zone,Gurugram,4.32,Business,2024-09-05,18.1,Active
7650,Alpha Electronics,Indore,2.74,Business,2022-03-05,16.39,Active
7651,Star Hub,Chennai,3.63,Individual,2022-09-07,17.99,Active
7652,Apex Emporium,Kolkata,4.09,Individual,2020-12-09,8.19,Active
7653,Prime Electronics,Gurugram,4.16,Individual,2021-08-03,1.15,Active
7654,Quick Outlet,Bangalore,3.34,Business,2021-07-10,20.76,Active
7655,Beta Commerce,Gurugram,3.64,Brand,2022-09-07,1.54,Active
7656,Easy Commerce,Ahmedabad,3.69,Individual,2022-09-07,18.07,Active
7657,Beta Retail,Noida,3.5,Individual,2022-09-07,20.77,Active
7658,Prime Deals,Noida,4.67,Brand,2024-07-01,3.69,Active
7659,Peak Emporium,Visakhapatnam,3.71,Individual,2022-09-07,14.85,Active
7660,Alpha Store,Bangalore,4.42,Individual,2022-02-09,15.08,Inactive
7661,Bright Traders,Bangalore,4.83,Business,2023-11-08,20.11,Suspended
7662,Peak Bazaar,Noida,3.23,Business,2022-09-07,16.64,Active
7663,Mega Deals,Mumbai,3.98,Business,2022-09-07,8.67,Inactive
7664,Flash Plaza,Pune,3.85,Individual,2022-09-07,11.5,Active
7665,Star Fashion,Lucknow,4.22,Brand,2022-09-07,18.4,Suspended
7666,Nova Fashion,Bangalore,4.29,Business,2021-05-04,2.1,Active
7667,Bright Deals,Indore,4.62,Business,2022-09-07,10.94,Active
7668,Galaxy Depot,Lucknow,2.99,Business,2022-09-07,17.62,Active
7669,Best Emporium,Kolkata,4.24,Individual,2022-09-07,5.11,Active
7670,Sky Enterprises,Indore,4.88,Brand,2025-11-03,8.47,Active
7671,Prime Depot,Kolkata,2.87,Individual,2022-09-07,11.26,Active
7672,Nova Traders,Indore,3.46,Business,2022-09-07,2.74,Active
7673,Flash Point,Kolkata,3.7,Individual,2022-09-07,11.17,Active
7674,Sky Mart,Pune,4.66,Business,2023-06-12,12.68,Inactive
7675,Bright Traders,Kolkata,4.55,Brand,2022-09-07,19.85,Active
7676,Royal Electronics,Gurugram,2.6,Business,2022-09-07,18.88,Active
7677,Flash Zone,Chennai,4.94,Individual,2020-04-04,11.91,Active
7678,Zen Mart,Jaipur,4.78,Business,2022-11-11,3.08,Active
7679,Smart Mart,Indore,2.84,Business,2022-09-07,14.07,Active
7680,Nova Store,Pune,4.19,Individual,2022-09-07,16.39,Suspended
7681,Smart Commerce,Ahmedabad,4.01,Individual,2024-01-06,1.54,Active
7682,Prime Shoppe,Chennai,3.32,Individual,2024-12-05,19.25,Active
7683,Nova Point,Pune,2.81,Individual,2022-09-07,11.28,Suspended
7684,Best Shoppe,Pune,2.93,Business,2021-07-12,15.23,Active
7685,Nova Outlet,Gurugram,3.78,Individual,2022-09-07,6.61,Active
7686,Super Point,Hyderabad,2.96,Brand,2022-09-07,21.0,Suspended
7687,Easy Zone,Pune,3.52,Individual,2020-11-06,6.04,Active
7688,Galaxy Zone,Visakhapatnam,2.53,Brand,2022-09-07,11.07,Active
7689,Peak Enterprises,Kolkata,3.76,Business,2021-07-12,16.52,Inactive
7690,Flash Plaza,Visakhapatnam,4.19,Business,2021-05-04,8.71,Active
7691,Beta Bazaar,Delhi,2.78,Individual,2023-09-01,19.01,Active
7692,Star Electronics,Kolkata,4.81,Business,2022-09-07,1.74,Active
7693,Bright Fashion,Kolkata,3.25,Business,2022-09-07,8.45,Active
7694,Galaxy Depot,Delhi,3.76,Individual,2022-09-07,7.28,Active
7695,Quick Enterprises,Ahmedabad,2.9,Business,2022-05-01,15.89,Active
7696,Star Deals,Bangalore,2.9,Business,2022-09-07,3.49,Active
7697,Star Retail,Gurugram,3.75,Brand,2022-07-03,21.11,Active
7698,Star Electronics,Noida,4.57,Business,2022-09-07,7.08,Suspended
7699,Easy Plaza,Chennai,3.2,Individual,2023-06-12,18.23,Suspended
7700,Prime Depot,Noida,3.98,Individual,2022-09-07,6.75,Active
7701,Alpha Plaza,Indore,3.52,Business,2022-09-07,9.95,Active
7702,Beta Zone,Bangalore,3.38,Business,2020-07-04,1.01,Active
7703,Best Outlet,Kolkata,2.96,Business,2022-09-07,15.05,Suspended
7704,Star Retail,Gurugram,4.45,Business,2022-09-07,13.27,Active
7705,Sun Enterprises,Thiruvananthapuram,4.54,Business,2022-09-07,12.48,Suspended
7706,Smart Shoppe,Mumbai,3.55,Individual,2024-04-04,20.04,Inactive
7707,Zen Enterprises,Pune,3.81,Brand,2020-07-12,15.63,Active
7708,Sky Fashion,Jaipur,4.54,Business,2022-09-07,4.48,Active
7709,Nova Deals,Noida,2.9,Brand,2024-05-12,11.77,Suspended
7710,Quick Zone,Lucknow,3.88,Individual,2021-02-05,14.43,Active
7711,Star World,Mumbai,3.12,Business,2020-03-01,14.29,Active
7712,Peak World,Hyderabad,3.24,Business,2022-09-07,5.6,Active
7713,Alpha Shoppe,Indore,4.45,Brand,2022-09-07,6.4,Active
7714,Smart Emporium,Lucknow,4.07,Business,2022-02-07,16.25,Inactive
7715,Galaxy Outlet,Delhi,2.94,Business,2021-04-01,1.44,Active
7716,Nova Plaza,Delhi,3.11,Brand,2022-09-07,3.88,Active
7717,Prime Deals,Pune,4.41,Individual,2022-09-07,6.62,Active
7718,Alpha Enterprises,Indore,4.27,Business,2022-09-07,18.12,Active
7719,Easy Fashion,Lucknow,2.81,Individual,2022-09-07,19.62,Active
7720,Easy Electronics,Hyderabad,4.14,Individual,2022-09-07,16.01,Active
7721,Prime Point,Lucknow,4.04,Business,2022-09-07,1.91,Active
7722,Mega Plaza,Hyderabad,4.17,Brand,2022-09-07,6.69,Active
7723,Quick Traders,Indore,2.87,Business,2022-10-03,17.73,Inactive
7724,Prime Gallery,Jaipur,2.73,Individual,2022-09-07,11.38,Active
7725,Sun Retail,Ahmedabad,3.46,Business,2022-05-10,18.25,Active
7726,Apex Depot,Jaipur,3.05,Business,2022-09-07,1.36,Active
7727,Prime Fashion,Bangalore,4.67,Business,2022-09-07,12.58,Active
7728,Smart Point,Delhi,4.24,Brand,2022-09-07,8.81,Active
7729,Galaxy Outlet,Indore,2.87,Individual,2022-09-07,18.09,Active
7730,Star Depot,Lucknow,4.31,Business,2022-09-07,4.27,Active
7731,Royal Depot,Hyderabad,4.2,Business,2022-09-07,13.01,Active
7732,Royal World,Chennai,4.88,Business,2022-09-07,4.86,Active
7733,Galaxy Emporium,Ahmedabad,4.57,Brand,2022-09-07,6.67,Active
7734,Mega Electronics,Delhi,2.66,Brand,2022-09-07,5.24,Active
7735,Galaxy Gallery,Kolkata,3.71,Individual,2026-01-04,16.79,Active
7736,Mega Deals,Delhi,2.74,Brand,2022-09-07,17.28,Inactive
7737,Bright Gallery,Mumbai,2.88,Individual,2020-10-07,5.86,Suspended
7738,Star Store,Chennai,4.32,Business,2022-09-07,3.76,Active
7739,Apex Fashion,Gurugram,3.1,Business,2020-08-11,21.88,Active
7740,Best Shoppe,Gurugram,2.72,Business,2022-09-07,2.43,Active
7741,Galaxy Store,Visakhapatnam,3.68,Individual,2022-09-07,20.74,Active
7742,Super Zone,Indore,4.2,Business,2023-03-07,8.85,Active
7743,Quick Fashion,Ahmedabad,4.48,Business,2020-12-11,7.1,Active
7744,Galaxy Point,Visakhapatnam,3.37,Business,2024-02-08,2.8,Inactive
7745,Nova Bazaar,Bangalore,3.36,Individual,2022-09-07,6.85,Active
7746,Bright Mart,Bangalore,4.97,Individual,2022-09-07,10.03,Active
7747,Alpha Bazaar,Ahmedabad,2.85,Individual,2022-09-07,19.3,Active
7748,Quick Store,Pune,3.57,Business,2021-10-02,9.8,Suspended
7749,Royal Bazaar,Jaipur,4.56,Individual,2021-10-02,15.03,Active
7750,Mega Electronics,Visakhapatnam,3.75,Brand,2023-12-10,11.28,Inactive
7751,Star Emporium,Kolkata,3.05,Business,2022-09-07,13.62,Active
7752,Smart Gallery,Bangalore,2.54,Business,2024-12-11,11.48,Active
7753,Super Commerce,Hyderabad,4.41,Individual,2022-09-07,12.61,Active
7754,Best Bazaar,Jaipur,4.81,Brand,2024-08-07,2.88,Active
7755,Prime Outlet,Kolkata,2.75,Business,2020-07-03,18.89,Suspended
7756,Peak Deals,Indore,2.81,Individual,2022-09-07,14.54,Active
7757,Super Point,Lucknow,3.16,Brand,2022-09-07,1.09,Active
7758,Alpha Mart,Indore,4.55,Business,2022-09-07,6.08,Active
7759,Nova Fashion,Kolkata,4.85,Brand,2022-05-04,11.86,Active
7760,Star Depot,Kolkata,4.61,Individual,2023-06-02,7.77,Active
7761,Alpha Gallery,Kolkata,4.8,Business,2022-09-07,21.65,Suspended
7762,Royal Point,Noida,3.84,Brand,2022-09-07,6.47,Active
7763,Star Electronics,Kolkata,2.78,Individual,2022-09-07,19.79,Active
7764,Super Hub,Visakhapatnam,3.53,Business,2021-06-03,8.88,Inactive
7765,Royal Store,Thiruvananthapuram,3.92,Individual,2021-03-12,11.16,Active
7766,Royal Depot,Thiruvananthapuram,4.02,Business,2024-07-04,19.2,Active
7767,Mega Mart,Jaipur,2.82,Individual,2020-07-07,12.58,Suspended
7768,Bright Bazaar,Hyderabad,3.13,Brand,2024-09-01,9.25,Suspended
7769,Best Store,Jaipur,4.71,Brand,2022-09-07,3.26,Active
7770,Super Commerce,Indore,2.92,Business,2022-09-07,13.68,Active
7771,Flash Commerce,Pune,3.31,Business,2022-09-07,8.8,Active
7772,Alpha Retail,Jaipur,3.66,Individual,2022-09-07,6.96,Active
7773,Peak World,Thiruvananthapuram,4.18,Business,2022-09-07,7.67,Active
7774,Bright Outlet,Lucknow,2.81,Business,2022-09-07,1.45,Inactive
7775,Sky Electronics,Lucknow,4.92,Business,2022-09-07,14.54,Active
7776,Apex Zone,Gurugram,2.7,Business,2020-06-04,15.63,Inactive
7777,Prime Commerce,Gurugram,2.62,Individual,2022-09-07,16.21,Active
7778,Super Shoppe,Thiruvananthapuram,2.63,Individual,2020-08-04,2.58,Active
7779,Nova World,Thiruvananthapuram,3.65,Individual,2022-09-07,18.85,Active
7780,Prime Depot,Kolkata,3.73,Brand,2022-09-07,6.54,Active
7781,Peak Point,Jaipur,4.24,Business,2021-11-03,5.54,Active
7782,Prime Retail,Kolkata,3.78,Business,2022-09-07,4.23,Inactive
7783,Easy Commerce,Visakhapatnam,3.78,Individual,2022-09-07,15.41,Active
7784,Prime Mart,Pune,3.1,Individual,2022-09-07,12.15,Active
7785,Peak Traders,Noida,3.76,Individual,2021-12-07,2.03,Inactive
7786,Smart Zone,Delhi,3.82,Business,2022-09-07,6.23,Active
7787,Beta Gallery,Pune,3.19,Brand,2022-08-04,3.13,Inactive
7788,Quick Outlet,Gurugram,4.09,Business,2020-07-01,11.57,Active
7789,Best Point,Ahmedabad,2.97,Individual,2022-09-07,9.99,Active
7790,Galaxy Store,Gurugram,3.38,Individual,2022-09-07,3.3,Active
7791,Best Point,Delhi,4.44,Brand,2022-09-07,16.43,Active
7792,Bright World,Mumbai,3.25,Business,2022-09-07,19.95,Active
7793,Flash Electronics,Hyderabad,4.15,Business,2022-09-07,15.61,Active
7794,Galaxy Hub,Hyderabad,4.91,Brand,2022-09-07,21.73,Active
7795,Super Retail,Hyderabad,3.19,Business,2023-08-12,13.86,Active
7796,Super Zone,Mumbai,4.21,Individual,2022-09-07,14.95,Active
7797,Best Electronics,Noida,3.98,Business,2022-09-07,18.52,Active
7798,Best Depot,Gurugram,4.88,Individual,2024-10-02,13.29,Active
7799,Bright Commerce,Ahmedabad,3.56,Individual,2022-09-07,13.54,Active
7800,Mega Gallery,Gurugram,2.84,Business,2022-09-07,20.47,Active
7801,Apex Enterprises,Visakhapatnam,3.76,Business,2022-09-07,9.83,Active
7802,Peak Electronics,Hyderabad,2.85,Brand,2023-03-04,3.67,Active
7803,Best Fashion,Hyderabad,4.18,Brand,2022-09-07,2.14,Inactive
7804,Prime Retail,Indore,3.7,Individual,2022-09-07,11.73,Suspended
7805,Flash Mart,Visakhapatnam,4.74,Individual,2023-10-07,11.28,Suspended
7806,Star Electronics,Thiruvananthapuram,2.74,Business,2024-01-09,9.2,Active
7807,Bright Store,Indore,3.15,Business,2023-09-09,10.08,Active
7808,Easy Store,Jaipur,3.69,Brand,2022-09-07,15.02,Suspended
7809,Prime Emporium,Hyderabad,3.21,Business,2023-03-04,14.55,Active
7810,Beta Commerce,Visakhapatnam,3.76,Business,2022-09-07,8.33,Active
7811,Galaxy Store,Bangalore,3.91,Brand,2022-09-07,17.01,Active
7812,Bright Deals,Kolkata,3.94,Brand,2022-12-12,15.65,Active
7813,Sky Plaza,Pune,4.63,Individual,2020-05-08,15.27,Active
7814,Easy Enterprises,Delhi,3.46,Business,2020-06-05,3.4,Active
7815,Super Plaza,Mumbai,3.3,Business,2022-09-07,5.19,Active
7816,Best Point,Delhi,3.82,Individual,2022-09-07,15.04,Inactive
7817,Alpha Commerce,Kolkata,2.68,Brand,2025-08-02,12.09,Active
7818,Bright Depot,Kolkata,4.63,Business,2023-04-07,2.49,Inactive
7819,Best Enterprises,Noida,3.85,Brand,2022-09-07,6.28,Active
7820,Royal Zone,Kolkata,3.79,Business,2022-09-07,15.65,Active
7821,Quick Electronics,Hyderabad,3.34,Individual,2022-09-07,7.92,Inactive
7822,Beta Point,Gurugram,4.76,Brand,2022-09-07,2.49,Suspended
7823,Galaxy Shoppe,Delhi,2.6,Business,2022-09-07,11.03,Inactive
7824,Easy Electronics,Mumbai,4.53,Individual,2022-09-07,1.38,Active
7825,Nova Mart,Hyderabad,2.79,Business,2022-09-07,5.07,Active
7826,Easy Traders,Noida,4.38,Business,2020-03-04,1.31,Inactive
7827,Galaxy Fashion,Delhi,3.29,Individual,2022-09-07,9.35,Active
7828,Galaxy World,Noida,4.34,Individual,2022-09-07,7.36,Active
7829,Easy Depot,Bangalore,3.76,Individual,2022-09-07,11.21,Inactive
7830,Flash Point,Chennai,3.43,Individual,2022-09-07,14.65,Active
7831,Bright Fashion,Kolkata,4.57,Individual,2023-02-06,1.4,Active
7832,Easy Hub,Ahmedabad,2.63,Business,2022-09-07,20.11,Active
7833,Quick Gallery,Mumbai,4.57,Business,2024-02-02,16.8,Active
7834,Best Shoppe,Kolkata,4.42,Business,2022-09-07,20.42,Active
7835,Quick Traders,Gurugram,3.34,Business,2022-10-01,6.26,Suspended
7836,Alpha Enterprises,Ahmedabad,3.16,Business,2025-08-05,21.28,Inactive
7837,Smart Bazaar,Pune,4.03,Individual,2021-03-01,17.52,Active
7838,Easy Store,Kolkata,3.08,Individual,2022-03-11,13.18,Suspended
7839,Beta World,Mumbai,4.64,Brand,2022-09-07,3.29,Active
7840,Galaxy Point,Kolkata,4.56,Business,2022-09-07,1.52,Active
7841,Apex Commerce,Lucknow,2.9,Business,2025-10-02,3.23,Active
7842,Flash Gallery,Noida,3.96,Individual,2024-10-04,2.65,Active
7843,Easy Gallery,Kolkata,4.33,Individual,2024-04-12,2.08,Active
7844,Zen Retail,Indore,4.78,Brand,2022-11-01,7.61,Suspended
7845,Zen Bazaar,Bangalore,2.69,Business,2022-09-07,9.8,Inactive
7846,Star Shoppe,Thiruvananthapuram,3.96,Individual,2021-10-08,3.48,Active
7847,Star Gallery,Thiruvananthapuram,4.75,Individual,2020-04-09,17.08,Active
7848,Prime Mart,Indore,4.23,Individual,2024-10-11,9.15,Active
7849,Peak Point,Pune,4.56,Business,2020-08-08,1.95,Active
7850,Zen Bazaar,Jaipur,3.22,Individual,2021-10-01,13.38,Active
7851,Star Electronics,Bangalore,3.63,Individual,2022-09-07,20.84,Active
7852,Mega Fashion,Thiruvananthapuram,3.77,Business,2022-09-07,4.75,Inactive
7853,Smart Bazaar,Kolkata,3.29,Individual,2021-12-08,10.22,Active
7854,Quick Plaza,Thiruvananthapuram,3.2,Business,2022-07-11,1.57,Active
7855,Peak Shoppe,Mumbai,4.56,Business,2022-09-07,10.34,Active
7856,Prime Enterprises,Hyderabad,2.72,Individual,2023-01-10,8.43,Inactive
7857,Galaxy Retail,Bangalore,4.08,Brand,2022-09-07,19.74,Active
7858,Flash Retail,Chennai,4.69,Business,2022-09-07,13.31,Active
7859,Smart World,Visakhapatnam,4.33,Individual,2022-09-07,11.84,Active
7860,Apex Traders,Kolkata,2.95,Individual,2022-09-07,5.93,Active
7861,Royal Zone,Thiruvananthapuram,3.71,Business,2022-01-01,7.2,Suspended
7862,Best Bazaar,Bangalore,3.56,Business,2022-09-07,15.64,Suspended
7863,Bright Outlet,Ahmedabad,3.23,Individual,2022-09-07,12.81,Active
7864,Apex Deals,Hyderabad,4.78,Brand,2022-09-07,1.96,Active
7865,Royal Shoppe,Ahmedabad,4.92,Individual,2023-10-01,16.17,Active
7866,Mega Commerce,Chennai,2.62,Business,2022-09-07,9.31,Active
7867,Royal Commerce,Noida,3.12,Brand,2022-09-07,3.15,Active
7868,Royal Zone,Noida,4.22,Brand,2022-09-07,14.76,Suspended
7869,Quick Traders,Chennai,4.41,Individual,2022-09-07,20.3,Active
7870,Nova Hub,Indore,3.31,Individual,2022-09-07,3.09,Active
7871,Nova Zone,Noida,3.9,Individual,2022-09-07,9.03,Suspended
7872,Super Shoppe,Visakhapatnam,4.94,Individual,2022-09-07,3.29,Active
7873,Galaxy Enterprises,Noida,3.72,Individual,2022-09-07,11.99,Suspended
7874,Beta Outlet,Lucknow,4.59,Brand,2023-11-05,1.12,Suspended
7875,Bright Shoppe,Ahmedabad,3.65,Business,2022-09-07,2.71,Suspended
7876,Nova Mart,Delhi,2.8,Individual,2022-09-07,9.91,Inactive
7877,Bright Mart,Chennai,2.52,Brand,2022-09-07,15.21,Active
7878,Super Gallery,Delhi,4.21,Business,2022-09-07,6.28,Active
7879,Star Store,Indore,3.29,Business,2020-12-01,4.94,Active
7880,Mega Enterprises,Visakhapatnam,2.67,Individual,2021-07-12,20.49,Inactive
7881,Apex Gallery,Bangalore,3.51,Business,2023-12-09,13.45,Active
7882,Royal World,Delhi,3.97,Business,2022-09-07,13.7,Suspended
7883,Sun Outlet,Mumbai,4.97,Brand,2022-09-07,11.28,Suspended
7884,Star Depot,Hyderabad,3.32,Individual,2022-09-07,17.25,Active
7885,Flash Retail,Thiruvananthapuram,3.03,Business,2022-09-07,18.64,Active
7886,Quick Enterprises,Hyderabad,2.95,Brand,2022-09-07,16.3,Active
7887,Smart Deals,Thiruvananthapuram,2.53,Business,2020-12-01,7.9,Inactive
7888,Flash Electronics,Mumbai,4.1,Brand,2022-09-07,14.13,Inactive
7889,Bright Plaza,Visakhapatnam,4.37,Business,2022-09-07,1.61,Active
7890,Royal Mart,Indore,2.64,Individual,2022-09-07,6.83,Active
7891,Alpha Retail,Indore,4.74,Brand,2022-09-07,11.84,Active
7892,Beta Traders,Gurugram,4.32,Business,2022-09-07,15.46,Active
7893,Alpha Zone,Bangalore,3.67,Individual,2022-09-07,3.44,Suspended
7894,Royal Retail,Mumbai,4.47,Business,2022-09-07,20.81,Suspended
7895,Smart Mart,Hyderabad,2.95,Business,2021-07-04,6.73,Active
7896,Quick Emporium,Visakhapatnam,3.41,Business,2022-09-07,18.47,Inactive
7897,Nova Mart,Noida,3.58,Brand,2022-09-07,15.69,Inactive
7898,Quick Traders,Noida,3.67,Individual,2023-10-09,10.98,Active
7899,Sky Deals,Thiruvananthapuram,4.25,Individual,2022-09-07,10.99,Inactive
7900,Royal Commerce,Visakhapatnam,4.38,Business,2022-09-07,10.13,Inactive
7901,Quick Commerce,Visakhapatnam,3.25,Individual,2024-11-04,20.46,Active
7902,Quick Gallery,Mumbai,2.92,Business,2022-09-07,5.17,Suspended
7903,Star Retail,Mumbai,3.27,Brand,2022-09-07,10.67,Active
7904,Royal Zone,Delhi,3.01,Individual,2023-03-11,11.28,Active
7905,Peak Deals,Thiruvananthapuram,3.44,Individual,2022-09-07,3.7,Active
7906,Mega Zone,Jaipur,3.99,Business,2023-03-10,13.32,Active
7907,Easy Commerce,Chennai,4.03,Individual,2022-09-07,11.5,Active
7908,Galaxy Retail,Delhi,3.21,Brand,2020-12-03,21.06,Active
7909,Flash Enterprises,Pune,4.33,Business,2024-10-07,7.7,Active
7910,Zen Electronics,Ahmedabad,4.43,Individual,2022-09-07,17.95,Active
7911,Bright Retail,Bangalore,2.95,Brand,2022-09-07,4.16,Active
7912,Sky World,Indore,4.68,Business,2022-09-07,11.28,Inactive
7913,Super World,Ahmedabad,4.55,Individual,2022-09-07,10.38,Active
7914,Prime Commerce,Chennai,3.12,Individual,2022-09-07,11.36,Active
7915,Zen Plaza,Indore,4.83,Business,2022-09-07,8.83,Active
7916,Prime Deals,Jaipur,4.82,Business,2022-09-07,16.68,Suspended
7917,Galaxy Bazaar,Gurugram,3.15,Business,2022-09-07,15.58,Active
7918,Smart Bazaar,Jaipur,3.19,Business,2025-06-02,11.28,Inactive
7919,Star World,Kolkata,4.09,Individual,2022-09-07,2.34,Suspended
7920,Zen Gallery,Kolkata,3.47,Individual,2022-09-07,18.28,Inactive
7921,Bright Hub,Delhi,3.14,Brand,2020-09-06,12.79,Active
7922,Flash Commerce,Gurugram,4.19,Business,2020-07-12,12.86,Suspended
7923,Best Shoppe,Noida,3.84,Business,2020-09-09,5.58,Active
7924,Royal Store,Jaipur,3.88,Individual,2022-09-07,7.71,Active
7925,Mega Depot,Hyderabad,3.51,Business,2025-08-03,20.4,Active
7926,Peak Retail,Ahmedabad,4.77,Business,2022-06-05,14.36,Active
7927,Sun Depot,Kolkata,3.52,Business,2020-06-12,10.91,Active
7928,Sun Deals,Indore,4.78,Brand,2021-05-05,20.68,Active
7929,Best Traders,Noida,3.65,Business,2021-10-05,21.43,Active
7930,Sun Retail,Thiruvananthapuram,3.66,Individual,2020-07-03,9.53,Active
7931,Nova Traders,Lucknow,3.84,Business,2022-09-07,10.21,Active
7932,Nova Fashion,Jaipur,4.07,Brand,2022-09-07,6.51,Suspended
7933,Prime Store,Ahmedabad,4.78,Individual,2022-09-07,15.57,Suspended
7934,Easy World,Jaipur,4.47,Business,2023-02-05,3.94,Active
7935,Super Gallery,Lucknow,4.29,Business,2022-09-07,7.19,Suspended
7936,Star Plaza,Hyderabad,3.07,Business,2022-09-07,6.45,Suspended
7937,Flash Deals,Thiruvananthapuram,3.36,Brand,2021-05-10,8.94,Active
7938,Flash Outlet,Thiruvananthapuram,4.17,Individual,2022-09-07,6.84,Inactive
7939,Smart Commerce,Kolkata,4.77,Brand,2022-09-07,19.86,Active
7940,Beta Deals,Bangalore,3.18,Brand,2023-06-01,21.38,Active
7941,Easy Point,Jaipur,4.84,Individual,2024-09-01,1.84,Active
7942,Galaxy Hub,Thiruvananthapuram,4.76,Individual,2021-11-04,17.0,Active
7943,Beta Retail,Pune,2.79,Individual,2022-09-07,13.56,Active
7944,Apex Enterprises,Visakhapatnam,2.99,Business,2022-09-07,6.29,Active
7945,Royal Retail,Chennai,4.11,Business,2022-09-07,12.79,Active
7946,Star Electronics,Visakhapatnam,2.95,Brand,2020-12-07,10.31,Active
7947,Royal Hub,Gurugram,3.27,Brand,2022-09-07,7.3,Active
7948,Star Retail,Gurugram,2.93,Brand,2022-09-07,21.6,Inactive
7949,Quick Point,Visakhapatnam,4.59,Business,2022-09-07,16.65,Active
7950,Prime Traders,Mumbai,3.38,Brand,2022-09-07,18.19,Active
7951,Quick Zone,Mumbai,4.48,Business,2021-12-02,13.97,Active
7952,Galaxy Point,Jaipur,4.3,Brand,2020-04-04,9.19,Suspended
7953,Easy World,Kolkata,2.75,Individual,2022-09-07,6.97,Inactive
7954,Galaxy Retail,Jaipur,2.88,Business,2022-09-07,10.2,Active
7955,Quick Shoppe,Lucknow,2.85,Individual,2023-03-12,7.59,Inactive
7956,Zen Hub,Visakhapatnam,3.41,Brand,2022-09-07,16.7,Active
7957,Apex Bazaar,Visakhapatnam,4.58,Brand,2022-03-02,10.18,Active
7958,Mega Shoppe,Kolkata,2.67,Individual,2022-09-07,12.17,Inactive
7959,Galaxy Gallery,Kolkata,2.98,Brand,2024-01-08,10.48,Suspended
7960,Mega Traders,Kolkata,3.82,Brand,2022-04-06,9.43,Active
7961,Prime Traders,Hyderabad,4.64,Brand,2022-09-07,14.97,Active
7962,Super Gallery,Gurugram,3.27,Business,2022-09-07,3.67,Active
7963,Mega Point,Noida,3.56,Business,2022-09-07,1.57,Active
7964,Prime Deals,Indore,4.35,Business,2022-09-07,17.19,Active
7965,Royal Depot,Jaipur,2.91,Business,2022-09-07,16.74,Active
7966,Galaxy Depot,Lucknow,4.86,Business,2022-10-05,19.01,Active
7967,Galaxy Bazaar,Ahmedabad,5.0,Business,2022-09-03,1.33,Suspended
7968,Mega Fashion,Noida,2.52,Individual,2022-09-07,2.28,Inactive
7969,Best Commerce,Indore,2.93,Business,2022-09-07,15.04,Inactive
7970,Royal Electronics,Lucknow,3.43,Business,2022-09-07,7.96,Active
7971,Star Bazaar,Hyderabad,4.31,Individual,2022-09-07,2.93,Active
7972,Bright Emporium,Indore,3.6,Brand,2020-02-01,10.86,Active
7973,Peak Commerce,Ahmedabad,3.69,Brand,2021-05-02,11.81,Active
7974,Galaxy Enterprises,Lucknow,2.76,Individual,2023-12-09,15.92,Active
7975,Flash Gallery,Lucknow,2.83,Brand,2023-01-04,18.87,Inactive
7976,Beta Hub,Mumbai,2.59,Individual,2022-09-07,11.1,Active
7977,Sky Deals,Noida,3.16,Brand,2023-04-09,20.4,Inactive
7978,Quick Retail,Visakhapatnam,3.64,Brand,2024-12-04,2.33,Active
7979,Peak Mart,Visakhapatnam,2.8,Individual,2021-12-12,10.16,Active
7980,Flash Store,Thiruvananthapuram,2.99,Individual,2020-04-02,16.64,Suspended
7981,Sky Depot,Gurugram,3.85,Brand,2020-07-12,3.1,Active
7982,Sun Point,Gurugram,3.85,Business,2022-09-07,21.14,Active
7983,Flash Bazaar,Visakhapatnam,4.3,Individual,2022-09-07,7.54,Active
7984,Galaxy Fashion,Delhi,4.56,Brand,2021-11-05,4.35,Active
7985,Easy Commerce,Lucknow,3.5,Business,2023-08-10,10.31,Suspended
7986,Alpha Enterprises,Chennai,4.07,Brand,2021-03-09,12.37,Active
7987,Mega World,Mumbai,4.73,Business,2022-09-07,15.9,Active
7988,Best Point,Pune,4.01,Business,2022-09-07,11.39,Active
7989,Beta Enterprises,Lucknow,4.33,Business,2021-04-11,18.56,Active
7990,Prime Outlet,Visakhapatnam,3.58,Brand,2022-09-07,12.77,Active
7991,Flash Deals,Pune,4.48,Business,2022-09-07,6.01,Suspended
7992,Sun Bazaar,Jaipur,3.37,Brand,2022-09-07,1.78,Inactive
7993,Apex Electronics,Gurugram,4.86,Business,2022-09-07,10.59,Active
7994,Super Commerce,Noida,4.46,Brand,2022-09-07,17.67,Suspended
7995,Peak Retail,Gurugram,4.54,Brand,2022-09-07,12.3,Suspended
7996,Mega Zone,Jaipur,3.52,Business,2022-09-07,6.56,Active
7997,Zen Commerce,Delhi,2.78,Individual,2023-05-12,7.22,Active
7998,Sun Traders,Pune,4.79,Brand,2022-09-07,12.19,Inactive
7999,Prime Zone,Pune,3.06,Individual,2022-09-07,6.75,Inactive
8000,Easy Point,Visakhapatnam,3.04,Individual,2020-12-02,11.15,Active
8001,Sky Hub,Indore,3.5,Individual,2022-03-03,15.84,Inactive
8002,Quick Bazaar,Thiruvananthapuram,3.09,Individual,2022-09-07,19.06,Active
8003,Peak Gallery,Thiruvananthapuram,3.77,Business,2024-11-07,5.78,Suspended
8004,Peak Point,Kolkata,3.65,Business,2020-12-05,4.6,Active
8005,Beta Commerce,Jaipur,4.21,Brand,2023-12-03,19.83,Active
8006,Apex Mart,Noida,3.27,Business,2022-09-07,19.4,Active
8007,Peak Gallery,Mumbai,2.63,Business,2024-05-05,13.89,Suspended
8008,Smart Point,Gurugram,2.95,Business,2022-10-10,7.97,Active
8009,Nova Bazaar,Visakhapatnam,3.36,Business,2022-09-07,6.29,Active
8010,Smart Point,Ahmedabad,3.35,Business,2020-11-02,2.28,Suspended
8011,Star Electronics,Gurugram,3.46,Individual,2022-09-07,2.46,Active
8012,Bright Store,Bangalore,4.21,Business,2022-09-07,15.83,Active
8013,Star Emporium,Mumbai,4.72,Individual,2022-09-07,7.12,Active
8014,Flash Store,Visakhapatnam,2.89,Business,2022-09-07,12.51,Active
8015,Prime Shoppe,Noida,3.1,Individual,2022-07-04,2.23,Active
8016,Sky Enterprises,Pune,3.3,Business,2022-09-07,16.9,Active
8017,Star Emporium,Lucknow,3.57,Individual,2022-09-07,7.75,Active
8018,Bright Zone,Jaipur,4.58,Individual,2025-01-01,19.91,Active
8019,Beta Shoppe,Lucknow,3.38,Brand,2023-02-11,16.51,Active
8020,Super Fashion,Pune,2.96,Business,2024-02-01,5.34,Active
8021,Nova Hub,Pune,2.51,Brand,2022-09-07,4.72,Active
8022,Nova Fashion,Kolkata,4.17,Business,2022-09-07,19.94,Active
8023,Quick Bazaar,Hyderabad,3.44,Individual,2022-09-07,13.6,Active
8024,Zen Mart,Noida,2.79,Brand,2022-09-07,7.87,Active
8025,Nova Zone,Lucknow,3.15,Business,2022-09-07,20.95,Active
8026,Star Depot,Visakhapatnam,2.78,Business,2022-09-07,17.93,Active
8027,Zen Mart,Gurugram,4.83,Individual,2021-06-03,1.92,Active
8028,Quick Store,Noida,2.64,Business,2022-01-11,4.86,Active
8029,Zen Electronics,Pune,4.0,Individual,2022-09-07,2.19,Active
8030,Peak Electronics,Delhi,3.3,Individual,2023-02-11,9.01,Inactive
8031,Sky Enterprises,Gurugram,3.91,Business,2025-08-02,13.0,Suspended
8032,Nova Emporium,Noida,4.03,Brand,2022-09-07,19.87,Inactive
8033,Easy Mart,Jaipur,4.92,Individual,2022-09-07,10.07,Active
8034,Apex Shoppe,Hyderabad,4.07,Business,2022-09-07,16.4,Active
8035,Super Retail,Hyderabad,3.82,Brand,2023-10-03,19.35,Active
8036,Zen Shoppe,Gurugram,4.11,Individual,2020-10-08,10.5,Active
8037,Sun Bazaar,Noida,4.72,Business,2022-03-06,10.3,Active
8038,Royal World,Ahmedabad,2.89,Brand,2021-09-02,7.65,Suspended
8039,Bright Retail,Gurugram,4.34,Brand,2022-09-07,1.45,Inactive
8040,Mega Traders,Thiruvananthapuram,4.36,Business,2022-09-07,20.09,Inactive
8041,Bright Retail,Lucknow,4.51,Individual,2022-09-07,12.18,Active
8042,Peak Outlet,Lucknow,4.76,Brand,2022-09-07,3.04,Inactive
8043,Bright Deals,Gurugram,4.22,Business,2023-12-04,10.39,Active
8044,Sky Commerce,Pune,2.67,Business,2022-09-07,3.33,Suspended
8045,Smart Retail,Gurugram,2.71,Brand,2020-02-02,13.4,Active
8046,Quick Hub,Chennai,2.56,Individual,2022-09-07,7.44,Active
8047,Beta World,Gurugram,4.15,Individual,2022-09-07,14.11,Active
8048,Nova Hub,Hyderabad,4.24,Business,2022-09-07,18.93,Active
8049,Mega Mart,Jaipur,2.98,Individual,2022-10-07,2.78,Active
8050,Flash Enterprises,Delhi,2.77,Business,2020-11-11,5.98,Active
8051,Alpha Retail,Kolkata,3.96,Business,2022-09-07,17.51,Active
8052,Star Hub,Thiruvananthapuram,2.73,Individual,2024-09-06,5.41,Active
8053,Flash Hub,Noida,3.74,Business,2024-07-02,19.17,Active
8054,Alpha Traders,Noida,4.7,Individual,2020-10-09,2.59,Active
8055,Easy Store,Indore,4.0,Business,2022-09-07,8.24,Active
8056,Quick Zone,Pune,3.73,Individual,2022-09-07,2.68,Suspended
8057,Alpha Traders,Gurugram,3.4,Brand,2022-09-07,16.27,Active
8058,Bright Commerce,Gurugram,3.86,Individual,2022-09-07,8.41,Active
8059,Nova Emporium,Visakhapatnam,2.86,Business,2022-09-07,17.55,Inactive
8060,Star Deals,Hyderabad,4.15,Business,2021-11-01,1.34,Active
8061,Smart Electronics,Delhi,4.89,Individual,2022-09-07,11.48,Inactive
8062,Bright Fashion,Pune,3.31,Business,2022-09-07,11.38,Active
8063,Best Store,Lucknow,3.57,Individual,2022-09-07,8.84,Active
8064,Sky Outlet,Visakhapatnam,3.12,Brand,2025-06-02,7.56,Active
8065,Quick Shoppe,Gurugram,2.99,Business,2022-09-07,20.14,Active
8066,Easy Outlet,Gurugram,3.78,Brand,2023-01-07,12.11,Inactive
8067,Quick Traders,Gurugram,4.42,Business,2024-11-05,6.18,Active
8068,Sun Outlet,Gurugram,3.3,Business,2023-03-01,18.03,Inactive
8069,Sun Enterprises,Mumbai,2.99,Business,2024-07-06,15.71,Active
8070,Smart Mart,Mumbai,4.41,Business,2025-06-02,10.38,Active
8071,Zen Retail,Lucknow,2.99,Business,2022-09-07,21.08,Inactive
8072,Peak Outlet,Bangalore,3.44,Business,2022-09-07,7.86,Active
8073,Best Retail,Kolkata,3.78,Brand,2022-09-07,2.43,Active
8074,Easy Traders,Bangalore,3.53,Business,2022-09-07,9.74,Suspended
8075,Peak Traders,Visakhapatnam,4.41,Individual,2022-09-07,12.71,Inactive
8076,Easy Outlet,Noida,4.87,Individual,2022-09-07,16.88,Active
8077,Best Outlet,Jaipur,3.88,Business,2021-03-03,11.32,Active
8078,Super Depot,Delhi,3.76,Business,2022-09-07,11.73,Active
8079,Sun World,Bangalore,3.48,Business,2022-01-07,14.68,Active
8080,Royal Enterprises,Gurugram,4.83,Brand,2022-09-07,18.49,Inactive
8081,Best Commerce,Ahmedabad,3.92,Individual,2022-12-11,1.26,Inactive
8082,Smart Outlet,Hyderabad,3.64,Brand,2022-09-07,12.78,Active
8083,Easy Traders,Gurugram,2.58,Individual,2022-09-07,7.37,Active
8084,Royal Enterprises,Noida,4.93,Business,2022-09-07,1.47,Inactive
8085,Best Mart,Thiruvananthapuram,4.96,Individual,2022-09-07,15.32,Active
8086,Alpha Electronics,Jaipur,4.67,Business,2021-07-07,12.83,Suspended
8087,Smart Traders,Gurugram,3.74,Business,2022-09-07,1.92,Suspended
8088,Quick Zone,Noida,2.56,Individual,2022-09-07,18.02,Active
8089,Sky Bazaar,Jaipur,3.08,Individual,2022-09-07,8.71,Active
8090,Super Commerce,Chennai,4.34,Individual,2022-02-04,21.65,Active
8091,Bright Shoppe,Hyderabad,3.13,Business,2022-09-07,16.83,Active
8092,Beta Retail,Indore,2.86,Business,2024-05-03,17.77,Inactive
8093,Smart Deals,Hyderabad,4.98,Business,2022-09-07,14.96,Active
8094,Mega Outlet,Jaipur,3.43,Business,2024-05-08,13.12,Suspended
8095,Prime Point,Visakhapatnam,4.23,Brand,2025-03-01,11.59,Active
8096,Galaxy Zone,Hyderabad,3.02,Business,2022-09-07,1.65,Active
8097,Galaxy Traders,Pune,3.39,Brand,2021-06-09,8.87,Active
8098,Bright Plaza,Ahmedabad,2.58,Individual,2023-05-12,17.75,Suspended
8099,Apex Gallery,Bangalore,4.21,Business,2022-09-07,2.82,Active
8100,Easy Enterprises,Jaipur,4.01,Business,2023-05-02,18.95,Active
8101,Alpha Mart,Ahmedabad,4.84,Business,2022-06-08,12.87,Active
8102,Beta World,Jaipur,2.93,Brand,2022-09-07,7.96,Active
8103,Galaxy Hub,Gurugram,4.44,Individual,2024-01-05,7.35,Inactive
8104,Sky Outlet,Visakhapatnam,4.87,Individual,2022-09-07,20.88,Active
8105,Super Bazaar,Chennai,3.42,Business,2020-09-03,12.7,Active
8106,Quick Commerce,Chennai,4.77,Individual,2022-09-07,4.92,Active
8107,Peak Commerce,Visakhapatnam,4.47,Business,2022-09-07,5.25,Suspended
8108,Nova Electronics,Chennai,2.78,Business,2022-09-07,18.04,Active
8109,Bright Hub,Visakhapatnam,3.04,Business,2023-08-07,17.88,Active
8110,Flash Mart,Pune,4.97,Individual,2023-07-07,18.64,Active
8111,Quick Bazaar,Hyderabad,3.3,Individual,2022-09-07,9.21,Inactive
8112,Star Outlet,Gurugram,3.52,Business,2021-09-05,7.04,Active
8113,Alpha Bazaar,Pune,4.44,Individual,2022-09-07,10.75,Inactive
8114,Best Shoppe,Thiruvananthapuram,4.87,Business,2022-09-07,13.38,Suspended
8115,Sun Gallery,Bangalore,3.72,Business,2022-09-07,14.21,Inactive
8116,Sun Depot,Thiruvananthapuram,4.77,Business,2022-09-07,8.03,Active
8117,Sun Bazaar,Noida,4.73,Brand,2022-09-07,15.41,Active
8118,Smart Emporium,Delhi,4.31,Individual,2023-09-05,18.44,Active
8119,Bright Commerce,Visakhapatnam,4.83,Business,2021-05-06,6.3,Inactive
8120,Nova Electronics,Gurugram,4.82,Brand,2023-10-04,11.73,Active
8121,Apex Outlet,Visakhapatnam,3.28,Individual,2024-05-04,2.14,Active
8122,Peak Shoppe,Gurugram,4.36,Individual,2022-09-07,1.21,Active
8123,Quick Zone,Noida,4.01,Business,2022-09-07,4.19,Active
8124,Easy Store,Indore,3.85,Individual,2022-09-07,21.55,Active
8125,Prime Point,Noida,4.02,Individual,2022-09-07,6.01,Active
8126,Sun Deals,Noida,2.7,Business,2022-09-07,18.86,Active
8127,Quick Hub,Visakhapatnam,4.69,Individual,2022-05-11,18.6,Active
8128,Galaxy Plaza,Ahmedabad,4.47,Business,2022-09-04,16.01,Active
8129,Bright Electronics,Kolkata,4.24,Brand,2022-07-03,8.55,Active
8130,Zen Bazaar,Lucknow,3.17,Individual,2022-09-07,18.93,Active
8131,Smart Fashion,Bangalore,3.07,Individual,2022-09-07,2.05,Active
8132,Zen Mart,Indore,4.68,Business,2020-07-12,5.87,Active
8133,Royal Zone,Hyderabad,3.09,Individual,2022-09-07,17.23,Inactive
8134,Peak Enterprises,Chennai,4.31,Business,2022-09-07,7.84,Active
8135,Alpha Depot,Mumbai,2.92,Brand,2021-10-05,18.52,Active
8136,Easy Emporium,Pune,2.91,Individual,2022-11-02,7.03,Active
8137,Nova Shoppe,Hyderabad,3.67,Business,2022-09-07,16.09,Suspended
8138,Flash Bazaar,Indore,4.51,Business,2022-09-07,3.43,Active
8139,Best Commerce,Visakhapatnam,2.54,Business,2022-09-07,13.4,Active
8140,Best Deals,Mumbai,4.76,Business,2022-09-07,19.53,Active
8141,Beta Point,Thiruvananthapuram,2.75,Business,2025-05-02,14.72,Active
8142,Super Depot,Mumbai,4.67,Business,2022-09-07,11.64,Active
8143,Peak World,Chennai,3.8,Business,2022-09-07,8.29,Active
8144,Flash Gallery,Visakhapatnam,3.58,Brand,2022-09-07,12.89,Suspended
8145,Nova Retail,Visakhapatnam,4.09,Brand,2021-06-02,9.06,Active
8146,Best Electronics,Noida,2.98,Individual,2022-09-07,6.36,Active
8147,Galaxy Store,Lucknow,4.47,Individual,2020-05-12,11.36,Active
8148,Mega Plaza,Bangalore,4.89,Business,2022-09-07,16.58,Active
8149,Star Gallery,Lucknow,4.45,Brand,2022-07-06,7.89,Active
8150,Nova Fashion,Lucknow,3.14,Business,2022-09-07,19.5,Inactive
8151,Prime Shoppe,Hyderabad,3.55,Individual,2022-09-07,20.92,Suspended
8152,Beta Bazaar,Hyderabad,3.68,Business,2022-09-07,11.22,Inactive
8153,Nova Gallery,Hyderabad,3.22,Individual,2022-09-07,13.46,Active
8154,Galaxy Electronics,Hyderabad,2.73,Brand,2022-09-07,2.08,Active
8155,Best Commerce,Thiruvananthapuram,3.39,Individual,2025-02-01,3.1,Active
8156,Alpha Electronics,Gurugram,3.48,Individual,2022-09-07,18.57,Active
8157,Star Traders,Indore,4.11,Individual,2022-09-07,6.96,Active
8158,Royal Outlet,Bangalore,3.27,Brand,2022-06-05,5.94,Active
8159,Mega Hub,Delhi,2.59,Individual,2022-09-07,10.43,Active
8160,Mega Retail,Jaipur,3.52,Brand,2023-07-10,13.34,Active
8161,Bright Fashion,Hyderabad,2.67,Brand,2022-09-07,18.06,Suspended
8162,Mega Emporium,Bangalore,4.27,Business,2022-09-07,11.28,Active
8163,Apex Traders,Bangalore,4.71,Business,2022-09-07,16.14,Suspended
8164,Super Retail,Bangalore,2.76,Business,2022-09-07,7.98,Suspended
8165,Flash World,Thiruvananthapuram,3.98,Individual,2022-09-07,17.81,Suspended
8166,Peak Zone,Gurugram,3.21,Business,2024-09-06,18.42,Active
8167,Sun Gallery,Bangalore,3.06,Individual,2024-11-10,5.82,Active
8168,Quick Electronics,Mumbai,4.55,Individual,2020-07-04,17.85,Inactive
8169,Star Electronics,Gurugram,4.47,Brand,2022-09-07,5.48,Active
8170,Prime Point,Hyderabad,3.32,Individual,2023-04-11,7.9,Active
8171,Prime Mart,Jaipur,4.14,Business,2022-09-07,16.31,Suspended
8172,Best Zone,Jaipur,2.67,Individual,2022-09-07,21.03,Suspended
8173,Quick Store,Visakhapatnam,3.75,Business,2022-12-11,15.03,Active
8174,Galaxy Commerce,Gurugram,4.86,Individual,2022-09-07,17.66,Active
8175,Star Retail,Indore,2.99,Brand,2022-09-07,18.92,Active
8176,Flash Deals,Noida,3.71,Brand,2024-05-03,14.8,Active
8177,Zen Deals,Bangalore,2.6,Individual,2022-09-07,14.96,Active
8178,Alpha Retail,Pune,2.74,Brand,2022-09-07,11.38,Suspended
8179,Mega Enterprises,Mumbai,4.1,Business,2022-09-07,19.03,Active
8180,Star World,Delhi,4.62,Brand,2022-09-07,7.48,Active
8181,Best Retail,Pune,4.83,Brand,2022-12-01,21.47,Active
8182,Prime Store,Kolkata,3.08,Brand,2022-09-07,20.17,Suspended
8183,Sky Shoppe,Chennai,2.75,Business,2022-09-07,9.82,Active
8184,Beta Mart,Gurugram,4.73,Brand,2022-11-04,6.55,Active
8185,Easy Traders,Delhi,3.92,Business,2020-04-02,16.3,Suspended
8186,Flash Point,Mumbai,4.69,Brand,2022-09-07,12.5,Active
8187,Nova Hub,Lucknow,3.51,Individual,2021-12-08,13.94,Suspended
8188,Quick Plaza,Pune,2.98,Individual,2021-12-01,13.18,Active
8189,Beta Point,Jaipur,2.68,Business,2022-09-07,13.07,Suspended
8190,Alpha Bazaar,Noida,2.87,Individual,2022-09-07,9.63,Suspended
8191,Zen Hub,Delhi,3.38,Brand,2022-09-07,11.27,Active
8192,Alpha Bazaar,Mumbai,4.58,Business,2022-09-07,19.51,Active
8193,Apex Electronics,Gurugram,3.97,Business,2022-09-07,19.14,Suspended
8194,Quick Store,Visakhapatnam,2.54,Business,2022-09-07,12.59,Active
8195,Quick Commerce,Jaipur,4.66,Business,2022-06-04,12.91,Active
8196,Best World,Gurugram,4.83,Business,2025-08-03,4.84,Active
8197,Star Electronics,Jaipur,3.55,Business,2022-09-07,7.43,Active
8198,Quick Gallery,Hyderabad,4.9,Business,2022-09-07,5.12,Active
8199,Mega Commerce,Noida,3.73,Business,2022-09-07,12.87,Active
8200,Beta Hub,Chennai,2.68,Brand,2022-09-07,5.64,Active
8201,Star Electronics,Hyderabad,3.2,Business,2021-04-03,20.39,Active
8202,Quick Plaza,Ahmedabad,3.1,Individual,2020-08-12,11.28,Inactive
8203,Smart Bazaar,Pune,3.96,Individual,2022-09-07,20.63,Active
8204,Royal Electronics,Ahmedabad,4.17,Brand,2022-09-07,16.38,Active
8205,Star Zone,Ahmedabad,4.05,Brand,2022-09-07,14.17,Active
8206,Apex Mart,Indore,3.76,Business,2023-02-11,9.83,Active
8207,Galaxy Mart,Hyderabad,4.53,Business,2023-10-02,12.15,Active
8208,Sky Retail,Delhi,3.99,Individual,2022-08-07,13.83,Active
8209,Quick Plaza,Jaipur,4.59,Business,2024-01-05,20.47,Active
8210,Star Fashion,Jaipur,4.64,Business,2022-09-07,16.49,Active
8211,Peak Point,Noida,3.77,Individual,2021-09-05,2.75,Active
8212,Quick Retail,Indore,3.57,Individual,2024-02-07,15.67,Active
8213,Zen Traders,Ahmedabad,4.34,Individual,2022-09-07,8.09,Active
8214,Alpha Electronics,Jaipur,3.31,Brand,2022-09-07,15.45,Inactive
8215,Zen Shoppe,Mumbai,4.37,Brand,2022-09-07,15.12,Active
8216,Best Zone,Pune,2.87,Business,2021-11-08,20.12,Active
8217,Best Depot,Mumbai,3.67,Business,2022-09-07,1.06,Active
8218,Super Retail,Jaipur,3.83,Business,2022-09-07,17.75,Active
8219,Super Fashion,Indore,3.94,Business,2022-09-07,2.11,Active
8220,Sun Shoppe,Bangalore,2.54,Business,2022-09-07,4.88,Active
8221,Beta Enterprises,Lucknow,2.81,Business,2020-11-01,16.4,Active
8222,Peak Outlet,Thiruvananthapuram,2.98,Individual,2022-09-07,6.62,Active
8223,Nova Plaza,Jaipur,3.93,Brand,2022-09-07,1.43,Suspended
8224,Star Commerce,Indore,3.03,Brand,2022-09-07,1.86,Active
8225,Nova Store,Gurugram,3.23,Individual,2024-03-06,15.19,Suspended
8226,Best Hub,Thiruvananthapuram,4.17,Business,2024-10-06,7.1,Inactive
8227,Flash Electronics,Jaipur,3.1,Business,2022-09-07,7.96,Active
8228,Beta Retail,Ahmedabad,4.98,Individual,2022-09-07,17.07,Inactive
8229,Quick Gallery,Jaipur,4.32,Brand,2020-03-07,13.6,Suspended
8230,Prime Shoppe,Noida,2.73,Business,2020-02-10,7.78,Inactive
8231,Beta Traders,Thiruvananthapuram,4.4,Business,2022-08-03,21.18,Suspended
8232,Alpha Electronics,Noida,4.99,Individual,2022-09-07,12.54,Active
8233,Alpha Point,Bangalore,4.26,Business,2023-05-05,16.22,Active
8234,Sun Hub,Kolkata,2.83,Business,2022-09-07,19.29,Active
8235,Prime Shoppe,Noida,3.69,Business,2022-09-07,5.09,Active
8236,Smart Plaza,Delhi,3.63,Business,2020-07-07,1.77,Suspended
8237,Star Depot,Jaipur,3.42,Brand,2021-01-05,9.31,Inactive
8238,Beta Depot,Pune,3.57,Business,2022-09-07,2.16,Active
8239,Nova Plaza,Indore,3.47,Individual,2024-06-03,21.01,Active
8240,Mega Commerce,Hyderabad,2.96,Business,2024-01-10,17.02,Active
8241,Smart Depot,Lucknow,2.6,Individual,2020-11-01,21.69,Active
8242,Easy Outlet,Thiruvananthapuram,4.73,Individual,2022-09-07,13.9,Active
8243,Super Emporium,Mumbai,2.62,Business,2022-09-07,7.08,Active
8244,Zen World,Delhi,3.99,Business,2022-11-05,13.03,Inactive
8245,Best Shoppe,Gurugram,4.32,Brand,2022-09-07,11.97,Inactive
8246,Sky Deals,Kolkata,3.33,Individual,2022-09-07,12.96,Inactive
8247,Royal Hub,Indore,4.55,Individual,2022-09-07,12.76,Active
8248,Alpha Shoppe,Hyderabad,3.64,Individual,2023-07-08,16.73,Active
8249,Easy Depot,Bangalore,4.01,Individual,2022-01-12,19.84,Inactive
8250,Best Electronics,Hyderabad,2.79,Brand,2023-03-06,1.63,Inactive
8251,Nova Gallery,Chennai,3.59,Brand,2022-09-07,8.24,Inactive
8252,Smart Electronics,Gurugram,4.18,Individual,2022-09-07,7.59,Inactive
8253,Prime World,Gurugram,3.85,Brand,2022-09-07,6.71,Inactive
8254,Royal Outlet,Gurugram,4.63,Business,2022-09-07,21.97,Active
8255,Nova Depot,Pune,4.54,Business,2022-09-07,20.85,Active
8256,Quick Traders,Kolkata,4.34,Business,2022-09-07,11.96,Active
8257,Apex Mart,Bangalore,3.2,Business,2022-09-07,9.21,Active
8258,Star Deals,Hyderabad,3.99,Business,2020-07-07,11.33,Active
8259,Nova Fashion,Kolkata,4.0,Individual,2022-09-07,15.17,Active
8260,Smart Hub,Pune,4.89,Brand,2022-09-07,20.23,Active
8261,Alpha Electronics,Ahmedabad,3.76,Brand,2021-02-05,21.57,Active
8262,Peak Gallery,Hyderabad,3.05,Brand,2022-09-07,13.44,Active
8263,Sky Retail,Indore,3.78,Individual,2022-09-07,2.11,Suspended
8264,Prime Deals,Pune,4.76,Business,2022-09-07,4.92,Active
8265,Galaxy Outlet,Kolkata,2.96,Individual,2022-09-07,4.6,Suspended
8266,Bright Plaza,Gurugram,4.57,Business,2022-09-07,11.82,Active
8267,Apex Electronics,Kolkata,4.9,Brand,2022-09-07,14.37,Inactive
8268,Prime Emporium,Mumbai,4.85,Business,2022-09-07,19.06,Suspended
8269,Nova Shoppe,Ahmedabad,2.95,Business,2022-09-07,9.26,Active
8270,Mega Shoppe,Thiruvananthapuram,3.16,Brand,2022-06-12,20.68,Active
8271,Mega Gallery,Visakhapatnam,4.89,Business,2022-09-07,10.03,Active
8272,Peak Electronics,Delhi,2.59,Individual,2022-09-07,5.83,Active
8273,Sun World,Lucknow,3.25,Brand,2023-02-06,14.22,Active
8274,Zen Shoppe,Gurugram,2.59,Individual,2025-06-03,19.8,Active
8275,Smart Shoppe,Ahmedabad,4.83,Business,2020-08-06,2.33,Active
8276,Bright Plaza,Hyderabad,4.64,Business,2022-09-07,4.23,Active
8277,Sky Hub,Jaipur,4.11,Business,2022-09-07,15.33,Active
8278,Quick Electronics,Indore,4.99,Business,2023-05-11,1.8,Active
8279,Peak Store,Bangalore,3.17,Business,2022-01-08,5.12,Inactive
8280,Best Store,Ahmedabad,4.21,Brand,2024-04-06,19.19,Active
8281,Sky Enterprises,Delhi,4.21,Individual,2024-08-04,21.78,Inactive
8282,Mega Deals,Kolkata,4.87,Brand,2021-04-12,17.42,Active
8283,Flash Enterprises,Hyderabad,2.56,Business,2022-02-03,12.73,Active
8284,Bright Zone,Gurugram,3.27,Individual,2025-04-01,13.12,Active
8285,Bright Plaza,Mumbai,4.58,Individual,2024-12-06,18.61,Active
8286,Mega Zone,Bangalore,3.01,Individual,2022-09-07,18.17,Inactive
8287,Flash Enterprises,Hyderabad,3.29,Business,2022-09-07,19.15,Active
8288,Galaxy Fashion,Delhi,4.04,Individual,2022-09-07,12.79,Inactive
8289,Bright Electronics,Delhi,3.79,Brand,2022-03-04,3.87,Inactive
8290,Apex Bazaar,Bangalore,3.96,Brand,2023-08-01,7.27,Active
8291,Mega Depot,Jaipur,3.2,Brand,2022-09-07,17.73,Suspended
8292,Sun Zone,Delhi,4.04,Individual,2022-09-07,7.98,Inactive
8293,Beta Fashion,Lucknow,3.07,Individual,2022-09-07,19.42,Inactive
8294,Mega Retail,Mumbai,3.7,Business,2022-09-07,4.83,Active
8295,Flash Depot,Hyderabad,4.99,Business,2024-07-10,20.67,Inactive
8296,Zen Zone,Delhi,2.82,Brand,2023-12-12,8.75,Active
8297,Flash Hub,Delhi,4.52,Individual,2024-08-09,5.2,Inactive
8298,Alpha Zone,Mumbai,2.52,Individual,2022-09-07,5.28,Active
8299,Peak Store,Hyderabad,2.72,Brand,2022-09-07,10.75,Active
8300,Peak World,Hyderabad,3.93,Individual,2020-03-07,17.29,Active
8301,Peak Point,Hyderabad,4.67,Business,2022-09-07,2.33,Active
8302,Smart Gallery,Delhi,4.82,Individual,2022-09-07,20.1,Active
8303,Royal Enterprises,Gurugram,4.63,Business,2023-06-02,5.97,Active
8304,Easy Gallery,Chennai,3.89,Business,2022-09-07,10.72,Active
8305,Royal Deals,Mumbai,3.15,Brand,2024-06-05,16.03,Inactive
8306,Sun Gallery,Delhi,3.6,Business,2022-09-07,10.84,Active
8307,Prime Hub,Thiruvananthapuram,2.85,Business,2022-09-07,4.13,Suspended
8308,Prime Mart,Hyderabad,4.32,Individual,2022-09-07,6.57,Active
8309,Zen Depot,Indore,3.37,Brand,2022-09-07,15.01,Active
8310,Peak Deals,Gurugram,4.38,Brand,2022-09-07,21.54,Active
8311,Galaxy Gallery,Kolkata,3.65,Individual,2021-06-03,12.98,Active
8312,Star Gallery,Thiruvananthapuram,3.97,Individual,2021-12-09,6.82,Active
8313,Beta Plaza,Gurugram,3.54,Individual,2022-09-07,13.78,Active
8314,Star Mart,Delhi,4.22,Business,2022-09-07,3.93,Suspended
8315,Galaxy Enterprises,Hyderabad,4.78,Business,2020-06-03,16.18,Inactive
8316,Zen Point,Kolkata,3.04,Individual,2022-09-07,12.26,Active
8317,Best Depot,Gurugram,2.94,Individual,2022-09-07,14.13,Active
8318,Alpha Gallery,Delhi,3.22,Brand,2022-09-07,18.78,Active
8319,Nova Traders,Jaipur,4.51,Brand,2023-06-05,17.36,Inactive
8320,Prime Point,Pune,2.98,Business,2023-10-01,7.45,Active
8321,Alpha World,Thiruvananthapuram,2.89,Business,2022-09-07,8.6,Active
8322,Bright World,Kolkata,3.61,Individual,2022-09-07,1.47,Active
8323,Best Depot,Thiruvananthapuram,3.3,Individual,2024-04-12,14.48,Suspended
8324,Best Fashion,Gurugram,3.41,Business,2023-01-03,14.44,Inactive
8325,Best Plaza,Visakhapatnam,4.45,Business,2022-09-07,6.17,Active
8326,Quick Emporium,Pune,2.65,Brand,2020-08-09,1.56,Inactive
8327,Peak Point,Hyderabad,4.86,Business,2022-09-07,11.85,Active
8328,Zen Enterprises,Mumbai,2.77,Individual,2022-09-07,1.89,Active
8329,Zen Point,Mumbai,3.22,Business,2022-04-10,17.82,Suspended
8330,Alpha Electronics,Delhi,4.65,Business,2023-11-12,6.33,Active
8331,Alpha Retail,Ahmedabad,4.44,Individual,2022-09-07,10.23,Active
8332,Nova Bazaar,Pune,2.66,Individual,2022-09-07,1.67,Active
8333,Apex Enterprises,Bangalore,2.56,Individual,2022-04-07,15.0,Active
8334,Alpha World,Chennai,3.88,Business,2023-04-12,14.25,Active
8335,Easy Traders,Delhi,4.03,Brand,2021-01-09,13.56,Inactive
8336,Sun Depot,Ahmedabad,2.66,Business,2020-03-09,9.03,Active
8337,Apex Deals,Delhi,3.22,Business,2022-09-07,18.45,Active
8338,Smart Depot,Kolkata,3.92,Business,2024-10-07,15.94,Active
8339,Apex Mart,Visakhapatnam,3.65,Brand,2020-04-08,2.15,Active
8340,Alpha World,Thiruvananthapuram,3.86,Individual,2022-09-07,16.77,Active
8341,Sky Emporium,Thiruvananthapuram,4.94,Brand,2023-05-01,13.34,Active
8342,Alpha Traders,Thiruvananthapuram,3.15,Individual,2020-03-09,19.48,Active
8343,Easy Gallery,Chennai,4.83,Individual,2022-09-07,1.98,Active
8344,Galaxy Store,Hyderabad,3.25,Brand,2022-09-07,4.31,Active
8345,Sky World,Kolkata,3.9,Business,2022-09-07,20.81,Inactive
8346,Beta World,Bangalore,2.79,Individual,2023-04-04,8.45,Inactive
8347,Easy Store,Ahmedabad,4.23,Business,2022-11-02,17.36,Inactive
8348,Nova Store,Mumbai,4.82,Business,2023-02-06,12.48,Active
8349,Apex Electronics,Chennai,2.66,Business,2022-09-07,4.36,Active
8350,Easy Bazaar,Chennai,3.76,Brand,2022-09-07,9.4,Active
8351,Beta Bazaar,Lucknow,2.88,Business,2022-09-07,9.92,Active
8352,Best Traders,Indore,4.74,Individual,2022-09-07,13.59,Active
8353,Smart Bazaar,Noida,3.76,Individual,2022-09-07,12.68,Active
8354,Alpha Store,Lucknow,3.74,Business,2022-09-07,1.66,Active
8355,Alpha Gallery,Indore,4.39,Individual,2024-10-03,11.83,Active
8356,Sky Shoppe,Chennai,3.76,Brand,2022-09-07,2.67,Active
8357,Prime Point,Kolkata,3.49,Individual,2022-09-07,12.31,Active
8358,Sky Deals,Chennai,4.83,Business,2025-01-01,7.87,Active
8359,Beta Enterprises,Delhi,4.2,Brand,2022-05-09,6.17,Inactive
8360,Beta Commerce,Visakhapatnam,4.21,Brand,2023-06-01,12.66,Active
8361,Easy Bazaar,Ahmedabad,3.79,Business,2022-09-07,1.16,Active
8362,Sky Zone,Lucknow,3.95,Business,2022-09-02,15.33,Inactive
8363,Peak Plaza,Visakhapatnam,3.32,Individual,2024-06-08,7.53,Active
8364,Zen Retail,Mumbai,4.46,Business,2022-09-07,11.63,Active
8365,Easy Commerce,Hyderabad,4.46,Individual,2022-07-05,7.07,Active
8366,Sun Plaza,Thiruvananthapuram,4.24,Individual,2022-09-07,4.2,Suspended
8367,Zen Bazaar,Visakhapatnam,3.68,Brand,2023-09-06,1.58,Active
8368,Prime Traders,Indore,4.89,Business,2022-06-03,1.13,Active
8369,Prime Outlet,Hyderabad,3.74,Individual,2020-11-06,13.51,Active
8370,Alpha World,Jaipur,3.16,Brand,2020-04-06,3.33,Active
8371,Quick Point,Thiruvananthapuram,3.07,Business,2022-01-03,12.18,Active
8372,Royal Commerce,Chennai,2.82,Brand,2022-09-07,19.45,Suspended
8373,Quick Fashion,Hyderabad,4.13,Business,2022-09-07,5.13,Active
8374,Smart Mart,Visakhapatnam,3.84,Brand,2022-03-10,14.04,Active
8375,Zen Deals,Noida,4.11,Individual,2022-09-07,19.22,Active
8376,Royal Traders,Bangalore,4.14,Brand,2022-09-07,21.21,Active
8377,Smart Fashion,Gurugram,3.31,Brand,2022-09-07,5.82,Inactive
8378,Alpha Fashion,Indore,4.09,Individual,2022-09-07,10.96,Inactive
8379,Apex Commerce,Lucknow,4.79,Individual,2022-09-07,12.17,Inactive
8380,Galaxy Outlet,Noida,4.46,Business,2022-09-07,17.81,Active
8381,Sun Enterprises,Visakhapatnam,3.78,Business,2022-01-03,12.93,Active
8382,Flash Mart,Gurugram,2.65,Business,2022-09-07,18.59,Inactive
8383,Star World,Mumbai,4.65,Business,2022-09-07,4.68,Active
8384,Peak Point,Delhi,3.1,Individual,2022-09-07,14.85,Active
8385,Royal Gallery,Delhi,3.79,Business,2025-07-03,4.06,Active
8386,Royal Point,Gurugram,4.23,Business,2022-09-07,1.63,Active
8387,Peak Outlet,Gurugram,2.71,Business,2022-09-07,2.3,Inactive
8388,Best Retail,Ahmedabad,3.97,Brand,2022-09-07,16.77,Active
8389,Smart Retail,Indore,3.29,Individual,2020-08-01,17.23,Inactive
8390,Prime Traders,Bangalore,3.97,Individual,2020-10-02,1.97,Inactive
8391,Nova Bazaar,Gurugram,4.12,Business,2022-09-07,15.79,Active
8392,Best Electronics,Chennai,3.5,Individual,2021-04-07,10.86,Active
8393,Peak Hub,Chennai,3.88,Brand,2023-02-03,4.35,Inactive
8394,Flash Point,Chennai,4.74,Business,2022-09-07,11.19,Active
8395,Super Gallery,Bangalore,2.69,Business,2022-09-07,3.66,Active
8396,Super Emporium,Ahmedabad,3.9,Business,2021-11-09,11.28,Inactive
8397,Super Mart,Gurugram,3.34,Business,2022-01-08,7.11,Suspended
8398,Bright Zone,Delhi,2.74,Brand,2023-03-02,2.93,Active
8399,Star Bazaar,Delhi,4.86,Business,2022-09-07,15.85,Inactive
8400,Super World,Pune,3.37,Business,2024-06-09,10.14,Active
8401,Sky Mart,Indore,4.58,Individual,2024-12-02,14.27,Suspended
8402,Mega Bazaar,Mumbai,3.03,Brand,2022-09-07,11.57,Active
8403,Quick Electronics,Visakhapatnam,4.86,Individual,2023-11-11,10.51,Active
8404,Galaxy Deals,Chennai,4.49,Business,2022-09-07,20.8,Suspended
8405,Beta Traders,Bangalore,4.03,Individual,2020-11-08,14.8,Active
8406,Beta Commerce,Indore,3.6,Individual,2022-09-07,2.49,Active
8407,Alpha Electronics,Lucknow,4.57,Individual,2022-09-07,12.8,Active
8408,Star Gallery,Hyderabad,3.93,Business,2022-09-07,6.86,Active
8409,Galaxy Plaza,Chennai,4.94,Business,2023-07-01,19.94,Active
8410,Quick Retail,Bangalore,4.16,Brand,2022-09-07,7.23,Inactive
8411,Super Emporium,Gurugram,3.1,Individual,2022-09-07,19.1,Active
8412,Apex Emporium,Chennai,4.29,Business,2022-09-07,12.49,Active
8413,Easy Deals,Gurugram,4.92,Individual,2023-11-01,8.01,Active
8414,Quick Fashion,Visakhapatnam,3.38,Business,2022-09-07,11.28,Active
8415,Mega Enterprises,Ahmedabad,4.33,Business,2022-09-07,20.97,Active
8416,Flash Deals,Gurugram,3.32,Business,2022-09-07,15.42,Active
8417,Nova Plaza,Noida,4.8,Business,2022-09-07,1.01,Active
8418,Zen Retail,Thiruvananthapuram,4.68,Individual,2022-05-05,15.69,Active
8419,Mega Hub,Thiruvananthapuram,4.7,Business,2023-06-11,10.24,Active
8420,Zen Zone,Indore,4.41,Brand,2022-07-08,2.04,Suspended
8421,Super Electronics,Ahmedabad,3.76,Business,2022-09-07,7.39,Active
8422,Prime Traders,Delhi,4.7,Business,2023-01-12,6.97,Active
8423,Sun Enterprises,Ahmedabad,4.04,Business,2022-05-01,16.75,Suspended
8424,Mega Mart,Hyderabad,2.65,Business,2022-09-07,1.4,Active
8425,Peak Fashion,Hyderabad,3.69,Brand,2021-09-05,11.52,Active
8426,Smart Hub,Lucknow,4.25,Individual,2022-09-07,10.63,Inactive
8427,Alpha Electronics,Ahmedabad,2.53,Brand,2021-03-10,19.88,Active
8428,Peak World,Mumbai,4.15,Brand,2022-09-07,7.46,Active
8429,Beta Gallery,Thiruvananthapuram,4.6,Individual,2022-09-07,12.36,Active
8430,Easy Electronics,Thiruvananthapuram,3.46,Brand,2022-09-07,6.91,Active
8431,Zen Retail,Kolkata,4.96,Brand,2022-09-07,4.59,Suspended
8432,Best Store,Noida,3.1,Individual,2022-09-07,10.61,Active
8433,Quick Emporium,Gurugram,3.76,Individual,2021-06-12,5.74,Active
8434,Smart Bazaar,Delhi,4.49,Individual,2022-09-07,12.01,Active
8435,Bright Electronics,Kolkata,2.77,Business,2023-01-01,12.55,Active
8436,Mega Gallery,Jaipur,2.92,Business,2022-09-07,2.06,Active
8437,Easy Outlet,Gurugram,4.65,Brand,2022-09-07,11.68,Inactive
8438,Flash World,Thiruvananthapuram,2.63,Business,2020-10-12,11.28,Active
8439,Best Shoppe,Thiruvananthapuram,3.07,Individual,2022-09-07,6.85,Active
8440,Star Depot,Pune,4.88,Business,2021-05-02,15.14,Suspended
8441,Star Fashion,Mumbai,4.29,Brand,2022-09-07,11.46,Active
8442,Prime Point,Noida,4.44,Individual,2022-09-07,9.55,Active
8443,Beta Commerce,Kolkata,4.57,Business,2022-09-07,13.83,Suspended
8444,Alpha Store,Pune,4.71,Brand,2022-09-07,19.17,Active
8445,Sky Depot,Gurugram,3.12,Business,2022-09-07,9.13,Active
8446,Smart Enterprises,Mumbai,3.42,Business,2022-09-07,21.36,Active
8447,Beta Deals,Hyderabad,2.71,Business,2022-10-01,13.21,Inactive
8448,Best Fashion,Hyderabad,2.99,Brand,2024-08-01,11.28,Active
8449,Zen Hub,Delhi,3.58,Individual,2022-09-07,17.5,Inactive
8450,Mega Shoppe,Lucknow,2.75,Business,2022-09-07,12.21,Active
8451,Sun Enterprises,Thiruvananthapuram,4.1,Individual,2022-09-07,13.62,Active
8452,Smart Shoppe,Noida,4.3,Business,2022-01-08,4.92,Active
8453,Peak Point,Lucknow,4.87,Brand,2020-07-06,18.52,Active
8454,Nova Electronics,Jaipur,4.66,Business,2022-09-07,6.64,Active
8455,Sky World,Thiruvananthapuram,3.34,Business,2022-09-07,10.92,Active
8456,Sun Depot,Gurugram,3.02,Individual,2021-03-12,1.46,Active
8457,Mega Plaza,Lucknow,4.54,Business,2022-09-07,20.74,Active
8458,Zen Store,Thiruvananthapuram,3.63,Individual,2022-09-07,13.36,Active
8459,Prime Zone,Ahmedabad,4.13,Individual,2025-11-01,9.72,Suspended
8460,Best Hub,Mumbai,3.53,Business,2020-01-08,15.29,Active
8461,Prime Outlet,Indore,2.92,Individual,2024-03-02,2.94,Active
8462,Royal Hub,Ahmedabad,4.74,Individual,2022-09-07,6.61,Inactive
8463,Bright Fashion,Noida,2.91,Brand,2022-09-07,9.63,Suspended
8464,Star Point,Visakhapatnam,3.94,Business,2022-09-07,1.07,Active
8465,Beta Commerce,Indore,3.84,Business,2022-09-07,14.82,Active
8466,Star Outlet,Delhi,2.66,Business,2022-09-07,3.52,Active
8467,Sky Enterprises,Noida,3.82,Individual,2020-02-12,5.17,Active
8468,Super Mart,Hyderabad,4.3,Individual,2022-09-07,11.18,Active
8469,Super Plaza,Thiruvananthapuram,4.21,Individual,2020-04-11,17.19,Suspended
8470,Smart Depot,Gurugram,3.41,Brand,2025-05-01,5.66,Active
8471,Apex Bazaar,Bangalore,3.67,Individual,2022-09-07,4.94,Inactive
8472,Prime Depot,Indore,3.45,Business,2022-09-07,8.44,Inactive
8473,Peak Point,Chennai,4.08,Individual,2022-09-07,17.67,Inactive
8474,Quick Shoppe,Gurugram,3.0,Individual,2022-09-07,21.37,Suspended
8475,Star Mart,Thiruvananthapuram,2.54,Business,2021-03-06,8.27,Inactive
8476,Sky Mart,Ahmedabad,4.08,Brand,2022-09-07,8.92,Active
8477,Mega Hub,Mumbai,3.11,Brand,2022-07-09,6.14,Active
8478,Beta World,Gurugram,2.76,Business,2021-07-10,12.74,Active
8479,Peak Retail,Thiruvananthapuram,3.05,Business,2022-09-07,7.02,Active
8480,Bright Commerce,Bangalore,4.48,Business,2023-10-03,4.66,Active
8481,Galaxy Bazaar,Lucknow,3.92,Business,2022-09-07,12.96,Active
8482,Nova Gallery,Kolkata,3.87,Individual,2022-04-09,18.04,Active
8483,Royal Electronics,Indore,2.74,Individual,2022-09-07,5.24,Suspended
8484,Sun Deals,Kolkata,3.51,Business,2022-09-07,9.95,Active
8485,Sun Store,Ahmedabad,4.41,Business,2022-09-07,12.23,Active
8486,Super Point,Thiruvananthapuram,4.08,Individual,2022-09-07,3.42,Suspended
8487,Mega Zone,Chennai,4.46,Individual,2020-12-09,4.33,Active
8488,Alpha Commerce,Hyderabad,3.21,Brand,2021-04-08,11.28,Active
8489,Nova Zone,Ahmedabad,3.74,Business,2022-10-07,19.58,Inactive
8490,Nova Commerce,Mumbai,3.33,Individual,2021-06-10,10.88,Suspended
8491,Quick Gallery,Delhi,3.6,Business,2022-09-07,12.96,Active
8492,Beta Commerce,Gurugram,3.42,Business,2022-05-08,5.33,Active
8493,Mega Plaza,Chennai,3.9,Business,2022-09-07,6.92,Active
8494,Mega World,Thiruvananthapuram,3.05,Brand,2024-09-06,13.85,Inactive
8495,Sky Point,Noida,4.86,Business,2021-06-08,19.5,Active
8496,Flash Shoppe,Noida,3.32,Business,2022-03-09,5.59,Inactive
8497,Flash Gallery,Lucknow,2.89,Brand,2024-05-04,3.71,Active
8498,Bright Fashion,Lucknow,3.8,Business,2022-09-07,8.07,Active
8499,Star Fashion,Mumbai,3.92,Business,2020-11-05,13.83,Inactive
8500,Star Commerce,Gurugram,4.33,Brand,2024-05-11,15.85,Active
8501,Mega Outlet,Chennai,4.93,Business,2022-09-07,6.48,Active
8502,Quick Retail,Noida,3.06,Business,2022-09-07,19.7,Active
8503,Star Fashion,Noida,3.23,Individual,2020-08-08,5.87,Active
8504,Flash Deals,Chennai,2.58,Brand,2022-09-07,15.86,Inactive
8505,Nova Gallery,Delhi,4.13,Brand,2022-09-07,2.35,Active
8506,Best Hub,Mumbai,3.84,Business,2020-06-04,18.12,Active
8507,Nova Retail,Gurugram,4.68,Individual,2022-09-07,21.87,Active
8508,Star Electronics,Hyderabad,2.77,Individual,2022-09-07,6.33,Active
8509,Prime Bazaar,Bangalore,2.53,Individual,2022-06-09,8.29,Active
8510,Beta Store,Bangalore,2.7,Individual,2022-09-07,17.16,Active
8511,Alpha Hub,Thiruvananthapuram,2.83,Business,2022-09-07,17.79,Inactive
8512,Alpha Traders,Delhi,4.15,Individual,2022-03-02,18.1,Inactive
8513,Quick Shoppe,Gurugram,4.58,Business,2022-11-10,6.47,Inactive
8514,Sun Store,Mumbai,4.1,Individual,2022-09-07,15.23,Active
8515,Galaxy Store,Kolkata,4.89,Business,2022-09-07,6.92,Active
8516,Star Point,Ahmedabad,3.93,Brand,2022-09-07,2.81,Active
8517,Flash Fashion,Bangalore,3.88,Brand,2020-12-04,19.71,Active
8518,Beta Outlet,Mumbai,4.83,Business,2022-09-07,13.96,Active
8519,Mega Enterprises,Delhi,4.76,Brand,2022-09-07,10.54,Active
8520,Best Mart,Hyderabad,4.2,Individual,2024-05-12,18.85,Active
8521,Alpha Shoppe,Noida,3.24,Individual,2020-07-02,18.65,Active
8522,Mega Electronics,Mumbai,2.53,Brand,2022-09-07,8.34,Inactive
8523,Smart Emporium,Kolkata,2.95,Business,2022-09-07,13.55,Active
8524,Royal Emporium,Visakhapatnam,2.93,Business,2020-05-02,19.6,Active
8525,Sun Mart,Bangalore,4.82,Business,2022-09-07,19.16,Active
8526,Beta Mart,Bangalore,4.25,Business,2022-06-08,18.06,Active
8527,Sun Zone,Delhi,3.44,Individual,2022-09-07,15.05,Active
8528,Prime Point,Gurugram,2.61,Brand,2021-04-04,4.3,Active
8529,Star Enterprises,Delhi,3.43,Brand,2022-09-07,8.82,Active
8530,Apex Shoppe,Hyderabad,2.52,Individual,2022-09-07,12.28,Active
8531,Star Electronics,Hyderabad,4.82,Business,2022-09-07,6.14,Active
8532,Nova Deals,Indore,3.28,Business,2022-09-07,7.22,Active
8533,Apex Mart,Noida,3.26,Business,2023-06-06,5.56,Active
8534,Bright Depot,Kolkata,4.25,Business,2022-09-07,18.33,Active
8535,Sun World,Chennai,2.9,Individual,2022-09-07,5.61,Active
8536,Royal Electronics,Bangalore,4.37,Individual,2022-09-07,3.02,Active
8537,Royal World,Chennai,3.76,Brand,2025-09-03,18.02,Suspended
8538,Sun Fashion,Hyderabad,3.58,Brand,2022-09-07,5.77,Active
8539,Smart Depot,Hyderabad,4.71,Brand,2022-09-07,2.75,Active
8540,Peak Deals,Visakhapatnam,3.59,Brand,2020-02-01,4.99,Inactive
8541,Smart Point,Delhi,3.85,Brand,2022-09-07,10.68,Inactive
8542,Flash Outlet,Gurugram,4.25,Individual,2022-06-10,14.66,Active
8543,Super Gallery,Ahmedabad,3.85,Business,2022-09-07,2.58,Active
8544,Apex Enterprises,Chennai,3.38,Business,2022-09-07,12.36,Active
8545,Royal Electronics,Indore,4.25,Brand,2024-10-08,9.07,Inactive
8546,Sky Enterprises,Visakhapatnam,4.04,Individual,2022-09-07,5.69,Active
8547,Alpha Emporium,Thiruvananthapuram,4.65,Individual,2022-09-07,13.96,Active
8548,Best Traders,Kolkata,3.71,Business,2023-04-05,15.41,Active
8549,Sun Gallery,Lucknow,3.77,Brand,2022-09-07,9.63,Inactive
8550,Flash Retail,Jaipur,4.52,Business,2024-09-05,1.59,Active
8551,Sun Store,Chennai,4.69,Individual,2024-07-09,1.66,Suspended
8552,Beta Deals,Chennai,2.65,Individual,2022-09-07,8.53,Active
8553,Peak Shoppe,Noida,4.51,Business,2022-09-07,5.98,Active
8554,Prime Shoppe,Indore,2.87,Brand,2022-09-07,1.01,Active
8555,Nova Deals,Thiruvananthapuram,3.99,Individual,2022-02-01,3.04,Active
8556,Zen Shoppe,Thiruvananthapuram,3.58,Business,2022-09-09,20.16,Active
8557,Royal Bazaar,Gurugram,2.78,Business,2022-09-07,2.0,Active
8558,Quick Mart,Mumbai,3.19,Business,2022-09-07,18.19,Active
8559,Beta Deals,Gurugram,3.31,Business,2022-09-07,7.62,Active
8560,Royal Enterprises,Bangalore,4.83,Business,2024-12-06,11.48,Active
8561,Peak Zone,Bangalore,3.06,Individual,2024-02-10,5.87,Active
8562,Galaxy Mart,Jaipur,2.75,Individual,2023-05-05,16.56,Active
8563,Galaxy Traders,Gurugram,4.81,Business,2022-06-08,9.94,Active
8564,Easy Plaza,Bangalore,3.3,Individual,2023-01-10,15.31,Suspended
8565,Mega Enterprises,Chennai,3.42,Individual,2022-09-07,12.11,Active
8566,Sun Traders,Visakhapatnam,3.68,Business,2022-09-07,7.25,Suspended
8567,Best Enterprises,Indore,3.39,Brand,2022-09-07,6.46,Active
8568,Beta Retail,Chennai,3.06,Individual,2022-09-07,2.44,Inactive
8569,Flash Plaza,Hyderabad,3.78,Individual,2022-09-07,2.43,Active
8570,Star Electronics,Hyderabad,4.21,Individual,2022-09-07,7.86,Inactive
8571,Easy Outlet,Gurugram,2.75,Individual,2022-09-07,4.95,Active
8572,Galaxy Outlet,Hyderabad,3.98,Business,2022-09-07,18.09,Active
8573,Quick Deals,Hyderabad,4.77,Business,2022-09-07,15.48,Active
8574,Peak Retail,Gurugram,4.76,Brand,2022-09-07,15.79,Active
8575,Flash Zone,Delhi,3.47,Business,2022-09-07,16.77,Active
8576,Zen Gallery,Delhi,4.69,Individual,2021-03-11,12.99,Active
8577,Flash Enterprises,Mumbai,2.68,Business,2023-08-01,19.84,Inactive
8578,Star Zone,Noida,4.77,Individual,2022-09-07,16.76,Inactive
8579,Quick Retail,Gurugram,4.81,Brand,2022-09-07,9.22,Active
8580,Smart Electronics,Chennai,3.59,Brand,2022-09-07,21.71,Active
8581,Quick Retail,Thiruvananthapuram,4.34,Individual,2022-09-07,14.24,Active
8582,Zen Gallery,Bangalore,4.65,Business,2022-09-07,8.85,Active
8583,Flash Shoppe,Gurugram,4.9,Brand,2022-09-07,15.14,Suspended
8584,Prime Gallery,Kolkata,3.12,Individual,2022-09-07,7.45,Active
8585,Prime Point,Mumbai,4.23,Business,2022-09-07,16.06,Active
8586,Star Zone,Visakhapatnam,2.67,Brand,2022-09-07,5.32,Active
8587,Zen Traders,Bangalore,4.0,Individual,2021-10-05,11.28,Active
8588,Apex Traders,Lucknow,3.12,Individual,2024-07-08,13.28,Active
8589,Prime Enterprises,Noida,4.2,Individual,2022-06-11,10.9,Active
8590,Royal Shoppe,Gurugram,3.52,Individual,2022-09-07,8.93,Active
8591,Apex Traders,Pune,4.24,Business,2022-09-07,12.24,Inactive
8592,Apex World,Bangalore,2.59,Business,2020-04-10,5.49,Active
8593,Smart Bazaar,Indore,2.76,Brand,2022-09-07,16.85,Active
8594,Smart Electronics,Kolkata,3.55,Brand,2022-09-07,19.07,Suspended
8595,Alpha Gallery,Chennai,4.65,Business,2022-09-07,7.72,Active
8596,Easy Retail,Thiruvananthapuram,4.61,Individual,2021-06-02,21.32,Active
8597,Prime Enterprises,Indore,3.18,Brand,2022-09-07,5.37,Active
8598,Galaxy Depot,Chennai,4.13,Business,2024-08-02,9.5,Active
8599,Quick Enterprises,Mumbai,4.06,Business,2022-09-07,14.38,Active
8600,Peak Mart,Bangalore,2.92,Individual,2023-03-09,19.11,Active
8601,Beta Commerce,Gurugram,4.39,Individual,2022-09-07,13.42,Active
8602,Smart Store,Gurugram,3.88,Business,2024-03-01,3.07,Active
8603,Quick Shoppe,Mumbai,4.34,Brand,2021-07-06,13.06,Active
8604,Galaxy Outlet,Gurugram,3.22,Individual,2022-09-07,4.62,Active
8605,Sun Fashion,Lucknow,3.58,Individual,2022-09-07,12.47,Active
8606,Beta Mart,Mumbai,4.45,Individual,2022-09-07,2.47,Active
8607,Peak Gallery,Bangalore,4.01,Individual,2022-09-07,21.06,Active
8608,Zen Hub,Pune,4.45,Individual,2020-10-07,12.35,Active
8609,Flash Outlet,Ahmedabad,2.86,Brand,2021-03-06,20.36,Suspended
8610,Prime Outlet,Delhi,4.98,Brand,2022-09-07,6.14,Active
8611,Easy Zone,Gurugram,2.83,Individual,2022-09-07,8.19,Active
8612,Galaxy Mart,Thiruvananthapuram,4.33,Business,2022-09-07,18.69,Active
8613,Alpha Hub,Hyderabad,3.38,Business,2022-09-07,14.68,Active
8614,Peak Electronics,Ahmedabad,4.87,Business,2023-11-01,9.03,Active
8615,Prime Retail,Chennai,4.6,Business,2024-08-12,16.91,Active
8616,Peak Bazaar,Chennai,4.7,Brand,2022-09-07,8.97,Active
8617,Flash World,Gurugram,4.37,Business,2022-09-07,3.3,Active
8618,Sky Mart,Lucknow,3.51,Brand,2022-09-07,19.77,Active
8619,Star Hub,Noida,3.17,Business,2022-09-07,3.46,Active
8620,Mega World,Delhi,2.52,Individual,2024-02-03,15.41,Inactive
8621,Alpha Electronics,Gurugram,2.65,Business,2022-09-07,16.62,Active
8622,Sky Enterprises,Mumbai,3.93,Brand,2020-05-09,11.28,Inactive
8623,Galaxy Deals,Jaipur,4.55,Business,2022-09-07,18.47,Active
8624,Sky Emporium,Kolkata,2.52,Business,2022-09-07,20.97,Inactive
8625,Peak Bazaar,Lucknow,2.6,Business,2022-09-07,11.82,Active
8626,Prime Enterprises,Noida,2.71,Individual,2022-09-07,13.69,Suspended
8627,Mega Depot,Kolkata,3.27,Individual,2022-09-07,14.96,Active
8628,Easy World,Mumbai,3.44,Business,2021-03-08,15.79,Active
8629,Star Fashion,Chennai,4.7,Brand,2022-09-07,20.12,Active
8630,Star Point,Kolkata,3.76,Business,2020-09-03,11.52,Active
8631,Mega Mart,Gurugram,4.09,Business,2022-09-07,21.91,Active
8632,Royal Plaza,Gurugram,2.85,Individual,2022-09-07,20.7,Inactive
8633,Mega Commerce,Lucknow,4.73,Individual,2022-09-08,5.6,Active
8634,Beta Traders,Noida,3.65,Brand,2024-07-03,5.21,Active
8635,Apex Traders,Gurugram,4.76,Brand,2022-09-07,10.02,Active
8636,Quick Zone,Mumbai,3.26,Individual,2022-09-07,5.59,Active
8637,Alpha Enterprises,Bangalore,3.41,Brand,2022-09-07,7.49,Active
8638,Super Shoppe,Pune,3.52,Business,2022-09-07,15.27,Active
8639,Royal Deals,Mumbai,4.62,Business,2022-09-07,17.45,Inactive
8640,Quick Traders,Kolkata,4.71,Business,2022-11-11,6.66,Active
8641,Galaxy Store,Ahmedabad,2.54,Business,2024-09-07,11.51,Active
8642,Star Mart,Indore,3.02,Brand,2024-04-12,8.95,Active
8643,Galaxy Retail,Hyderabad,4.01,Individual,2021-09-06,4.61,Active
8644,Quick Zone,Pune,2.75,Business,2021-04-02,2.69,Active
8645,Apex Point,Bangalore,4.47,Individual,2024-09-07,2.36,Active
8646,Apex Shoppe,Hyderabad,4.67,Brand,2022-09-07,1.92,Inactive
8647,Super Zone,Jaipur,4.51,Individual,2022-09-07,2.07,Active
8648,Apex Electronics,Noida,2.75,Individual,2022-09-07,2.23,Active
8649,Smart Enterprises,Chennai,4.06,Individual,2020-02-07,1.68,Active
8650,Bright Enterprises,Gurugram,4.37,Business,2022-09-07,1.96,Inactive
8651,Nova Mart,Bangalore,4.04,Individual,2022-05-11,13.22,Active
8652,Zen Depot,Bangalore,4.07,Business,2022-09-07,12.13,Active
8653,Royal Shoppe,Indore,3.76,Business,2024-06-04,5.76,Active
8654,Apex Electronics,Chennai,4.04,Individual,2025-04-01,13.51,Active
8655,Nova World,Gurugram,2.99,Individual,2022-05-07,12.75,Inactive
8656,Royal Zone,Ahmedabad,3.87,Business,2022-09-07,4.56,Inactive
8657,Smart Mart,Hyderabad,2.91,Business,2022-09-07,9.07,Active
8658,Super Emporium,Ahmedabad,3.47,Brand,2022-09-07,15.49,Inactive
8659,Super Mart,Mumbai,4.6,Brand,2022-06-03,11.28,Active
8660,Flash World,Delhi,3.03,Individual,2023-07-01,13.14,Inactive
8661,Flash Traders,Mumbai,2.77,Brand,2020-01-06,7.64,Active
8662,Super Traders,Jaipur,4.52,Business,2022-09-07,17.68,Inactive
8663,Sun Retail,Chennai,2.51,Individual,2024-07-04,11.47,Active
8664,Bright Depot,Kolkata,4.64,Business,2023-04-02,16.63,Active
8665,Peak Traders,Thiruvananthapuram,4.52,Business,2022-09-07,11.64,Active
8666,Nova Fashion,Gurugram,2.9,Individual,2022-09-07,10.14,Active
8667,Quick Bazaar,Visakhapatnam,3.4,Individual,2022-09-07,11.5,Active
8668,Quick Outlet,Ahmedabad,3.7,Individual,2022-09-07,21.55,Suspended
8669,Zen Zone,Indore,4.62,Brand,2022-09-07,12.82,Suspended
8670,Nova Depot,Delhi,2.96,Business,2020-03-04,10.0,Active
8671,Nova Hub,Pune,4.27,Individual,2022-09-07,9.42,Active
8672,Sun Mart,Chennai,3.76,Individual,2025-08-01,1.63,Inactive
8673,Flash Deals,Noida,4.23,Brand,2022-09-07,15.43,Active
8674,Star Outlet,Hyderabad,4.89,Brand,2022-09-07,17.31,Suspended
8675,Mega Bazaar,Jaipur,3.99,Brand,2021-06-12,10.16,Suspended
8676,Alpha Point,Chennai,4.61,Individual,2022-09-07,10.56,Active
8677,Royal Store,Delhi,2.77,Business,2022-09-07,11.29,Suspended
8678,Prime Bazaar,Gurugram,4.04,Individual,2021-03-07,9.49,Active
8679,Royal Enterprises,Gurugram,3.96,Individual,2022-09-07,9.68,Active
8680,Peak Electronics,Thiruvananthapuram,4.2,Brand,2020-04-05,1.53,Active
8681,Alpha Hub,Pune,2.99,Individual,2021-02-12,20.77,Active
8682,Royal Bazaar,Delhi,3.2,Brand,2024-02-11,4.36,Active
8683,Alpha Electronics,Kolkata,3.49,Individual,2022-09-07,13.93,Active
8684,Mega Enterprises,Noida,3.06,Individual,2024-01-04,12.36,Inactive
8685,Prime Deals,Ahmedabad,4.94,Business,2022-09-07,16.09,Active
8686,Royal Emporium,Chennai,3.39,Business,2022-09-07,13.31,Suspended
8687,Flash Shoppe,Gurugram,4.37,Brand,2022-09-07,4.56,Active
8688,Prime Gallery,Indore,2.62,Individual,2022-09-07,20.83,Active
8689,Beta World,Kolkata,3.96,Individual,2022-09-07,4.64,Active
8690,Galaxy Fashion,Bangalore,4.51,Brand,2022-09-07,16.32,Active
8691,Beta Point,Kolkata,3.89,Brand,2021-02-03,16.86,Inactive
8692,Best Point,Delhi,2.83,Individual,2023-01-03,12.31,Active
8693,Quick World,Thiruvananthapuram,3.61,Business,2021-03-10,13.85,Active
8694,Prime Mart,Visakhapatnam,2.69,Business,2022-09-07,20.03,Active
8695,Quick Traders,Thiruvananthapuram,4.06,Business,2021-05-01,2.6,Active
8696,Easy Deals,Hyderabad,3.19,Brand,2022-07-11,9.37,Inactive
8697,Star Electronics,Hyderabad,4.52,Individual,2022-09-07,16.58,Active
8698,Star World,Delhi,2.66,Individual,2025-06-07,6.69,Active
8699,Sky Enterprises,Ahmedabad,3.79,Individual,2022-02-08,6.48,Active
8700,Quick Mart,Pune,3.09,Business,2022-09-07,20.57,Active
8701,Alpha Zone,Visakhapatnam,3.58,Brand,2021-10-02,19.49,Active
8702,Peak Bazaar,Bangalore,4.86,Business,2022-09-07,21.16,Inactive
8703,Mega Depot,Bangalore,3.83,Business,2024-05-05,10.18,Active
8704,Royal Electronics,Lucknow,2.81,Individual,2022-09-07,19.11,Active
8705,Super Traders,Hyderabad,2.9,Business,2022-09-07,4.85,Active
8706,Nova Store,Lucknow,3.88,Brand,2024-08-12,1.27,Active
8707,Royal Point,Pune,3.93,Brand,2022-09-07,9.77,Suspended
8708,Beta Mart,Mumbai,4.58,Brand,2023-04-04,5.08,Inactive
8709,Beta Electronics,Kolkata,4.34,Individual,2022-09-07,12.31,Active
8710,Zen Traders,Kolkata,4.63,Business,2022-09-07,4.01,Active
8711,Nova World,Thiruvananthapuram,3.54,Business,2022-11-06,9.21,Active
8712,Prime Traders,Noida,3.0,Business,2022-09-07,19.01,Active
8713,Smart Bazaar,Ahmedabad,4.04,Individual,2022-10-06,20.71,Active
8714,Quick Zone,Jaipur,2.95,Individual,2022-07-12,20.97,Suspended
8715,Apex Hub,Kolkata,4.06,Individual,2022-09-07,10.94,Active
8716,Alpha Electronics,Indore,4.05,Individual,2022-09-07,19.53,Active
8717,Best World,Pune,2.92,Business,2022-09-07,11.52,Active
8718,Sky Electronics,Indore,3.84,Business,2024-07-04,12.75,Suspended
8719,Royal Hub,Jaipur,2.66,Business,2023-04-05,11.52,Inactive
8720,Bright World,Hyderabad,3.09,Business,2024-06-09,13.21,Active
8721,Quick Bazaar,Visakhapatnam,4.09,Business,2022-09-07,20.04,Active
8722,Beta Deals,Pune,3.63,Brand,2024-04-12,19.82,Active
8723,Nova Point,Thiruvananthapuram,4.91,Business,2024-11-12,11.91,Suspended
8724,Sky Fashion,Delhi,4.81,Brand,2022-09-07,7.47,Active
8725,Peak Deals,Noida,4.38,Business,2022-09-07,6.21,Active
8726,Flash Point,Hyderabad,3.6,Brand,2022-09-07,19.64,Active
8727,Royal Store,Thiruvananthapuram,4.78,Brand,2023-12-06,11.75,Active
8728,Mega Hub,Bangalore,4.52,Business,2022-09-07,5.29,Active
8729,Flash Plaza,Chennai,4.97,Brand,2022-09-07,7.78,Active
8730,Best Gallery,Indore,3.64,Brand,2022-09-07,17.06,Active
8731,Zen Electronics,Noida,2.65,Brand,2022-09-07,15.2,Active
8732,Sky Gallery,Indore,4.04,Business,2023-03-01,11.3,Active
8733,Mega Hub,Noida,3.64,Individual,2022-09-07,7.47,Active
8734,Best Store,Jaipur,3.84,Individual,2022-09-07,17.19,Active
8735,Sun Electronics,Bangalore,4.03,Individual,2022-09-07,2.33,Active
8736,Smart Electronics,Kolkata,4.9,Business,2022-09-07,6.84,Inactive
8737,Star Traders,Chennai,3.68,Individual,2022-09-07,14.46,Active
8738,Mega Depot,Gurugram,4.8,Business,2021-01-06,13.2,Active
8739,Flash Traders,Noida,4.44,Individual,2023-11-05,9.66,Active
8740,Beta Hub,Ahmedabad,3.79,Business,2022-09-07,9.44,Active
8741,Apex Shoppe,Indore,4.58,Business,2020-02-03,1.4,Active
8742,Sky Retail,Delhi,3.67,Individual,2022-09-07,15.39,Inactive
8743,Nova Enterprises,Visakhapatnam,2.83,Business,2022-09-07,14.12,Active
8744,Royal Bazaar,Thiruvananthapuram,3.2,Brand,2022-09-07,4.86,Active
8745,Bright Electronics,Mumbai,3.24,Business,2021-02-09,19.42,Active
8746,Sky Traders,Delhi,3.65,Individual,2025-05-02,10.48,Inactive
8747,Beta Point,Ahmedabad,2.5,Business,2022-07-02,18.73,Active
8748,Super Commerce,Gurugram,3.75,Business,2022-09-07,17.36,Active
8749,Easy Deals,Lucknow,4.75,Individual,2022-09-07,10.49,Active
8750,Quick Deals,Noida,3.08,Business,2022-07-08,14.12,Active
8751,Galaxy Mart,Lucknow,3.71,Individual,2022-09-07,16.72,Active
8752,Flash Deals,Hyderabad,2.82,Business,2022-09-07,12.95,Active
8753,Super Deals,Kolkata,4.87,Individual,2022-09-07,17.61,Active
8754,Mega Shoppe,Indore,3.89,Business,2023-05-06,20.24,Active
8755,Easy World,Mumbai,4.67,Business,2022-09-07,5.2,Active
8756,Sun Traders,Delhi,2.57,Business,2020-11-04,14.82,Active
8757,Sun Traders,Lucknow,4.15,Individual,2024-06-02,2.49,Active
8758,Flash Gallery,Delhi,4.61,Individual,2023-09-06,14.53,Active
8759,Royal Mart,Mumbai,4.92,Individual,2021-09-01,18.46,Active
8760,Apex Bazaar,Gurugram,4.86,Business,2022-09-07,12.94,Suspended
8761,Beta Commerce,Delhi,2.71,Individual,2022-09-07,9.58,Active
8762,Sky Retail,Delhi,4.13,Business,2022-09-07,1.14,Active
8763,Bright World,Delhi,4.91,Business,2022-09-07,9.5,Active
8764,Bright Hub,Pune,4.93,Business,2022-09-07,14.93,Active
8765,Mega Plaza,Kolkata,2.68,Business,2021-06-03,4.99,Inactive
8766,Best World,Lucknow,2.5,Business,2022-09-07,12.23,Suspended
8767,Mega Traders,Gurugram,4.59,Individual,2022-09-07,17.51,Active
8768,Peak Commerce,Jaipur,4.14,Business,2020-09-06,9.05,Active
8769,Galaxy Shoppe,Gurugram,3.37,Brand,2024-12-07,19.8,Active
8770,Sun Deals,Noida,2.79,Business,2024-08-08,2.06,Active
8771,Alpha Zone,Lucknow,3.19,Brand,2022-09-07,15.95,Active
8772,Peak Electronics,Kolkata,4.42,Brand,2022-09-07,8.81,Active
8773,Quick Electronics,Chennai,2.88,Business,2022-09-07,19.93,Active
8774,Sun Hub,Jaipur,4.3,Individual,2022-09-07,10.84,Active
8775,Flash Fashion,Indore,2.61,Business,2022-09-07,1.89,Active
8776,Prime Plaza,Pune,4.31,Individual,2022-09-07,2.66,Inactive
8777,Star Deals,Pune,3.19,Individual,2022-09-07,6.06,Active
8778,Nova Fashion,Visakhapatnam,4.18,Individual,2021-07-04,11.28,Active
8779,Quick Zone,Jaipur,2.64,Individual,2024-01-05,14.45,Active
8780,Galaxy Zone,Pune,3.93,Business,2022-12-05,11.2,Active
8781,Apex Store,Jaipur,3.76,Individual,2022-09-07,16.54,Active
8782,Bright Shoppe,Mumbai,3.47,Business,2022-09-07,5.97,Active
8783,Alpha Commerce,Jaipur,4.1,Business,2022-09-07,13.34,Active
8784,Beta Gallery,Delhi,4.35,Individual,2020-04-10,6.51,Active
8785,Zen Commerce,Jaipur,3.08,Business,2022-09-07,1.87,Active
8786,Beta Mart,Visakhapatnam,4.54,Business,2022-09-07,6.74,Active
8787,Beta Retail,Chennai,3.2,Business,2022-09-07,12.71,Active
8788,Peak Plaza,Ahmedabad,3.03,Brand,2024-09-04,21.59,Active
8789,Super Mart,Kolkata,3.29,Individual,2022-09-07,18.03,Active
8790,Apex Electronics,Lucknow,4.1,Individual,2022-11-04,5.13,Active
8791,Flash Commerce,Bangalore,4.2,Individual,2022-09-07,2.89,Active
8792,Apex Fashion,Visakhapatnam,3.43,Business,2021-04-03,7.85,Active
8793,Nova World,Bangalore,4.2,Business,2022-09-07,2.14,Active
8794,Galaxy Depot,Chennai,4.91,Brand,2022-08-04,10.02,Active
8795,Easy Hub,Jaipur,3.16,Business,2022-09-07,8.86,Suspended
8796,Easy Outlet,Gurugram,3.86,Individual,2023-08-08,4.9,Active
8797,Bright Point,Indore,4.23,Business,2022-09-07,5.42,Active
8798,Quick Fashion,Chennai,3.31,Brand,2022-09-07,21.25,Inactive
8799,Royal World,Visakhapatnam,4.05,Individual,2022-09-07,14.69,Active
8800,Royal Electronics,Lucknow,2.5,Individual,2024-07-04,11.84,Active
8801,Best Outlet,Kolkata,2.87,Brand,2022-09-07,7.74,Inactive
8802,Mega Mart,Mumbai,3.61,Brand,2022-09-07,12.57,Active
8803,Nova Zone,Noida,2.96,Brand,2022-09-07,20.19,Active
8804,Smart Hub,Hyderabad,3.77,Business,2022-02-04,16.33,Inactive
8805,Alpha Hub,Mumbai,4.49,Business,2023-01-07,7.39,Active
8806,Beta Outlet,Lucknow,2.83,Individual,2022-09-07,10.94,Active
8807,Apex Emporium,Bangalore,2.51,Brand,2022-09-07,6.15,Inactive
8808,Super Deals,Gurugram,3.53,Business,2021-01-07,11.2,Active
8809,Smart Gallery,Kolkata,4.37,Brand,2022-09-07,17.58,Inactive
8810,Flash Bazaar,Jaipur,3.29,Individual,2023-08-05,14.9,Active
8811,Apex Zone,Delhi,4.94,Business,2022-09-07,16.09,Active
8812,Peak Traders,Thiruvananthapuram,4.04,Business,2022-09-07,15.7,Active
8813,Royal Mart,Indore,3.83,Business,2021-06-09,19.68,Active
8814,Zen Depot,Pune,4.44,Individual,2022-09-07,12.04,Active
8815,Mega Shoppe,Lucknow,3.81,Individual,2024-06-02,16.19,Active
8816,Best Emporium,Kolkata,4.93,Business,2022-09-07,11.82,Active
8817,Sky Deals,Ahmedabad,4.93,Brand,2022-09-07,9.29,Inactive
8818,Beta Gallery,Hyderabad,3.76,Business,2022-09-07,15.37,Active
8819,Bright Depot,Bangalore,4.4,Business,2022-09-07,11.28,Active
8820,Mega Depot,Hyderabad,4.64,Individual,2022-09-07,8.41,Active
8821,Quick Zone,Gurugram,4.03,Individual,2022-09-07,5.24,Inactive
8822,Apex Electronics,Noida,4.55,Brand,2022-09-07,6.15,Inactive
8823,Best World,Noida,3.53,Brand,2021-12-11,12.35,Active
8824,Sun World,Noida,3.95,Business,2022-09-07,10.99,Inactive
8825,Sky Outlet,Lucknow,2.88,Individual,2022-08-03,12.06,Inactive
8826,Zen Hub,Gurugram,4.23,Business,2022-09-07,11.46,Active
8827,Quick Electronics,Kolkata,4.4,Business,2022-09-07,6.27,Inactive
8828,Beta Point,Bangalore,4.0,Business,2022-09-07,19.29,Inactive
8829,Star Fashion,Kolkata,4.16,Business,2022-09-07,8.67,Active
8830,Galaxy Depot,Jaipur,4.77,Individual,2020-08-01,16.85,Active
8831,Flash Deals,Gurugram,2.77,Individual,2022-09-07,21.39,Suspended
8832,Super Shoppe,Kolkata,2.91,Business,2022-09-07,3.07,Active
8833,Alpha Deals,Indore,4.14,Brand,2022-09-07,18.05,Inactive
8834,Galaxy Emporium,Delhi,2.87,Business,2022-09-07,9.7,Inactive
8835,Apex Mart,Visakhapatnam,3.05,Business,2022-09-07,1.57,Active
8836,Bright Gallery,Jaipur,4.41,Brand,2022-09-07,12.39,Active
8837,Peak World,Visakhapatnam,4.26,Brand,2022-11-05,7.59,Active
8838,Peak Shoppe,Mumbai,4.37,Individual,2023-09-04,11.38,Active
8839,Super Depot,Gurugram,3.48,Business,2022-01-11,11.75,Active
8840,Star Electronics,Hyderabad,3.09,Individual,2022-09-07,17.51,Active
8841,Mega Traders,Gurugram,2.89,Brand,2022-07-12,18.79,Active
8842,Star Electronics,Gurugram,3.5,Brand,2023-05-05,3.49,Active
8843,Bright Mart,Delhi,4.02,Individual,2022-09-07,20.52,Active
8844,Zen Fashion,Bangalore,3.73,Business,2022-09-07,16.32,Active
8845,Mega Commerce,Mumbai,3.61,Brand,2022-09-07,19.87,Active
8846,Mega Fashion,Gurugram,4.19,Individual,2020-10-07,13.98,Suspended
8847,Flash World,Lucknow,3.28,Business,2020-02-08,7.54,Active
8848,Beta Enterprises,Thiruvananthapuram,4.12,Individual,2022-09-07,10.32,Suspended
8849,Peak Plaza,Mumbai,3.59,Business,2023-06-01,19.53,Active
8850,Quick Commerce,Lucknow,4.94,Business,2022-09-07,5.87,Suspended
8851,Apex Zone,Pune,4.84,Business,2024-02-04,14.9,Active
8852,Bright Commerce,Thiruvananthapuram,4.78,Brand,2022-09-07,9.26,Suspended
8853,Beta Mart,Pune,3.42,Business,2020-01-12,5.76,Active
8854,Super Traders,Ahmedabad,3.84,Brand,2022-09-07,20.12,Inactive
8855,Bright World,Jaipur,4.36,Business,2022-09-07,14.17,Active
8856,Sun Enterprises,Gurugram,2.53,Individual,2022-09-07,9.49,Active
8857,Best Enterprises,Gurugram,3.18,Brand,2022-09-07,6.36,Suspended
8858,Zen Zone,Delhi,4.3,Business,2022-09-07,6.07,Active
8859,Star Bazaar,Ahmedabad,4.83,Brand,2022-09-07,18.2,Inactive
8860,Apex Deals,Pune,3.44,Business,2022-09-07,16.68,Active
8861,Beta Mart,Indore,4.2,Individual,2022-09-07,2.52,Suspended
8862,Apex Shoppe,Hyderabad,4.04,Business,2022-09-07,7.88,Active
8863,Nova Enterprises,Mumbai,3.03,Business,2022-09-07,9.3,Inactive
8864,Star Deals,Pune,3.12,Business,2022-09-07,17.43,Inactive
8865,Nova Plaza,Bangalore,2.89,Brand,2022-08-02,6.52,Active
8866,Alpha Hub,Gurugram,3.76,Brand,2021-04-12,16.16,Active
8867,Quick Zone,Lucknow,3.5,Business,2023-02-01,1.02,Active
8868,Easy Traders,Bangalore,4.33,Business,2022-09-07,18.42,Active
8869,Quick Gallery,Chennai,4.56,Individual,2022-09-07,13.25,Active
8870,Apex Bazaar,Noida,3.82,Individual,2022-09-07,12.25,Active
8871,Smart Gallery,Pune,3.13,Business,2022-09-07,20.85,Inactive
8872,Galaxy Shoppe,Mumbai,3.51,Business,2022-09-07,10.54,Active
8873,Alpha Mart,Indore,2.99,Brand,2022-01-02,4.76,Active
8874,Beta Fashion,Mumbai,3.76,Brand,2022-09-07,20.11,Active
8875,Star Store,Pune,4.47,Business,2022-09-07,2.58,Active
8876,Star Electronics,Indore,4.73,Brand,2022-09-07,18.91,Active
8877,Mega Point,Kolkata,4.16,Business,2023-03-09,21.18,Suspended
8878,Galaxy Enterprises,Lucknow,3.02,Individual,2023-07-08,4.81,Active
8879,Smart Store,Kolkata,4.58,Business,2022-09-07,4.9,Suspended
8880,Best Plaza,Gurugram,3.16,Business,2021-02-07,2.14,Active
8881,Easy Bazaar,Ahmedabad,4.06,Individual,2022-09-07,14.38,Active
8882,Easy Commerce,Gurugram,4.22,Brand,2022-07-04,7.98,Active
8883,Nova Store,Noida,3.78,Business,2021-06-09,10.93,Active
8884,Nova Gallery,Delhi,3.6,Individual,2022-09-07,16.11,Active
8885,Peak Gallery,Jaipur,2.82,Brand,2023-03-02,16.71,Active
8886,Nova Outlet,Delhi,3.35,Business,2024-03-11,20.61,Suspended
8887,Peak Point,Noida,3.22,Business,2022-09-07,13.13,Active
8888,Peak Mart,Visakhapatnam,3.09,Individual,2022-09-07,2.62,Inactive
8889,Flash Traders,Thiruvananthapuram,4.14,Individual,2022-09-07,17.93,Active
8890,Bright Store,Gurugram,2.74,Business,2022-09-07,19.98,Inactive
8891,Nova World,Pune,2.81,Brand,2022-09-07,17.44,Active
8892,Quick Mart,Indore,3.47,Business,2022-10-04,18.13,Active
8893,Sky Gallery,Gurugram,3.49,Business,2022-09-07,15.02,Active
8894,Nova Zone,Pune,3.63,Business,2022-09-07,5.59,Active
8895,Prime Deals,Bangalore,3.93,Brand,2022-09-07,6.71,Suspended
8896,Galaxy Hub,Lucknow,3.04,Business,2022-09-07,5.31,Active
8897,Prime Zone,Kolkata,4.23,Individual,2022-09-07,11.37,Active
8898,Quick Shoppe,Gurugram,3.21,Business,2023-08-09,1.52,Active
8899,Royal Fashion,Chennai,3.54,Individual,2022-09-07,1.69,Inactive
8900,Sun Fashion,Delhi,4.61,Business,2024-01-03,7.35,Active
8901,Beta Hub,Pune,4.24,Brand,2022-09-07,20.49,Inactive
8902,Nova Fashion,Gurugram,4.64,Brand,2022-09-07,3.84,Active
8903,Best Electronics,Lucknow,3.76,Business,2024-02-07,7.08,Inactive
8904,Zen Zone,Thiruvananthapuram,4.24,Business,2022-12-06,11.71,Active
8905,Apex Hub,Noida,4.91,Business,2021-09-09,3.34,Active
8906,Sky Zone,Ahmedabad,3.37,Individual,2021-01-05,8.05,Active
8907,Apex Store,Hyderabad,4.54,Brand,2022-09-07,11.43,Active
8908,Star Commerce,Jaipur,4.84,Business,2022-09-07,11.93,Active
8909,Nova Plaza,Kolkata,3.99,Individual,2020-05-08,14.2,Active
8910,Super Deals,Bangalore,3.24,Brand,2022-07-07,2.81,Active
8911,Super Deals,Lucknow,2.52,Individual,2022-09-07,14.73,Inactive
8912,Alpha Deals,Hyderabad,3.15,Business,2024-12-05,11.28,Inactive
8913,Apex Shoppe,Ahmedabad,4.93,Business,2023-03-01,10.91,Active
8914,Prime Enterprises,Gurugram,2.85,Individual,2022-09-07,6.96,Active
8915,Star Depot,Kolkata,3.76,Brand,2023-09-02,13.71,Active
8916,Prime Enterprises,Bangalore,4.57,Business,2022-09-07,20.82,Active
8917,Flash Gallery,Gurugram,4.82,Business,2022-09-07,21.09,Active
8918,Zen Depot,Delhi,2.54,Individual,2022-09-07,20.11,Active
8919,Best Traders,Indore,4.47,Individual,2022-09-07,7.05,Inactive
8920,Best Mart,Delhi,3.77,Business,2022-09-07,16.88,Inactive
8921,Alpha Point,Kolkata,4.17,Brand,2022-09-07,16.09,Inactive
8922,Easy Deals,Mumbai,3.33,Business,2022-06-10,13.44,Suspended
8923,Peak World,Thiruvananthapuram,4.59,Business,2022-09-07,7.26,Active
8924,Alpha Electronics,Jaipur,3.33,Individual,2022-09-07,10.33,Active
8925,Star Emporium,Thiruvananthapuram,4.16,Business,2023-04-02,8.51,Active
8926,Smart Outlet,Kolkata,4.1,Business,2021-09-09,18.58,Active
8927,Alpha Shoppe,Delhi,2.85,Individual,2025-03-05,6.75,Active
8928,Prime Retail,Indore,2.77,Business,2022-09-07,13.28,Active
8929,Bright Gallery,Mumbai,2.91,Individual,2024-11-04,14.8,Active
8930,Sun Zone,Thiruvananthapuram,2.71,Business,2020-12-10,5.75,Inactive
8931,Star Plaza,Delhi,4.23,Business,2022-09-07,20.98,Inactive
8932,Alpha Zone,Visakhapatnam,4.42,Business,2021-08-05,19.9,Active
8933,Alpha Deals,Delhi,4.38,Individual,2022-09-07,11.5,Inactive
8934,Super Electronics,Mumbai,4.18,Business,2023-09-08,8.85,Active
8935,Galaxy Plaza,Mumbai,2.96,Business,2022-09-07,4.87,Suspended
8936,Quick Outlet,Jaipur,4.92,Brand,2023-01-04,18.05,Active
8937,Super Hub,Noida,3.46,Business,2022-09-07,2.58,Active
8938,Best Point,Gurugram,4.04,Business,2022-09-07,20.16,Active
8939,Bright Bazaar,Jaipur,2.65,Business,2025-09-01,2.4,Active
8940,Peak Traders,Ahmedabad,3.87,Individual,2022-09-07,4.27,Active
8941,Nova Outlet,Ahmedabad,2.56,Business,2022-09-07,6.17,Suspended
8942,Prime Shoppe,Delhi,2.85,Business,2021-05-08,8.72,Active
8943,Galaxy Zone,Kolkata,2.55,Brand,2022-09-07,17.23,Suspended
8944,Sky Mart,Jaipur,3.02,Business,2023-11-09,18.88,Active
8945,Bright Shoppe,Pune,3.88,Business,2021-02-12,19.53,Active
8946,Flash Mart,Pune,4.17,Business,2022-09-07,9.99,Active
8947,Easy Commerce,Delhi,4.98,Business,2024-12-07,11.27,Active
8948,Mega Deals,Hyderabad,3.6,Business,2020-03-12,17.85,Active
8949,Prime Electronics,Ahmedabad,2.51,Individual,2023-08-03,9.04,Inactive
8950,Star Fashion,Gurugram,3.62,Business,2023-08-05,16.53,Active
8951,Sky Hub,Thiruvananthapuram,2.85,Individual,2022-09-07,14.79,Active
8952,Smart Zone,Visakhapatnam,4.64,Brand,2024-03-02,7.02,Active
8953,Sky Emporium,Delhi,4.66,Business,2022-09-07,5.83,Active
8954,Best Emporium,Indore,4.96,Individual,2022-09-07,19.5,Inactive
8955,Quick Retail,Thiruvananthapuram,3.5,Individual,2021-07-02,5.61,Inactive
8956,Flash Bazaar,Pune,2.85,Individual,2024-09-08,2.03,Active
8957,Best Depot,Delhi,3.13,Business,2022-09-07,5.46,Active
8958,Nova Electronics,Chennai,4.94,Business,2022-09-07,2.8,Active
8959,Mega World,Lucknow,4.69,Individual,2022-09-07,6.88,Active
8960,Smart Mart,Bangalore,2.73,Individual,2020-12-04,21.35,Active
8961,Mega Zone,Visakhapatnam,4.75,Individual,2023-08-08,19.43,Active
8962,Flash Gallery,Jaipur,3.21,Individual,2020-05-05,2.34,Inactive
8963,Mega Traders,Indore,3.81,Individual,2022-09-07,7.52,Active
8964,Smart Fashion,Mumbai,3.51,Business,2022-05-07,18.66,Active
8965,Galaxy Plaza,Thiruvananthapuram,4.78,Individual,2022-09-07,14.56,Suspended
8966,Apex Traders,Chennai,3.56,Brand,2022-09-07,13.0,Active
8967,Super Gallery,Chennai,3.0,Business,2022-09-07,19.16,Active
8968,Smart Commerce,Bangalore,2.67,Business,2022-09-07,8.76,Active
8969,Easy Gallery,Gurugram,2.91,Business,2022-09-07,20.01,Active
8970,Beta Traders,Chennai,4.82,Business,2022-09-07,18.11,Active
8971,Flash Retail,Thiruvananthapuram,2.95,Business,2022-09-07,5.66,Active
8972,Beta Store,Indore,4.86,Business,2020-10-01,10.81,Inactive
8973,Peak Gallery,Delhi,4.61,Brand,2021-03-04,16.02,Active
8974,Bright Outlet,Jaipur,2.79,Business,2022-09-07,15.56,Active
8975,Star Electronics,Gurugram,4.77,Individual,2022-09-07,6.85,Active
8976,Bright Hub,Mumbai,4.15,Brand,2022-04-07,2.97,Inactive
8977,Apex Enterprises,Kolkata,2.77,Business,2022-09-07,9.46,Active
8978,Sun Plaza,Hyderabad,3.09,Individual,2020-05-02,8.7,Inactive
8979,Best Mart,Hyderabad,3.41,Business,2022-09-07,18.59,Suspended
8980,Easy Plaza,Gurugram,4.23,Individual,2020-12-04,8.03,Active
8981,Galaxy Retail,Jaipur,2.67,Individual,2022-09-07,1.69,Active
8982,Smart World,Thiruvananthapuram,3.64,Brand,2022-09-07,11.66,Active
8983,Galaxy Plaza,Lucknow,3.68,Individual,2021-11-05,15.93,Active
8984,Nova Zone,Noida,2.56,Business,2022-10-10,18.16,Active
8985,Flash Mart,Chennai,4.65,Individual,2022-09-07,11.28,Suspended
8986,Star Electronics,Ahmedabad,3.26,Brand,2022-09-07,1.51,Active
8987,Star Outlet,Hyderabad,3.01,Business,2022-09-07,5.92,Inactive
8988,Smart Deals,Gurugram,3.0,Individual,2022-09-07,13.38,Active
8989,Easy Traders,Chennai,2.51,Brand,2022-09-07,4.64,Active
8990,Mega World,Chennai,4.0,Brand,2022-09-07,2.04,Active
8991,Zen Bazaar,Noida,3.48,Business,2022-09-07,2.73,Active
8992,Apex Depot,Indore,4.4,Business,2022-09-07,17.15,Inactive
8993,Easy Traders,Indore,2.59,Business,2021-10-03,11.28,Active
8994,Smart Plaza,Chennai,2.85,Brand,2024-09-03,15.01,Active
8995,Apex Commerce,Gurugram,3.51,Business,2024-10-11,11.4,Inactive
8996,Flash Shoppe,Noida,3.09,Individual,2022-09-07,2.84,Inactive
8997,Royal Emporium,Delhi,2.96,Business,2022-09-07,1.24,Active
8998,Nova Traders,Indore,2.97,Business,2022-09-07,11.28,Active
8999,Mega Gallery,Delhi,4.06,Individual,2022-09-07,18.55,Active
9000,Smart Shoppe,Jaipur,3.29,Individual,2022-09-07,17.24,Active
